   0.0000000000000000        0.0000000000000000     
   6.2831853071795862E-004  -1.1304376683510142     
   1.2566370614359172E-003  -2.2592689229188978     
   1.8849555921538756E-003  -3.3848896327230027     
   2.5132741228718345E-003  -4.5057002291418016     
   3.1415926535897933E-003  -5.6201079789883472     
   3.7699111843077513E-003  -6.7265292478710004     
   4.3982297150257105E-003  -7.8233917506246646     
   5.0265482457436689E-003  -8.9091367856140540     
   5.6548667764616273E-003  -9.9822214497335473     
   6.2831853071795866E-003  -11.041120830957636     
   6.9115038378975450E-003  -12.084330175323858     
   7.5398223686155025E-003  -13.110367025270429     
   8.1681408993334609E-003  -14.117773326290234     
   8.7964594300514211E-003  -15.105117498905647     
   9.4247779607693795E-003  -16.070996473020937     
   1.0053096491487338E-002  -17.014037681761884     
   1.0681415022205296E-002  -17.932901011968983     
   1.1309733552923255E-002  -18.826280708570970     
   1.1938052083641213E-002  -19.692907230134317     
   1.2566370614359173E-002  -20.531549052950684     
   1.3194689145077130E-002  -21.341014421100670     
   1.3823007675795090E-002  -22.120153040003316     
   1.4451326206513048E-002  -22.867857711047140     
   1.5079644737231005E-002  -23.583065904981428     
   1.5707963267948967E-002  -24.264761271827364     
   1.6336281798666922E-002  -24.911975085166866     
   1.6964600329384884E-002  -25.523787618756295     
   1.7592918860102842E-002  -26.099329453507597     
   1.8221237390820797E-002  -26.637782712981334     
   1.8849555921538759E-002  -27.138382225631947     
   1.9477874452256717E-002  -27.600416612159268     
   2.0106192982974676E-002  -28.023229296418762     
   2.0734511513692634E-002  -28.406219438449703     
   2.1362830044410593E-002  -28.748842788303811     
   2.1991148575128551E-002  -29.050612459453149     
   2.2619467105846509E-002  -29.311099620682075     
   2.3247785636564471E-002  -29.529934105481228     
   2.3876104167282426E-002  -29.706804938073311     
   2.4504422698000385E-002  -29.841460775327207     
   2.5132741228718346E-002  -29.933710263929761     
   2.5761059759436305E-002  -29.983422312309653     
   2.6389378290154260E-002  -29.990526276926452     
   2.7017696820872222E-002  -29.955012062657467     
   2.7646015351590180E-002  -29.876930137144264     
   2.8274333882308135E-002  -29.756391459076148     
   2.8902652413026097E-002  -29.593567320509852     
   2.9530970943744055E-002  -29.388689103455778     
   3.0159289474462010E-002  -29.142047951071508     
   3.0787608005179972E-002  -28.853994353930368     
   3.1415926535897934E-002  -28.524937651955433     
   3.2044245066615892E-002  -28.155345452725868     
   3.2672563597333844E-002  -27.745742966981148     
   3.3300882128051809E-002  -27.296712262266031     
   3.3929200658769768E-002  -26.808891435781906     
   3.4557519189487719E-002  -26.282973707616833     
   3.5185837720205684E-002  -25.719706435639949     
   3.5814156250923643E-002  -25.119890053465568     
   3.6442474781641594E-002  -24.484376932994994     
   3.7070793312359560E-002  -23.814070173146312     
   3.7699111843077518E-002  -23.109922316503319     
   3.8327430373795476E-002  -22.372933995701079     
   3.8955748904513435E-002  -21.604152511470502     
   3.9584067435231393E-002  -20.804670344367256     
   4.0212385965949352E-002  -19.975623602297496     
   4.0840704496667310E-002  -19.118190406046438     
   4.1469023027385268E-002  -18.233589215103592     
   4.2097341558103227E-002  -17.323077096165513     
   4.2725660088821185E-002  -16.387947936775301     
   4.3353978619539144E-002  -15.429530606637799     
   4.3982297150257102E-002  -14.449187069222727     
   4.4610615680975067E-002  -13.448310446339558     
   4.5238934211693019E-002  -12.428323038436368     
   4.5867252742410977E-002  -11.390674303432670     
   4.6495571273128943E-002  -10.336838796959368     
   4.7123889803846894E-002  -9.2683140769358907     
   4.7752208334564852E-002  -8.1866185754579757     
   4.8380526865282818E-002  -7.0932894410221321     
   4.9008845396000769E-002  -5.9898803541542120     
   4.9637163926718735E-002  -4.8779593195438586     
   5.0265482457436693E-002  -3.7591064378241330     
   5.0893800988154644E-002  -2.6349116601624862     
   5.1522119518872610E-002  -1.5069725288524911     
   5.2150438049590568E-002 -0.37689190711919979     
   5.2778756580308520E-002  0.75372429863718482     
   5.3407075111026485E-002   1.8832694209222907     
   5.4035393641744443E-002   3.0101383143099749     
   5.4663712172462395E-002   4.1327296364418391     
   5.5292030703180360E-002   5.2494481236221997     
   5.5920349233898319E-002   6.3587068577752044     
   5.6548667764616270E-002   7.4589295215425242     
   5.7176986295334235E-002   8.5485526383158525     
   5.7805304826052194E-002   9.6260277940232104     
   5.8433623356770145E-002   10.689823837510591     
   5.9061941887488111E-002   11.738429056390364     
   5.9690260418206069E-002   12.770353325267729     
   6.0318578948924020E-002   13.784130223291353     
   6.0946897479641986E-002   14.778319118016389     
   6.1575216010359944E-002   15.751507212622586     
   6.2203534541077909E-002   16.702311553575591     
   6.2831853071795868E-002   17.629380995879735     
   6.3460171602513812E-002   18.531398123130430     
   6.4088490133231785E-002   19.407081119631890     
   6.4716808663949743E-002   20.255185591929173     
   6.5345127194667688E-002   21.074506337161075     
   6.5973445725385660E-002   21.863879055715572     
   6.6601764256103618E-002   22.622182005765623     
   6.7230082786821563E-002   23.348337597326925     
   6.7858401317539535E-002   24.041313923569078     
   6.8486719848257493E-002   24.700126227212884     
   6.9115038378975438E-002   25.323838299926276     
   6.9743356909693410E-002   25.911563812725277     
   7.0371675440411369E-002   26.462467575495431     
   7.0999993971129313E-002   26.975766723846107     
   7.1628312501847285E-002   27.450731831600518     
   7.2256631032565244E-002   27.886687947349355     
   7.2884949563283188E-002   28.283015553599295     
   7.3513268094001161E-002   28.639151447134708     
   7.4141586624719119E-002   28.954589539361745     
   7.4769905155437077E-002   29.228881575493109     
   7.5398223686155036E-002   29.461637771536022     
   7.6026542216872994E-002   29.652527368198704     
   7.6654860747590953E-002   29.801279100920212     
   7.7283179278308911E-002   29.907681585348495     
   7.7911497809026869E-002   29.971583617730900     
   7.8539816339744828E-002   29.992894389783100     
   7.9168134870462786E-002   29.971583617730854     
   7.9796453401180745E-002   29.907681585348495     
   8.0424771931898703E-002   29.801279100920347     
   8.1053090462616662E-002   29.652527368198751     
   8.1681408993334620E-002   29.461637771535891     
   8.2309727524052578E-002   29.228881575493023     
   8.2938046054770537E-002   28.954589539361834     
   8.3566364585488495E-002   28.639151447134402     
   8.4194683116206454E-002   28.283015553599427     
   8.4823001646924412E-002   27.886687947349667     
   8.5451320177642370E-002   27.450731831600297     
   8.6079638708360329E-002   26.975766723846061     
   8.6707957239078287E-002   26.462467575495499     
   8.7336275769796246E-002   25.911563812724992     
   8.7964594300514204E-002   25.323838299926322     
   8.8592912831232162E-002   24.700126227213545     
   8.9221231361950135E-002   24.041313923568818     
   8.9849549892668079E-002   23.348337597326726     
   9.0477868423386038E-002   22.622182005766064     
   9.1106186954104010E-002   21.863879055715195     
   9.1734505484821954E-002   21.074506337160990     
   9.2362824015539913E-002   20.255185591929560     
   9.2991142546257885E-002   19.407081119631513     
   9.3619461076975830E-002   18.531398123130408     
   9.4247779607693788E-002   17.629380995880332     
   9.4876098138411760E-002   16.702311553575381     
   9.5504416669129705E-002   15.751507212622256     
   9.6132735199847663E-002   14.778319118016539     
   9.6761053730565635E-002   13.784130223291331     
   9.7389372261283580E-002   12.770353325267603     
   9.8017690792001538E-002   11.738429056390286     
   9.8646009322719497E-002   10.689823837510897     
   9.9274327853437469E-002   9.6260277940234342     
   9.9902646384155427E-002   8.5485526383157531     
  0.10053096491487339        7.4589295215423581     
  0.10115928344559133        6.3587068577750472     
  0.10178760197630929        5.2494481236223907     
  0.10241592050702725        4.1327296364419439     
  0.10304423903774522        3.0101383143100451     
  0.10367255756846318        1.8832694209223142     
  0.10430087609918114       0.75372429863704971     
  0.10492919462989908      -0.37689190711923309     
  0.10555751316061704       -1.5069725288525002     
  0.10618583169133500       -2.6349116601624658     
  0.10681415022205297       -3.7591064378241494     
  0.10744246875277093       -4.8779593195437876     
  0.10807078728348889       -5.9898803541541294     
  0.10869910581420683       -7.0932894410219935     
  0.10932742434492479       -8.1866185754581196     
  0.10995574287564278       -9.2683140769361199     
  0.11058406140636072       -10.336838796959144     
  0.11121237993707868       -11.390674303432595     
  0.11184069846779664       -12.428323038436616     
  0.11246901699851460       -13.448310446339205     
  0.11309733552923254       -14.449187069222678     
  0.11372565405995053       -15.429530606638274     
  0.11435397259066847       -16.387947936775134     
  0.11498229112138643       -17.323077096165225     
  0.11561060965210439       -18.233589215103493     
  0.11623892818282235       -19.118190406046295     
  0.11686724671354029       -19.975623602297912     
  0.11749556524425828       -20.804670344367256     
  0.11812388377497622       -21.604152511470105     
  0.11875220230569418       -22.372933995701477     
  0.11938052083641214       -23.109922316503255     
  0.12000883936713010       -23.814070173145627     
  0.12063715789784804       -24.484376932995261     
  0.12126547642856603       -25.119890053466033     
  0.12189379495928397       -25.719706435639797     
  0.12252211349000193       -26.282973707616723     
  0.12315043202071989       -26.808891435781867     
  0.12377875055143785       -27.296712262266382     
  0.12440706908215582       -27.745742966981414     
  0.12503538761287378       -28.155345452726138     
  0.12566370614359174       -28.524937651955256     
  0.12629202467430969       -28.853994353929355     
  0.12692034320502762       -29.142047951071067     
  0.12754866173574558       -29.388689103456400     
  0.12817698026646357       -29.593567320510342     
  0.12880529879718153       -29.756391459076056     
  0.12943361732789949       -29.876930137144306     
  0.13006193585861744       -29.955012062657023     
  0.13069025438933538       -29.990526276925571     
  0.13131857292005333       -29.983422312310271     
  0.13194689145077132       -29.933710263930735     
  0.13257520998148928       -29.841460775327118     
  0.13320352851220724       -29.706804938072874     
  0.13383184704292519       -29.529934105480830     
  0.13446016557364313       -29.311099620681720     
  0.13508848410436108       -29.050612459453369     
  0.13571680263507907       -28.748842788304781     
  0.13634512116579703       -28.406219438449924     
  0.13697343969651499       -28.023229296418275     
  0.13760175822723295       -27.600416612158870     
  0.13823007675795088       -27.138382225631990     
  0.13885839528866886       -26.637782712981686     
  0.13948671381938682       -26.099329453508062     
  0.14011503235010478       -25.523787618756383     
  0.14074335088082274       -24.911975085166361     
  0.14137166941154070       -24.264761271826988     
  0.14199998794225863       -23.583065904981712     
  0.14262830647297661       -22.867857711047407     
  0.14325662500369457       -22.120153040002940     
  0.14388494353441253       -21.341014421100891     
  0.14451326206513049       -20.531549052950815     
  0.14514158059584845       -19.692907230133468     
  0.14576989912656638       -18.826280708571169     
  0.14639821765728436       -17.932901011969680     
  0.14702653618800232       -17.014037681761664     
  0.14765485471872028       -16.070996473021026     
  0.14828317324943824       -15.105117498905836     
  0.14891149178015620       -14.117773326290108     
  0.14953981031087415       -13.110367025270497     
  0.15016812884159211       -12.084330175323831     
  0.15079644737231007       -11.041120830957439     
  0.15142476590302803       -9.9822214497336503     
  0.15205308443374599       -8.9091367856141552     
  0.15268140296446395       -7.8233917506246389     
  0.15330972149518191       -6.7265292478709435     
  0.15393804002589986       -5.6201079789883686     
  0.15456635855661782       -4.5057002291418389     
  0.15519467708733578       -3.3848896327229849     
  0.15582299561805374       -2.2592689229190204     
  0.15645131414877170       -1.1304376683510007     
  0.15707963267948966       -1.1043592643970545E-014
  0.15770795121020761        1.1304376683509787     
  0.15833626974092557        2.2592689229189982     
  0.15896458827164353        3.3848896327229641     
  0.15959290680236149        4.5057002291418176     
  0.16022122533307945        5.6201079789883472     
  0.16084954386379741        6.7265292478709195     
  0.16147786239451536        7.8233917506246184     
  0.16210618092523332        8.9091367856141339     
  0.16273449945595128        9.9822214497336255     
  0.16336281798666924        11.041120830957416     
  0.16399113651738720        12.084330175323814     
  0.16461945504810516        13.110367025270479     
  0.16524777357882312        14.117773326290100     
  0.16587609210954107        15.105117498905809     
  0.16650441064025903        16.070996473020990     
  0.16713272917097699        17.014037681761632     
  0.16776104770169495        17.932901011969225     
  0.16838936623241291        18.826280708571158     
  0.16901768476313087        19.692907230133841     
  0.16964600329384882        20.531549052950830     
  0.17027432182456678        21.341014421100915     
  0.17090264035528474        22.120153040002915     
  0.17153095888600270        22.867857711047385     
  0.17215927741672066        23.583065904981737     
  0.17278759594743862        24.264761271826963     
  0.17341591447815657        24.911975085166336     
  0.17404423300887453        25.523787618756383     
  0.17467255153959249        26.099329453508638     
  0.17530087007031048        26.637782712981025     
  0.17592918860102841        27.138382225631460     
  0.17655750713174637        27.600416612159577     
  0.17718582566246432        28.023229296418144     
  0.17781414419318228        28.406219438450584     
  0.17844246272390027        28.748842788304870     
  0.17907078125461823        29.050612459451912     
  0.17969909978533616        29.311099620681588     
  0.18032741831605412        29.529934105481626     
  0.18095573684677208        29.706804938073002     
  0.18158405537749003        29.841460775327338     
  0.18221237390820802        29.933710263930557     
  0.18284069243892598        29.983422312309298     
  0.18346901096964391        29.990526276925348     
  0.18409732950036187        29.955012062657726     
  0.18472564803107983        29.876930137144662     
  0.18535396656179778        29.756391459076323     
  0.18598228509251577        29.593567320510779     
  0.18661060362323373        29.388689103455427     
  0.18723892215395166        29.142047951070360     
  0.18786724068466962        28.853994353930503     
  0.18849555921538758        28.524937651955522     
  0.18912387774610553        28.155345452726223     
  0.18975219627682352        27.745742966981414     
  0.19038051480754148        27.296712262265501     
  0.19100883333825941        26.808891435781511     
  0.19163715186897737        26.282973707617074     
  0.19226547039969533        25.719706435640770     
  0.19289378893041331        25.119890053465944     
  0.19352210746113127        24.484376932994550     
  0.19415042599184923        23.814070173145804     
  0.19477874452256716        23.109922316503081     
  0.19540706305328512        22.372933995700855     
  0.19603538158400308        21.604152511471170     
  0.19666370011472106        20.804670344367342     
  0.19729201864543899        19.975623602297297     
  0.19792033717615698        19.118190406047177     
  0.19854865570687494        18.233589215103230     
  0.19917697423759287        17.323077096165051     
  0.19980529276831085        16.387947936775490     
  0.20043361129902879        15.429530606638094     
  0.20106192982974677        14.449187069222502     
  0.20169024836046470        13.448310446339118     
  0.20231856689118266        12.428323038436970     
  0.20294688542190065        11.390674303432684     
  0.20357520395261858        10.336838796958968     
  0.20420352248333656        9.2683140769361199     
  0.20483184101405449        8.1866185754581196     
  0.20546015954477248        7.0932894410221694     
  0.20608847807549044        5.9898803541541294     
  0.20671679660620837        4.8779593195437876     
  0.20734511513692636        3.7591064378241494     
  0.20797343366764429        2.6349116601624658     
  0.20860175219836227        1.5069725288525002     
  0.20923007072908023       0.37689190711923309     
  0.20985838925979816      -0.75372429863704971     
  0.21048670779051615       -1.8832694209221374     
  0.21111502632123408       -3.0101383143100451     
  0.21174334485195206       -4.1327296364419439     
  0.21237166338267000       -5.2494481236222139     
  0.21299998191338798       -6.3587068577752239     
  0.21362830044410594       -7.4589295215421805     
  0.21425661897482387       -8.5485526383159289     
  0.21488493750554186       -9.6260277940234342     
  0.21551325603625979       -10.689823837510367     
  0.21614157456697777       -11.738429056390640     
  0.21676989309769573       -12.770353325267603     
  0.21739821162841366       -13.784130223291154     
  0.21802653015913165       -14.778319118016539     
  0.21865484868984958       -15.751507212622608     
  0.21928316722056757       -16.702311553575910     
  0.21991148575128555       -17.629380995880151     
  0.22053980428200348       -18.531398123130231     
  0.22116812281272144       -19.407081119630895     
  0.22179644134343937       -20.255185591929031     
  0.22242475987415736       -21.074506337161168     
  0.22305307840487529       -21.863879055715554     
  0.22368139693559327       -22.622182005765975     
  0.22430971546631123       -23.348337597327170     
  0.22493803399702919       -24.041313923569170     
  0.22556635252774715       -24.700126227212042     
  0.22619467105846508       -25.323838299926585     
  0.22682298958918307       -25.911563812726495     
  0.22745130811990105       -26.462467575495054     
  0.22807962665061898       -26.975766723845798     
  0.22870794518133694       -27.450731831599768     
  0.22933626371205487       -27.886687947349401     
  0.22996458224277286       -28.283015553600400     
  0.23059290077349084       -28.639151447134402     
  0.23122121930420877       -28.954589539361390     
  0.23184953783492673       -29.228881575492757     
  0.23247785636564469       -29.461637771535983     
  0.23310617489636265       -29.652527368198395     
  0.23373449342708058       -29.801279100919903     
  0.23436281195779857       -29.907681585350172     
  0.23499113048851655       -29.971583617731298     
  0.23561944901923448       -29.992894389781689     
  0.23624776754995244       -29.971583617730545     
  0.23687608608067037       -29.907681585348893     
  0.23750440461138836       -29.801279100921274     
  0.23813272314210635       -29.652527368199060     
  0.23876104167282428       -29.461637771535273     
  0.23938936020354223       -29.228881575492668     
  0.24001767873426019       -28.954589539362143     
  0.24064599726497815       -28.639151447133827     
  0.24127431579569608       -28.283015553598943     
  0.24190263432641407       -27.886687947350548     
  0.24253095285713205       -27.450731831600471     
  0.24315927138784998       -26.975766723845844     
  0.24378758991856794       -26.462467575494546     
  0.24441590844928587       -25.911563812725298     
  0.24504422698000386       -25.323838299927800     
  0.24567254551072185       -24.700126227212618     
  0.24630086404143978       -24.041313923569056     
  0.24692918257215776       -23.348337597327216     
  0.24755750110287569       -22.622182005764959     
  0.24818581963359365       -21.863879055716058     
  0.24881413816431164       -21.074506337161232     
  0.24944245669502957       -20.255185591929063     
  0.25007077522574755       -19.407081119631446     
  0.25069909375646549       -18.531398123130629     
  0.25132741228718347       -17.629380995880222     
  0.25195573081790140       -16.702311553575161     
  0.25258404934861939       -15.751507212622574     
  0.25321236787933732       -14.778319118015849     
  0.25384068641005525       -13.784130223291239     
  0.25446900494077324       -12.770353325267960     
  0.25509732347149117       -11.738429056390414     
  0.25572564200220915       -10.689823837510993     
  0.25635396053292714       -9.6260277940234094     
  0.25698227906364507       -8.5485526383158543     
  0.25761059759436306       -7.4589295215424212     
  0.25823891612508099       -6.3587068577751680     
  0.25886723465579897       -5.2494481236224653     
  0.25949555318651696       -4.1327296364418649     
  0.26012387171723489       -3.0101383143098377     
  0.26075219024795282       -1.8832694209222549     
  0.26138050877867075      -0.75372429863719781     
  0.26200882730938874       0.37689190711909326     
  0.26263714584010667        1.5069725288524558     
  0.26326546437082465        2.6349116601625933     
  0.26389378290154264        3.7591064378240699     
  0.26452210143226057        4.8779593195438746     
  0.26515041996297856        5.9898803541542041     
  0.26577873849369649        7.0932894410220566     
  0.26640705702441447        8.1866185754582137     
  0.26703537555513246        9.2683140769357575     
  0.26766369408585039        10.336838796959199     
  0.26829201261656832        11.390674303432414     
  0.26892033114728625        12.428323038436286     
  0.26954864967800424        13.448310446339244     
  0.27017696820872217        14.449187069222337     
  0.27080528673944015        15.429530606638277     
  0.27143360527015814        16.387947936775841     
  0.27206192380087607        17.323077096166021     
  0.27269024233159406        18.233589215103272     
  0.27331856086231199        19.118190406046207     
  0.27394687939302997        19.975623602298214     
  0.27457519792374796        20.804670344366883     
  0.27520351645446589        21.604152511470129     
  0.27583183498518382        22.372933995700787     
  0.27646015351590175        23.109922316503035     
  0.27708847204661974        23.814070173146884     
  0.27771679057733772        24.484376932994550     
  0.27834510910805565        25.119890053465369     
  0.27897342763877364        25.719706435639445     
  0.27960174616949157        26.282973707617671     
  0.28023006470020956        26.808891435782794     
  0.28085838323092749        27.296712262265455     
  0.28148670176164547        27.745742966982075     
  0.28211502029236346        28.155345452725779     
  0.28274333882308139        28.524937651953532     
  0.28337165735379932        28.853994353929707     
  0.28399997588451725        29.142047951072438     
  0.28462829441523524        29.388689103456798     
  0.28525661294595323        29.593567320509415     
  0.28588493147667116        29.756391459075619     
  0.28651325000738914        29.876930137143955     
  0.28714156853810707        29.955012062657023     
  0.28776988706882506        29.990526276928705     
  0.28839820559954304        29.983422312310623     
  0.28902652413026098        29.933710263929232     
  0.28965484266097896        29.841460775326677     
  0.29028316119169689        29.706804938071546     
  0.29091147972241482        29.529934105479459     
  0.29153979825313275        29.311099620683134     
  0.29216811678385074        29.050612459455447     
  0.29279643531456873        28.748842788303367     
  0.29342475384528666        28.406219438449259     
  0.29405307237600464        28.023229296418322     
  0.29468139090672257        27.600416612159005     
  0.29530970943744056        27.138382225632743     
  0.29593802796815855        26.637782712982304     
  0.29656634649887648        26.099329453508570     
  0.29719466502959446        25.523787618755765     
  0.29782298356031239        24.911975085165277     
  0.29845130209103032        24.264761271826920     
  0.29907962062174831        23.583065904981250     
  0.29970793915246624        22.867857711047851     
  0.30033625768318423        22.120153040003842     
  0.30096457621390216        21.341014421100585     
  0.30159289474462014        20.531549052950506     
  0.30222121327533807        19.692907230133873     
  0.30284953180605606        18.826280708571591     
  0.30347785033677405        17.932901011969602     
  0.30410616886749198        17.014037681762414     
  0.30473448739820996        16.070996473020582     
  0.30536280592892789        15.105117498904765     
  0.30599112445964582        14.117773326290058     
  0.30661944299036381        13.110367025270252     
  0.30724776152108174        12.084330175323682     
  0.30787608005179973        11.041120830957988     
  0.30850439858251766        9.9822214497339008     
  0.30913271711323564        8.9091367856140540     
  0.30976103564395358        7.8233917506246646     
  0.31038935417467156        6.7265292478711762     
  0.31101767270538955        5.6201079789881705     
  0.31164599123610748        4.5057002291418016     
  0.31227430976682546        3.3848896327231799     
  0.31290262829754339        2.2592689229188978     
  0.31353094682826133        1.1304376683510142     
  0.31415926535897931        1.7669748230352872E-013
  0.31478758388969724       -1.1304376683508375     
  0.31541590242041523       -2.2592689229190746     
  0.31604422095113316       -3.3848896327231799     
  0.31667253948185115       -4.5057002291419774     
  0.31730085801256913       -5.6201079789883472     
  0.31792917654328706       -6.7265292478710004     
  0.31855749507400505       -7.8233917506244888     
  0.31918581360472298       -8.9091367856138781     
  0.31981413213544096       -9.9822214497339008     
  0.32044245066615890       -11.041120830957370     
  0.32107076919687683       -12.084330175323506     
  0.32169908772759481       -13.110367025270165     
  0.32232740625831274       -14.117773326290145     
  0.32295572478903073       -15.105117498905296     
  0.32358404331974866       -16.070996473020493     
  0.32421236185046665       -17.014037681763298     
  0.32484068038118463       -17.932901011969690     
  0.32546899891190256       -18.826280708570795     
  0.32609731744262055       -19.692907230133784     
  0.32672563597333848       -20.531549052950332     
  0.32735395450405647       -21.341014421100407     
  0.32798227303477440       -22.120153040004020     
  0.32861059156549238       -22.867857711047936     
  0.32923891009621031       -23.583065904980014     
  0.32986722862692824       -24.264761271826920     
  0.33049554715764623       -24.911975085166336     
  0.33112386568836416       -25.523787618755765     
  0.33175218421908215       -26.099329453509807     
  0.33238050274980013       -26.637782712982304     
  0.33300882128051806       -27.138382225631418     
  0.33363713981123605       -27.600416612158828     
  0.33426545834195398       -28.023229296418322     
  0.33489377687267197       -28.406219438449259     
  0.33552209540338990       -28.748842788303367     
  0.33615041393410788       -29.050612459454037     
  0.33677873246482581       -29.311099620681631     
  0.33740705099554374       -29.529934105480784     
  0.33803536952626173       -29.706804938074374     
  0.33866368805697972       -29.841460775326766     
  0.33929200658769765       -29.933710263929143     
  0.33992032511841563       -29.983422312310754     
  0.34054864364913356       -29.990526276927515     
  0.34117696217985155       -29.955012062656891     
  0.34180528071056948       -29.876930137143862     
  0.34243359924128747       -29.756391459075704     
  0.34306191777200540       -29.593567320509415     
  0.34369023630272338       -29.388689103456798     
  0.34431855483344131       -29.142047951071110     
  0.34494687336415925       -28.853994353929753     
  0.34557519189487723       -28.524937651956229     
  0.34620351042559522       -28.155345452725648     
  0.34683182895631315       -27.745742966980796     
  0.34746014748703113       -27.296712262265501     
  0.34808846601774907       -26.808891435782794     
  0.34871678454846705       -26.282973707617760     
  0.34934510307918498       -25.719706435639420     
  0.34997342160990297       -25.119890053466563     
  0.35060174014062095       -24.484376932994618     
  0.35123005867133889       -23.814070173144632     
  0.35185837720205682       -23.109922316503013     
  0.35248669573277475       -22.372933995701921     
  0.35311501426349273       -21.604152511471192     
  0.35374333279421072       -20.804670344366926     
  0.35437165132492865       -19.975623602297262     
  0.35499996985564664       -19.118190406046239     
  0.35562828838636457       -18.233589215103304     
  0.35625660691708255       -17.323077096166816     
  0.35688492544780054       -16.387947936775852     
  0.35751324397851847       -15.429530606637538     
  0.35814156250923646       -14.449187069222386     
  0.35876988103995439       -13.448310446338697     
  0.35939819957067232       -12.428323038435781     
  0.36002651810139025       -11.390674303433045     
  0.36065483663210823       -10.336838796960215     
  0.36128315516282622       -9.2683140769358019     
  0.36191147369354415       -8.1866185754578193     
  0.36253979222426214       -7.0932894410220975     
  0.36316811075498007       -5.9898803541541339     
  0.36379642928569805       -4.8779593195440070     
  0.36442474781641604       -3.7591064378242893     
  0.36505306634713397       -2.6349116601625484     
  0.36568138487785196       -1.5069725288524376     
  0.36630970340856989      -0.37689190711917292     
  0.36693802193928782       0.75372429863715373     
  0.36756634047000580        1.8832694209221763     
  0.36819465900072373        3.0101383143100855     
  0.36882297753144172        4.1327296364418924     
  0.36945129606215965        5.2494481236221295     
  0.37007961459287764        6.3587068577751245     
  0.37070793312359557        7.4589295215423803     
  0.37133625165431355        8.5485526383160373     
  0.37196457018503154        9.6260277940236190     
  0.37259288871574947        10.689823837510998     
  0.37322120724646746        11.738429056390121     
  0.37384952577718539        12.770353325267006     
  0.37447784430790332        13.784130223291189     
  0.37510616283862130        14.778319118016087     
  0.37573448136933923        15.751507212622144     
  0.37636279990005722        16.702311553575910     
  0.37699111843077515        17.629380995880574     
  0.37761943696149314        18.531398123130188     
  0.37824775549221107        19.407081119631425     
  0.37887607402292905        20.255185591930001     
  0.37950439255364704        21.074506337160678     
  0.38013271108436497        21.863879055715042     
  0.38076102961508296        22.622182005766550     
  0.38138934814580089        23.348337597326619     
  0.38201766667651882        24.041313923568506     
  0.38264598520723681        24.700126227212554     
  0.38327430373795474        25.323838299926010     
  0.38390262226867272        25.911563812725827     
  0.38453094079939065        26.462467575496333     
  0.38515925933010864        26.975766723847080     
  0.38578757786082662        27.450731831599811     
  0.38641589639154456        27.886687947349401     
  0.38704421492226254        28.283015553598986     
  0.38767253345298047        28.639151447133649     
  0.38830085198369846        28.954589539362807     
  0.38892917051441639        29.228881575492757     
  0.38955748904513432        29.461637771535230     
  0.39018580757585231        29.652527368198353     
  0.39081412610657024        29.801279100919988     
  0.39144244463728822        29.907681585348229     
  0.39207076316800615        29.971583617730502     
  0.39269908169872414        29.992894389785135     
  0.39332740022944213        29.971583617733419     
  0.39395571876016011        29.907681585346726     
  0.39458403729087799        29.801279100918489     
  0.39521235582159597        29.652527368199809     
  0.39584067435231396        29.461637771535184     
  0.39646899288303189        29.228881575494171     
  0.39709731141374988        28.954589539361567     
  0.39772562994446775        28.639151447132370     
  0.39835394847518574        28.283015553600311     
  0.39898226700590372        27.886687947350548     
  0.39961058553662171        27.450731831601093     
  0.40023890406733970        26.975766723845975     
  0.40086722259805757        26.462467575495054     
  0.40149554112877556        25.911563812725873     
  0.40212385965949354        25.323838299927296     
  0.40275217819021153        24.700126227211335     
  0.40338049672092940        24.041313923567223     
  0.40400881525164739        23.348337597326818     
  0.40463713378236532        22.622182005766682     
  0.40526545231308331        21.863879055717053     
  0.40589377084380129        21.074506337159843     
  0.40652208937451917        20.255185591928146     
  0.40715040790523715        19.407081119632309     
  0.40777872643595514        18.531398123131115     
  0.40840704496667313        17.629380995880684     
  0.40903536349739111        16.702311553575292     
  0.40966368202810899        15.751507212622078     
  0.41029200055882697        14.778319118016803     
  0.41092031908954496        13.784130223291418     
  0.41154863762026289        12.770353325267603     
  0.41217695615098088        11.738429056390551     
  0.41280527468169881        10.689823837510545     
  0.41343359321241674        9.6260277940232566     
  0.41406191174313473        8.5485526383161066     
  0.41469023027385271        7.4589295215427107     
  0.41531854880457070        6.3587068577748695     
  0.41594686733528857        5.2494481236218604     
  0.41657518586600656        4.1327296364422974     
  0.41720350439672454        3.0101383143102223     
  0.41783182292744253        1.8832694209221374     
  0.41846014145816046       0.75372429863704971     
  0.41908845998887839      -0.37689190711905640     
  0.41971677851959632       -1.5069725288523235     
  0.42034509705031431       -2.6349116601624658     
  0.42097341558103230       -3.7591064378245029     
  0.42160173411175028       -4.8779593195437876     
  0.42223005264246816       -5.9898803541537751     
  0.42285837117318614       -7.0932894410221694     
  0.42348668970390413       -8.1866185754582972     
  0.42411500823462212       -9.2683140769357664     
  0.42474332676533999       -10.336838796959144     
  0.42537164529605798       -11.390674303433036     
  0.42599996382677596       -12.428323038436263     
  0.42662828235749389       -13.448310446339294     
  0.42725660088821188       -14.449187069222326     
  0.42788491941892981       -15.429530606636860     
  0.42851323794964774       -16.387947936775841     
  0.42914155648036573       -17.323077096166816     
  0.42976987501108371       -18.233589215104111     
  0.43039819354180170       -19.118190406045322     
  0.43102651207251957       -19.975623602296324     
  0.43165483060323756       -20.804670344367697     
  0.43228314913395555       -21.604152511471078     
  0.43291146766467353       -22.372933995702006     
  0.43353978619539146       -23.109922316503166     
  0.43416810472610939       -23.814070173144479     
  0.43479642325682732       -24.484376932994550     
  0.43542474178754531       -25.119890053466651     
  0.43605306031826330       -25.719706435640592     
  0.43668137884898128       -26.282973707616279     
  0.43730969737969916       -26.808891435781511     
  0.43793801591041714       -27.296712262266912     
  0.43856633444113513       -27.745742966982121     
  0.43919465297185312       -28.155345452726927     
  0.43982297150257110       -28.524937651953579     
  0.44045129003328898       -28.853994353929707     
  0.44107960856400696       -29.142047951072392     
  0.44170792709472489       -29.388689103455519     
  0.44233624562544288       -29.593567320509276     
  0.44296456415616081       -29.756391459074202     
  0.44359288268687874       -29.876930137143955     
  0.44422120121759673       -29.955012062658433     
  0.44484951974831471       -29.990526276928836     
  0.44547783827903270       -29.983422312309166     
  0.44610615680975058       -29.933710263927818     
  0.44673447534046856       -29.841460775328134     
  0.44736279387118655       -29.706804938074374     
  0.44799111240190453       -29.529934105480876     
  0.44861943093262246       -29.311099620681588     
  0.44924774946334040       -29.050612459453991     
  0.44987606799405838       -28.748842788303545     
  0.45050438652477631       -28.406219438449348     
  0.45113270505549430       -28.023229296419558     
  0.45176102358621228       -27.600416612157588     
  0.45238934211693016       -27.138382225631371     
  0.45301766064764815       -26.637782712983586     
  0.45364597917836613       -26.099329453508680     
  0.45427429770908412       -25.523787618756959     
  0.45490261623980210       -24.911975085165167     
  0.45553093477051998       -24.264761271825837     
  0.45615925330123797       -23.583065904981250     
  0.45678757183195590       -22.867857711047961     
  0.45741589036267388       -22.120153040005015     
  0.45804420889339187       -21.341014421099391     
  0.45867252742410974       -20.531549052949394     
  0.45930084595482773       -19.692907230134900     
  0.45992916448554572       -18.826280708571655     
  0.46055748301626370       -17.932901011969655     
  0.46118580154698169       -17.014037681761675     
  0.46181412007769956       -16.070996473020617     
  0.46244243860841755       -15.105117498906184     
  0.46307075713913554       -14.117773326290139     
  0.46369907566985347       -13.110367025269623     
  0.46432739420057140       -12.084330175323599     
  0.46495571273128938       -11.041120830958020     
  0.46558403126200731       -9.9822214497339274     
  0.46621234979272530       -8.9091367856143631     
  0.46684066832344329       -7.8233917506243404     
  0.46746898685416116       -6.7265292478706451     
  0.46809730538487915       -5.6201079789886030     
  0.46872562391559713       -4.5057002291421533     
  0.46935394244631512       -3.3848896327232731     
  0.46998226097703311       -2.2592689229188561     
  0.47061057950775098       -1.1304376683508630     
  0.47123889803846897       -3.3087638898146120E-014
  0.47186721656918695        1.1304376683509034     
  0.47249553509990488        2.2592689229189493     
  0.47312385363062287        3.3848896327228899     
  0.47375217216134075        4.5057002291416648     
  0.47438049069205873        5.6201079789884316     
  0.47500880922277672        6.7265292478712118     
  0.47563712775349470        7.8233917506250146     
  0.47626544628421269        8.9091367856134625     
  0.47689376481493057        9.9822214497334407     
  0.47752208334564855        11.041120830958430     
  0.47815040187636654        12.084330175323537     
  0.47877872040708447        13.110367025270225     
  0.47940703893780245        14.117773326290084     
  0.48003535746852039        15.105117498904699     
  0.48066367599923832        16.070996473021378     
  0.48129199452995630        17.014037681763220     
  0.48192031306067429        17.932901011967889     
  0.48254863159139216        18.826280708569833     
  0.48317695012211015        19.692907230134736     
  0.48380526865282814        20.531549052951281     
  0.48443358718354612        21.341014421101402     
  0.48506190571426411        22.120153040002894     
  0.48569022424498198        22.867857711046877     
  0.48631854277569997        23.583065904982288     
  0.48694686130641796        24.264761271826941     
  0.48757517983713589        24.911975085166361     
  0.48820349836785387        25.523787618754508     
  0.48883181689857175        26.099329453507355     
  0.48946013542928973        26.637782712983544     
  0.49008845396000772        27.138382225632697     
  0.49071677249072571        27.600416612160195     
  0.49134509102144369        28.023229296416908     
  0.49197340955216157        28.406219438447977     
  0.49260172808287955        28.748842788304824     
  0.49323004661359754        29.050612459455401     
  0.49385836514431553        29.311099620683045     
  0.49448668367503346        29.529934105479374     
  0.49511500220575139        29.706804938071546     
  0.49574332073646932        29.841460775326766     
  0.49637163926718730        29.933710263930557     
  0.49699995779790529        29.983422312312079     
  0.49762827632862328        29.990526276926055     
  0.49825659485934115        29.955012062655605     
  0.49888491339005914        29.876930137145280     
  0.49951323192077712        29.756391459076944     
  0.50014155045149511        29.593567320507951     
  0.50076986898221298        29.388689103454102     
  0.50139818751293097        29.142047951073806     
  0.50202650604364896        28.853994353932443     
  0.50265482457436694        28.524937651956318     
  0.50328314310508493        28.155345452724369     
  0.50391146163580280        27.745742966979471     
  0.50453978016652079        27.296712262266738     
  0.50516809869723878        26.808891435781600     
  0.50579641722795665        26.282973707616371     
  0.50642473575867464        25.719706435640678     
  0.50705305428939262        25.119890053464442     
  0.50768137282011050        24.484376932993491     
  0.50830969135082849        23.814070173146863     
  0.50893800988154647        23.109922316505109     
  0.50956632841226446        22.372933995700947     
  0.51019464694298233        21.604152511469223     
  0.51082296547370032        20.804670344367963     
  0.51145128400441831        19.975623602298267     
  0.51207960253513629        19.118190406047088     
  0.51270792106585428        18.233589215102434     
  0.51333623959657215        17.323077096165051     
  0.51396455812729014        16.387947936776637     
  0.51459287665800812        15.429530606638449     
  0.51522119518872611        14.449187069223033     
  0.51584951371944410        13.448310446338764     
  0.51647783225016197        12.428323038435732     
  0.51710615078087996        11.390674303433036     
  0.51773446931159794        10.336838796960205     
  0.51836278784231593        9.2683140769366492     
  0.51899110637303392        8.1866185754572367     
  0.51961942490375179        7.0932894410214633     
  0.52024774343446978        5.9898803541539527     
  0.52087606196518765        4.8779593195437876     
  0.52150438049590564        3.7591064378245029     
  0.52213269902662363        2.6349116601624658     
  0.52276101755734150        1.5069725288525002     
  0.52338933608805949       0.37689190711923309     
  0.52401765461877747      -0.75372429863704971     
  0.52464597314949546       -1.8832694209219607     
  0.52527429168021333       -3.0101383143098688     
  0.52590261021093132       -4.1327296364421215     
  0.52653092874164931       -5.2494481236223907     
  0.52715924727236729       -6.3587068577753998     
  0.52778756580308528       -7.4589295215419158     
  0.52841588433380315       -8.5485526383152237     
  0.52904420286452114       -9.6260277940235230     
  0.52967252139523913       -10.689823837511426     
  0.53030083992595711       -11.738429056391260     
  0.53092915845667510       -12.770353325267072     
  0.53155747698739297       -13.784130223290537     
  0.53218579551811096       -14.778319118016716     
  0.53281411404882895       -15.751507212623757     
  0.53344243257954693       -16.702311553576088     
  0.53407075111026492       -17.629380995879007     
  0.53469906964098279       -18.531398123129261     
  0.53532738817170078       -19.407081119632398     
  0.53595570670241877       -20.255185591930001     
  0.53658402523313664       -21.074506337159665     
  0.53721234376385463       -21.863879055713959     
  0.53784066229457250       -22.622182005764298     
  0.53846898082529049       -23.348337597327614     
  0.53909729935600847       -24.041313923569607     
  0.53972561788672646       -24.700126227211427     
  0.54035393641744434       -25.323838299927118     
  0.54098225494816232       -25.911563812725788     
  0.54161057347888031       -26.462467575496380     
  0.54223889200959829       -26.975766723847034     
  0.54286721054031628       -27.450731831598528     
  0.54349552907103416       -27.886687947350726     
  0.54412384760175214       -28.283015553600222     
  0.54475216613247013       -28.639151447135021     
  0.54538048466318811       -28.954589539362807     
  0.54600880319390610       -29.228881575491254     
  0.54663712172462398       -29.461637771533947     
  0.54726544025534196       -29.652527368199895     
  0.54789375878605995       -29.801279100923963     
  0.54852207731677793       -29.907681585349469     
  0.54915039584749592       -29.971583617729177     
  0.54977871437821380       -29.992894389781068     
  0.55040703290893178       -29.971583617732001     
  0.55103535143964977       -29.907681585349515     
  0.55166366997036764       -29.801279100918446     
  0.55229198850108563       -29.652527368197028     
  0.55292030703180350       -29.461637771533947     
  0.55354862556252149       -29.228881575494125     
  0.55417694409323948       -28.954589539362807     
  0.55480526262395746       -28.639151447135067     
  0.55543358115467545       -28.283015553600400     
  0.55606189968539332       -27.886687947347983     
  0.55669021821611131       -27.450731831601093     
  0.55731853674682930       -26.975766723847208     
  0.55794685527754728       -26.462467575496333     
  0.55857517380826527       -25.911563812723422     
  0.55920349233898314       -25.323838299924798     
  0.55983181086970113       -24.700126227216131     
  0.56046012940041912       -24.041313923569653     
  0.56108844793113710       -23.348337597325536     
  0.56171676646185498       -22.622182005764497     
  0.56234508499257296       -21.863879055716083     
  0.56297340352329095       -21.074506337161697     
  0.56360172205400894       -20.255185591929958     
  0.56423004058472692       -19.407081119632362     
  0.56485835911544480       -18.531398123129339     
  0.56548667764616278       -17.629380995880528     
  0.56611499617688077       -16.702311553574507     
  0.56674331470759864       -15.751507212621437     
  0.56737163323831663       -14.778319118016965     
  0.56799995176903451       -13.784130223290646     
  0.56862827029975249       -12.770353325268253     
  0.56925658883047048       -11.738429056390784     
  0.56988490736118846       -10.689823837510970     
  0.57051322589190645       -9.6260277940228729     
  0.57114154442262433       -8.5485526383152912     
  0.57176986295334231       -7.4589295215435483     
  0.57239818148406030       -6.3587068577755419     
  0.57302650001477828       -5.2494481236222850     
  0.57365481854549627       -4.1327296364416739     
  0.57428313707621415       -3.0101383143097618     
  0.57491145560693213       -1.8832694209224903     
  0.57553977413765012      -0.75372429863720203     
  0.57616809266836810       0.37689190711928439     
  0.57679641119908609        1.5069725288523537     
  0.57742472972980396        2.6349116601624467     
  0.57805304826052195        3.7591064378242240     
  0.57868136679123994        4.8779593195440460     
  0.57930968532195792        5.9898803541544030     
  0.57993800385267580        7.0932894410217475     
  0.58056632238339378        8.1866185754583007     
  0.58119464091411177        9.2683140769352548     
  0.58182295944482965        10.336838796958736     
  0.58245127797554763        11.390674303431709     
  0.58307959650626551        12.428323038435629     
  0.58370791503698349        13.448310446341072     
  0.58433623356770148        14.449187069222972     
  0.58496455209841947        15.429530606638371     
  0.58559287062913745        16.387947936774186     
  0.58622118915985533        17.323077096164344     
  0.58684950769057331        18.233589215103947     
  0.58747782622129130        19.118190406047056     
  0.58810614475200929        19.975623602300079     
  0.58873446328272727        20.804670344365864     
  0.58936278181344515        21.604152511469156     
  0.58999110034416313        22.372933995701782     
  0.59061941887488112        23.109922316504115     
  0.59124773740559911        23.814070173146863     
  0.59187605593631709        24.484376932993445     
  0.59250437446703497        25.119890053466584     
  0.59313269299775295        25.719706435640699     
  0.59376101152847094        26.282973707617717     
  0.59438933005918893        26.808891435782748     
  0.59501764858990691        27.296712262264261     
  0.59564596712062479        27.745742966979471     
  0.59627428565134277        28.155345452724276     
  0.59690260418206065        28.524937651956318     
  0.59753092271277863        28.853994353931032     
  0.59815924124349662        29.142047951069610     
  0.59878755977421450        29.388689103454062     
  0.59941587830493248        29.593567320510740     
  0.60004419683565047        29.756391459079772     
  0.60067251536636845        29.876930137142583     
  0.60130083389708633        29.955012062655566     
  0.60192915242780431        29.990526276927426     
  0.60255747095852230        29.983422312310754     
  0.60318578948924029        29.933710263930557     
  0.60381410801995827        29.841460775325352     
  0.60444242655067615        29.706804938074374     
  0.60507074508139413        29.529934105482202     
  0.60569906361211212        29.311099620682956     
  0.60632738214283011        29.050612459454037     
  0.60695570067354809        28.748842788302131     
  0.60758401920426597        28.406219438450584     
  0.60821233773498395        28.023229296419558     
  0.60884065626570194        27.600416612160153     
  0.60946897479641993        27.138382225632654     
  0.61009729332713791        26.637782712979746     
  0.61072561185785579        26.099329453506272     
  0.61135393038857377        25.523787618754707     
  0.61198224891929165        24.911975085167487     
  0.61261056745000964        24.264761271828153     
  0.61323888598072762        23.583065904980103     
  0.61386720451144550        22.867857711045819     
  0.61449552304216348        22.120153040004020     
  0.61512384157288147        21.341014421101466     
  0.61575216010359946        20.531549052951302     
  0.61638047863431744        19.692907230135024     
  0.61700879716503532        18.826280708570000     
  0.61763711569575330        17.932901011969602     
  0.61826543422647129        17.014037681762506     
  0.61889375275718927        16.070996473019875     
  0.61952207128790715        15.105117498904765     
  0.62015038981862514        14.117773326290852     
  0.62077870834934312        13.110367025272110     
  0.62140702688006111        12.084330175324123     
  0.62203534541077909        11.041120830957016     
  0.62266366394149697        9.9822214497331050     
  0.62329198247221496        8.9091367856142298     
  0.62392030100293294        7.8233917506249293     
  0.62454861953365093        6.7265292478711762     
  0.62517693806436891        5.6201079789885240     
  0.62580525659508679        4.5057002291416248     
  0.62643357512580478        3.3848896327230027     
  0.62706189365652265        2.2592689229188978     
  0.62769021218724064        1.1304376683510142     
  0.62831853071795862        1.7669748230352872E-013
  0.62894684924867650       -1.1304376683508375     
  0.62957516777939448       -2.2592689229188978     
  0.63020348631011247       -3.3848896327230027     
  0.63083180484083046       -4.5057002291419774     
  0.63146012337154844       -5.6201079789883472     
  0.63208844190226632       -6.7265292478706469     
  0.63271676043298430       -7.8233917506249293     
  0.63334507896370229       -8.9091367856142298     
  0.63397339749442028       -9.9822214497339896     
  0.63460171602513826       -11.041120830956840     
  0.63523003455585614       -12.084330175323151     
  0.63585835308657412       -13.110367025271930     
  0.63648667161729211       -14.117773326290587     
  0.63711499014801010       -15.105117498906356     
  0.63774330867872808       -16.070996473019875     
  0.63837162720944596       -17.014037681761000     
  0.63899994574016394       -17.932901011969690     
  0.63962826427088193       -18.826280708571591     
  0.64025658280159992       -19.692907230134846     
  0.64088490133231779       -20.531549052949533     
  0.64151321986303578       -21.341014421099345     
  0.64214153839375365       -22.120153040001728     
  0.64276985692447164       -22.867857711047936     
  0.64339817545518962       -23.583065904979925     
  0.64402649398590750       -24.264761271825684     
  0.64465481251662549       -24.911975085169786     
  0.64528313104734347       -25.523787618756913     
  0.64591144957806146       -26.099329453508570     
  0.64653976810877944       -26.637782712979746     
  0.64716808663949732       -27.138382225630266     
  0.64779640517021531       -27.600416612160064     
  0.64842472370093329       -28.023229296419469     
  0.64905304223165128       -28.406219438453324     
  0.64968136076236926       -28.748842788302042     
  0.65030967929308714       -29.050612459451209     
  0.65093799782380513       -29.311099620683045     
  0.65156631635452311       -29.529934105482379     
  0.65219463488524110       -29.706804938074374     
  0.65282295341595908       -29.841460775325263     
  0.65345127194667696       -29.933710263930557     
  0.65407959047739495       -29.983422312310669     
  0.65470790900811293       -29.990526276927472     
  0.65533622753883092       -29.955012062655605     
  0.65596454606954879       -29.876930137142537     
  0.65659286460026678       -29.756391459079811     
  0.65722118313098477       -29.593567320507951     
  0.65784950166170264       -29.388689103454016     
  0.65847782019242063       -29.142047951069696     
  0.65910613872313850       -28.853994353928471     
  0.65973445725385649       -28.524937651959057     
  0.66036277578457447       -28.155345452726927     
  0.66099109431529246       -27.745742966982029     
  0.66161941284601045       -27.296712262264354     
  0.66224773137672832       -26.808891435780318     
  0.66287604990744631       -26.282973707617735     
  0.66350436843816429       -25.719706435640656     
  0.66413268696888228       -25.119890053468968     
  0.66476100549960027       -24.484376932993513     
  0.66538932403031814       -23.814070173144565     
  0.66601764256103613       -23.109922316504161     
  0.66664596109175411       -22.372933995701850     
  0.66727427962247210       -21.604152511471213     
  0.66790259815319009       -20.804670344365910     
  0.66853091668390796       -19.975623602298178     
  0.66915923521462595       -19.118190406047134     
  0.66978755374534393       -18.233589215104033     
  0.67041587227606192       -17.323077096164429     
  0.67104419080677979       -16.387947936774264     
  0.67167250933749778       -15.429530606638428     
  0.67230082786821577       -14.449187069221761     
  0.67292914639893364       -13.448310446339990     
  0.67355746492965163       -12.428323038436980     
  0.67418578346036961       -11.390674303431990     
  0.67481410199108749       -10.336838796958819     
  0.67544242052180548       -9.2683140769363099     
  0.67607073905252346       -8.1866185754583842     
  0.67669905758324145       -7.0932894410224003     
  0.67732737611395943       -5.9898803541544874     
  0.67795569464467731       -4.8779593195435700     
  0.67858401317539530       -3.7591064378243124     
  0.67921233170611328       -2.6349116601626759     
  0.67984065023683127       -1.5069725288524418     
  0.68046896876754914      -0.37689190711923032     
  0.68109728729826713       0.75372429863711388     
  0.68172560582898512        1.8832694209224019     
  0.68235392435970310        3.0101383143100637     
  0.68298224289042109        4.1327296364415860     
  0.68361056142113896        5.2494481236218089     
  0.68423887995185695        6.3587068577754557     
  0.68486719848257493        7.4589295215434595     
  0.68549551701329292        8.5485526383152113     
  0.68612383554401080        9.6260277940227965     
  0.68675215407472878        10.689823837510884     
  0.68738047260544677        11.738429056389501     
  0.68800879113616464        12.770353325268182     
  0.68863710966688263        13.784130223291779     
  0.68926542819760062        14.778319118015396     
  0.68989374672831849        15.751507212621329     
  0.69052206525903648        16.702311553575932     
  0.69115038378975446        17.629380995880485     
  0.69177870232047245        18.531398123131073     
  0.69240702085119044        19.407081119632288     
  0.69303533938190831        20.255185591928058     
  0.69366365791262630        21.074506337161651     
  0.69429197644334428        21.863879055716037     
  0.69492029497406227        22.622182005766636     
  0.69554861350478026        23.348337597325493     
  0.69617693203549813        24.041313923567380     
  0.69680525056621612        24.700126227216064     
  0.69743356909693410        25.323838299927203     
  0.69806188762765209        25.911563812723401     
  0.69869020615836996        26.462467575493882     
  0.69931852468908795        26.975766723847169     
  0.69994684321980594        27.450731831601001     
  0.70057516175052392        27.886687947350595     
  0.70120348028124191        28.283015553600354     
  0.70183179881195978        28.639151447132456     
  0.70246011734267777        28.954589539360111     
  0.70308843587339565        29.228881575491254     
  0.70371675440411363        29.461637771536640     
  0.70434507293483162        29.652527368199763     
  0.70497339146554949        29.801279100918400     
  0.70560170999626748        29.907681585349600     
  0.70623002852698546        29.971583617732048     
  0.70685834705770345        29.992894389783764     
  0.70748666558842144        29.971583617729085     
  0.70811498411913931        29.907681585346726     
  0.70874330264985730        29.801279100924141     
  0.70937162118057528        29.652527368199809     
  0.70999993971129327        29.461637771536687     
  0.71062825824201126        29.228881575491343     
  0.71125657677272913        28.954589539359979     
  0.71188489530344712        28.639151447135198     
  0.71251321383416510        28.283015553600400     
  0.71314153236488309        27.886687947353199     
  0.71376985089560108        27.450731831598439     
  0.71439816942631895        26.975766723844472     
  0.71502648795703694        26.462467575496557     
  0.71565480648775492        25.911563812725873     
  0.71628312501847291        25.323838299927029     
  0.71691144354919079        24.700126227211427     
  0.71753976207990877        24.041313923567401     
  0.71816808061062665        23.348337597325582     
  0.71879639914134463        22.622182005766682     
  0.71942471767206262        21.863879055714229     
  0.72005303620278049        21.074506337159665     
  0.72068135473349848        20.255185591931944     
  0.72130967326421647        19.407081119632487     
  0.72193799179493445        18.531398123131115     
  0.72256631032565244        17.629380995879181     
  0.72319462885637031        16.702311553574408     
  0.72382294738708830        15.751507212623050     
  0.72445126591780629        14.778319118016803     
  0.72507958444852427        13.784130223293097     
  0.72570790297924226        12.770353325267072     
  0.72633622150996013        11.738429056389405     
  0.72696454004067812        10.689823837511073     
  0.72759285857139611        9.6260277940237877     
  0.72822117710211409        8.5485526383161066     
  0.72884949563283208        7.4589295215418270     
  0.72947781416354995        6.3587068577753998     
  0.73010613269426794        5.2494481236225674     
  0.73073445122498593        4.1327296364419439     
  0.73136276975570391        3.0101383143098688     
  0.73199108828642179        1.8832694209221374     
  0.73261940681713977       0.75372429863722634     
  0.73324772534785765      -0.37689190711905640     
  0.73387604387857563       -1.5069725288525002     
  0.73450436240929362       -2.6349116601624658     
  0.73513268094001161       -3.7591064378237959     
  0.73576099947072948       -4.8779593195434341     
  0.73638931800144747       -5.9898803541543062     
  0.73701763653216545       -7.0932894410228764     
  0.73764595506288344       -8.1866185754572367     
  0.73827427359360132       -9.2683140769354129     
  0.73890259212431930       -10.336838796959587     
  0.73953091065503729       -11.390674303432949     
  0.74015922918575527       -12.428323038436705     
  0.74078754771647326       -13.448310446338585     
  0.74141586624719114       -14.449187069223033     
  0.74204418477790912       -15.429530606638362     
  0.74267250330862711       -16.387947936775930     
  0.74330082183934509       -17.323077096165932     
  0.74392914037006308       -18.233589215102519     
  0.74455745890078096       -19.118190406047088     
  0.74518577743149894       -19.975623602298089     
  0.74581409596221693       -20.804670344367963     
  0.74644241449293491       -21.604152511469046     
  0.74707073302365279       -22.372933995699796     
  0.74769905155437077       -23.109922316501841     
  0.74832737008508865       -23.814070173144653     
  0.74895568861580664       -24.484376932997996     
  0.74958400714652462       -25.119890053466477     
  0.75021232567724261       -25.719706435638116     
  0.75084064420796048       -26.282973707615131     
  0.75146896273867847       -26.808891435782837     
  0.75209728126939646       -27.296712262266738     
  0.75272559980011444       -27.745742966982121     
  0.75335391833083243       -28.155345452727019     
  0.75398223686155030       -28.524937651953579     
  0.75461055539226829       -28.853994353931032     
  0.75523887392298628       -29.142047951072392     
  0.75586719245370426       -29.388689103454016     
  0.75649551098442214       -29.593567320507866     
  0.75712382951514012       -29.756391459077030     
  0.75775214804585811       -29.876930137148193     
  0.75838046657657610       -29.955012062658348     
  0.75900878510729408       -29.990526276924552     
  0.75963710363801196       -29.983422312307972     
  0.76026542216872994       -29.933710263930735     
  0.76089374069944793       -29.841460775328134     
  0.76152205923016592       -29.706804938071503     
  0.76215037776088379       -29.529934105482202     
  0.76277869629160178       -29.311099620683045     
  0.76340701482231976       -29.050612459451294     
  0.76403533335303764       -28.748842788302131     
  0.76466365188375562       -28.406219438450631     
  0.76529197041447361       -28.023229296419647     
  0.76592028894519149       -27.600416612157634     
  0.76654860747590947       -27.138382225632743     
  0.76717692600662746       -26.637782712982350     
  0.76780524453734544       -26.099329453508592     
  0.76843356306806343       -25.523787618757044     
  0.76906188159878131       -24.911975085165235     
  0.76969020012949929       -24.264761271828135     
  0.77031851866021728       -23.583065904982309     
  0.77094683719093526       -22.867857711047893     
  0.77157515572165325       -22.120153040001945     
  0.77220347425237112       -21.341014421099366     
  0.77283179278308911       -20.531549052953267     
  0.77346011131380710       -19.692907230134811     
  0.77408842984452508       -18.826280708571524     
  0.77471674837524307       -17.932901011967978     
  0.77534506690596094       -17.014037681760737     
  0.77597338543667893       -16.070996473021456     
  0.77660170396739692       -15.105117498904782     
  0.77723002249811479       -14.117773326290770     
  0.77785834102883278       -13.110367025270877     
  0.77848665955955076       -12.084330175322997     
  0.77911497809026864       -11.041120830957007     
  0.77974329662098663       -9.9822214497339470     
  0.78037161515170461       -8.9091367856137502     
  0.78099993368242249       -7.8233917506243609     
  0.78162825221314047       -6.7265292478720351     
  0.78225657074385846       -5.6201079789886217     
  0.78288488927457645       -4.5057002291419108     
  0.78351320780529443       -3.3848896327229769     
  0.78414152633601231       -2.2592689229188778     
  0.78476984486673029       -1.1304376683512043     
  0.78539816339744828       -1.6164195951936574E-013
  0.78602648192816615        1.1304376683510944     
  0.78665480045888425        2.2592689229188747     
  0.78728311898960213        3.3848896327232909     
  0.78791143752032022        4.5057002291417998     
  0.78853975605103810        5.6201079789874564     
  0.78916807458175597        6.7265292478711931     
  0.78979639311247407        7.8233917506248920     
  0.79042471164319195        8.9091367856143791     
  0.79105303017390993        9.9822214497338422     
  0.79168134870462792        11.041120830956903     
  0.79230966723534579        12.084330175322897     
  0.79293798576606378        13.110367025270772     
  0.79356630429678177        14.117773326292101     
  0.79419462282749975        15.105117498904693     
  0.79482294135821763        16.070996473018319     
  0.79545125988893550        17.014037681762360     
  0.79607957841965360        17.932901011969502     
  0.79670789695037147        18.826280708571577     
  0.79733621548108957        19.692907230134736     
  0.79796453401180745        20.531549052949302     
  0.79859285254252532        21.341014421101359     
  0.79922117107324342        22.120153040003913     
  0.79984948960396129        22.867857711047982     
  0.80047780813467939        23.583065904982270     
  0.80110612666539727        24.264761271825815     
  0.80173444519611514        24.911975085167555     
  0.80236276372683324        25.523787618756959     
  0.80299108225755111        26.099329453508702     
  0.80361940078826921        26.637782712982350     
  0.80424771931898709        27.138382225627577     
  0.80487603784970496        27.600416612160284     
  0.80550435638042306        28.023229296422123     
  0.80613267491114093        28.406219438445195     
  0.80676099344185881        28.748842788302131     
  0.80738931197257680        29.050612459453944     
  0.80801763050329478        29.311099620683002     
  0.80864594903401277        29.529934105479459     
  0.80927426756473064        29.706804938071546     
  0.80990258609544863        29.841460775330876     
  0.81053090462616662        29.933710263927818     
  0.81115922315688449        29.983422312310669     
  0.81178754168760259        29.990526276927472     
  0.81241586021832046        29.955012062652781     
  0.81304417874903834        29.876930137145280     
  0.81367249727975643        29.756391459077030     
  0.81430081581047431        29.593567320513607     
  0.81492913434119241        29.388689103456930     
  0.81555745287191028        29.142047951066914     
  0.81618577140262816        28.853994353931117     
  0.81681408993334625        28.524937651956318     
  0.81744240846406413        28.155345452727019     
  0.81807072699478223        27.745742966982121     
  0.81869904552550010        27.296712262264176     
  0.81932736405621798        26.808891435782748     
  0.81995568258693607        26.282973707617781     
  0.82058400111765395        25.719706435638294     
  0.82121231964837194        25.119890053466563     
  0.82184063817908992        24.484376932995790     
  0.82246895670980780        23.814070173144653     
  0.82309727524052578        23.109922316504228     
  0.82372559377124377        22.372933995701921     
  0.82435391230196176        21.604152511469138     
  0.82498223083267963        20.804670344367786     
  0.82561054936339762        19.975623602298267     
  0.82623886789411560        19.118190406045411     
  0.82686718642483348        18.233589215104111     
  0.82749550495555158        17.323077096166109     
  0.82812382348626945        16.387947936772925     
  0.82875214201698733        15.429530606638274     
  0.82938046054770542        14.449187069224534     
  0.83000877907842330        13.448310446339912     
  0.83063709760914139        12.428323038436970     
  0.83126541613985927        11.390674303431005     
  0.83189373467057715        10.336838796959498     
  0.83252205320129524        9.2683140769364734     
  0.83315037173201312        8.1866185754581196     
  0.83377869026273121        7.0932894410228764     
  0.83440700879344909        5.9898803541532457     
  0.83503532732416696        4.8779593195439643     
  0.83566364585488506        3.7591064378243266     
  0.83629196438560294        2.6349116601622895     
  0.83692028291632092        1.5069725288526767     
  0.83754860144703891       0.37689190711905640     
  0.83817691997775678      -0.75372429863722634     
  0.83880523850847477       -1.8832694209219607     
  0.83943355703919265       -3.0101383143100451     
  0.84006187556991074       -4.1327296364417681     
  0.84069019410062862       -5.2494481236213302     
  0.84131851263134649       -6.3587068577752239     
  0.84194683116206459       -7.4589295215426219     
  0.84257514969278247       -8.5485526383169912     
  0.84320346822350056       -9.6260277940235230     
  0.84383178675421844       -10.689823837508953     
  0.84446010528493631       -11.738429056390464     
  0.84508842381565441       -12.770353325268132     
  0.84571674234637229       -13.784130223290537     
  0.84634506087709016       -14.778319118016716     
  0.84697337940780826       -15.751507212622696     
  0.84760169793852613       -16.702311553576088     
  0.84823001646924423       -17.629380995880684     
  0.84885833499996211       -18.531398123129261     
  0.84948665353067998       -19.407081119632398     
  0.85011497206139808       -20.255185591930001     
  0.85074329059211595       -21.074506337159665     
  0.85137160912283394       -21.863879055716083     
  0.85199992765355193       -22.622182005764298     
  0.85262824618426980       -23.348337597325582     
  0.85325656471498779       -24.041313923571821     
  0.85388488324570577       -24.700126227213719     
  0.85451320177642376       -25.323838299924819     
  0.85514152030714163       -25.911563812723312     
  0.85576983883785962       -26.462467575496380     
  0.85639815736857761       -26.975766723844472     
  0.85702647589929548       -27.450731831601093     
  0.85765479443001358       -27.886687947353288     
  0.85828311296073145       -28.283015553594922     
  0.85891143149144933       -28.639151447135021     
  0.85953975002216743       -28.954589539362807     
  0.86016806855288530       -29.228881575494171     
  0.86079638708360340       -29.461637771536509     
  0.86142470561432127       -29.652527368194065     
  0.86205302414503915       -29.801279100924141     
  0.86268134267575725       -29.907681585349646     
  0.86330966120647512       -29.971583617731959     
  0.86393797973719322       -29.992894389783718     
  0.86456629826791109       -29.971583617726349     
  0.86519461679862897       -29.907681585349646     
  0.86582293532934707       -29.801279100921359     
  0.86645125386006494       -29.652527368199721     
  0.86707957239078293       -29.461637771536598     
  0.86770789092150091       -29.228881575491343     
  0.86833620945221879       -28.954589539360065     
  0.86896452798293677       -28.639151447132416     
  0.86959284651365465       -28.283015553600400     
  0.87022116504437275       -27.886687947350680     
  0.87084948357509062       -27.450731831598571     
  0.87147780210580850       -26.975766723847208     
  0.87210612063652659       -26.462467575496490     
  0.87273443916724447       -25.911563812725852     
  0.87336275769796257       -25.323838299927203     
  0.87399107622868044       -24.700126227211467     
  0.87461939475939832       -24.041313923569678     
  0.87524771329011641       -23.348337597327813     
  0.87587603182083429       -22.622182005766550     
  0.87650435035155239       -21.863879055716104     
  0.87713266888227026       -21.074506337159686     
  0.87776098741298814       -20.255185591929980     
  0.87838930594370623       -19.407081119632387     
  0.87901762447442411       -18.531398123131016     
  0.87964594300514221       -17.629380995880549     
  0.88027426153586008       -16.702311553572830     
  0.88090258006657796       -15.751507212622830     
  0.88153089859729605       -14.778319118018301     
  0.88215921712801393       -13.784130223290491     
  0.88278753565873191       -12.770353325266978     
  0.88341585418944979       -11.738429056389597     
  0.88404417272016778       -10.689823837510993     
  0.88467249125088576       -9.6260277940228960     
  0.88530080978160364       -8.5485526383153143     
  0.88592912831232162       -7.4589295215435687     
  0.88655744684303961       -6.3587068577750685     
  0.88718576537375748       -5.2494481236223063     
  0.88781408390447558       -4.1327296364421899     
  0.88844240243519346       -3.0101383143096072     
  0.88907072096591133       -1.8832694209225125     
  0.88969903949662943      -0.75372429863743706     
  0.89032735802734730       0.37689190711926235     
  0.89095567655806540        1.5069725288523672     
  0.89158399508878328        2.6349116601620701     
  0.89221231361950115        3.7591064378242027     
  0.89284063215021925        4.8779593195438142     
  0.89346895068093712        5.9898803541543817     
  0.89409726921165522        7.0932894410222911     
  0.89472558774237310        8.1866185754574001     
  0.89535390627309097        9.2683140769362105     
  0.89598222480380907        10.336838796959595     
  0.89661054333452694        11.390674303431890     
  0.89723886186524493        12.428323038436870     
  0.89786718039596292        13.448310446339873     
  0.89849549892668079        14.449187069221697     
  0.89912381745739878        15.429530606638339     
  0.89975213598811676        16.387947936775763     
  0.90038045451883475        17.323077096164354     
  0.90100877304955262        18.233589215102334     
  0.90163709158027050        19.118190406047045     
  0.90226541011098860        19.975623602298114     
  0.90289372864170647        20.804670344367853     
  0.90352204717242457        21.604152511471078     
  0.90415036570314244        22.372933995697569     
  0.90477868423386032        23.109922316504093     
  0.90540700276457842        23.814070173149030     
  0.90603532129529629        24.484376932995833     
  0.90666363982601439        25.119890053466563     
  0.90729195835673226        25.719706435635775     
  0.90792027688745014        26.282973707617717     
  0.90854859541816824        26.808891435782748     
  0.90917691394888611        27.296712262266780     
  0.90980523247960421        27.745742966984682     
  0.91043355101032208        28.155345452721718     
  0.91106186954103996        28.524937651956229     
  0.91169018807175806        28.853994353931117     
  0.91231850660247593        29.142047951069742     
  0.91294682513319392        29.388689103453924     
  0.91357514366391179        29.593567320507997     
  0.91420346219462978        29.756391459079904     
  0.91483178072534777        29.876930137142494     
  0.91546009925606564        29.955012062658394     
  0.91608841778678374        29.990526276927426     
  0.91671673631750161        29.983422312305056     
  0.91734505484821949        29.933710263930642     
  0.91797337337893758        29.841460775328002     
  0.91860169190965546        29.706804938077202     
  0.91923001044037356        29.529934105482287     
  0.91985832897109143        29.311099620677478     
  0.92048664750180931        29.050612459454122     
  0.92111496603252740        28.748842788304692     
  0.92174328456324528        28.406219438450499     
  0.92237160309396338        28.023229296419647     
  0.92299992162468125        27.600416612157680     
  0.92362824015539913        27.138382225632743     
  0.92425655868611722        26.637782712982304     
  0.92488487721683510        26.099329453503710     
  0.92551319574755297        25.523787618757005     
  0.92614151427827107        24.911975085170045     
  0.92676983280898895        24.264761271825769     
  0.92739815133970693        23.583065904982224     
  0.92802646987042492        22.867857711045996     
  0.92865478840114279        22.120153040001902     
  0.92928310693186078        21.341014421101466     
  0.92991142546257877        20.531549052951302     
  0.93053974399329675        19.692907230135024     
  0.93116806252401463        18.826280708570000     
  0.93179638105473261        17.932901011969602     
  0.93242469958545060        17.014037681761000     
  0.93305301811616848        16.070996473021378     
  0.93368133664688657        15.105117498907680     
  0.93430965517760445        14.117773326288290     
  0.93493797370832232        13.110367025270696     
  0.93556629223904042        12.084330175324299     
  0.93619461076975830        11.041120830957901     
  0.93682292930047639        9.9822214497339896     
  0.93745124783119427        8.9091367856128176     
  0.93807956636191214        7.8233917506258139     
  0.93870788489263024        6.7265292478713539     
  0.93933620342334812        5.6201079789881705     
  0.93996452195406621        4.5057002291421551     
  0.94059284048478409        3.3848896327226496     
  0.94122115901550196        2.2592689229188978     
  0.94184947754622006        1.1304376683510142     
  0.94247779607693793        0.0000000000000000     
  0.94310611460765592       -1.1304376683510142     
  0.94373443313837391       -2.2592689229187215     
  0.94436275166909178       -3.3848896327226496     
  0.94499107019980977       -4.5057002291414481     
  0.94561938873052764       -5.6201079789885240     
  0.94624770726124574       -6.7265292478711762     
  0.94687602579196362       -7.8233917506241344     
  0.94750434432268149       -8.9091367856142298     
  0.94813266285339959       -9.9822214497337232     
  0.94876098138411746       -11.041120830957812     
  0.94938929991483556       -12.084330175324034     
  0.95001761844555344       -13.110367025269635     
  0.95064593697627131       -14.117773326290763     
  0.95127425550698941       -15.105117498906090     
  0.95190257403770728       -16.070996473021378     
  0.95253089256842538       -17.014037681762414     
  0.95315921109914326       -17.932901011966155     
  0.95378752962986113       -18.826280708571591     
  0.95441584816057923       -19.692907230136523     
  0.95504416669129710       -20.531549052951480     
  0.95567248522201520       -21.341014421101466     
  0.95630080375273308       -22.120153039999693     
  0.95692912228345095       -22.867857711045819     
  0.95755744081416894       -23.583065904982224     
  0.95818575934488692       -24.264761271828245     
  0.95881407787560491       -24.911975085167487     
  0.95944239640632278       -25.523787618754529     
  0.96007071493704077       -26.099329453508744     
  0.96069903346775876       -26.637782712979654     
  0.96132735199847663       -27.138382225632743     
  0.96195567052919473       -27.600416612162714     
  0.96258398905991260       -28.023229296414080     
  0.96321230759063048       -28.406219438450584     
  0.96384062612134858       -28.748842788304781     
  0.96446894465206645       -29.050612459448558     
  0.96509726318278433       -29.311099620683045     
  0.96572558171350242       -29.529934105482287     
  0.96635390024422030       -29.706804938077113     
  0.96698221877493840       -29.841460775328091     
  0.96761053730565627       -29.933710263925079     
  0.96823885583637415       -29.983422312310669     
  0.96886717436709224       -29.990526276927294     
  0.96949549289781012       -29.955012062658348     
  0.97012381142852822       -29.876930137145365     
  0.97075212995924609       -29.756391459074294     
  0.97138044848996397       -29.593567320510779     
  0.97200876702068206       -29.388689103456844     
  0.97263708555139994       -29.142047951069653     
  0.97326540408211792       -28.853994353931078     
  0.97389372261283591       -28.524937651953667     
  0.97452204114355379       -28.155345452724369     
  0.97515035967427177       -27.745742966982206     
  0.97577867820498965       -27.296712262266738     
  0.97640699673570774       -26.808891435782837     
  0.97703531526642562       -26.282973707612879     
  0.97766363379714349       -25.719706435640724     
  0.97829195232786159       -25.119890053469060     
  0.97892027085857947       -24.484376932995723     
  0.97954858938929756       -23.814070173146909     
  0.98017690792001544       -23.109922316499830     
  0.98080522645073331       -22.372933995701874     
  0.98143354498145141       -21.604152511471344     
  0.98206186351216929       -20.804670344367810     
  0.98269018204288738       -19.975623602300153     
  0.98331850057360526       -19.118190406043531     
  0.98394681910432313       -18.233589215104079     
  0.98457513763504123       -17.323077096166177     
  0.98520345616575911       -16.387947936775721     
  0.98583177469647720       -15.429530606638449     
  0.98646009322719508       -14.449187069220336     
  0.98708841175791295       -13.448310446341171     
  0.98771673028863105       -12.428323038437004     
  0.98834504881934893       -11.390674303431815     
  0.98897336735006691       -10.336838796958842     
  0.98960168588078479       -9.2683140769353578     
  0.99023000441150277       -8.1866185754590717     
  0.99085832294222076       -7.0932894410218550     
  0.99148664147293863       -5.9898803541543009     
  0.99211496000365673       -4.8779593195441553     
  0.99274327853437461       -3.7591064378236259     
  0.99337159706509248       -2.6349116601626990     
  0.99399991559581058       -1.5069725288527123     
  0.99462823412652845      -0.37689190711918141     
  0.99525655265724655       0.75372429863709201     
  0.99588487118796443        1.8832694209220253     
  0.99651318971868230        3.0101383143100429     
  0.99714150824940040        4.1327296364418489     
  0.99776982678011827        5.2494481236223853     
  0.99839814531083637        6.3587068577754327     
  0.99902646384155425        7.4589295215420330     
  0.99965478237227212        8.5485526383160941     
   1.0002831009029902        9.6260277940235799     
   1.0009114194337081        10.689823837508845     
   1.0015397379644260        11.738429056390684     
   1.0021680564951441        12.770353325267978     
   1.0027963750258619        13.784130223291939     
   1.0034246935565800        14.778319118018185     
   1.0040530120872979        15.751507212619934     
   1.0046813306180158        16.702311553576045     
   1.0053096491487339        17.629380995880432     
   1.0059379676794518        18.531398123131250     
   1.0065662862101699        19.407081119632299     
   1.0071946047408877        20.255185591926214     
   1.0078229232716056        21.074506337163704     
   1.0084512418023237        21.863879055716012     
   1.0090795603330416        22.622182005766767     
   1.0097078788637597        23.348337597327745     
   1.0103361973944776        24.041313923565149     
   1.0109645159251954        24.700126227211406     
   1.0115928344559133        25.323838299927182     
   1.0122211529866314        25.911563812725767     
   1.0128494715173493        26.462467575491324     
   1.0134777900480672        26.975766723847123     
   1.0141061085787852        27.450731831603651     
   1.0147344271095031        27.886687947345294     
   1.0153627456402210        28.283015553600311     
   1.0159910641709391        28.639151447135067     
   1.0166193827016570        28.954589539357240     
   1.0172477012323748        29.228881575494036     
   1.0178760197630929        29.461637771536640     
   1.0185043382938108        29.652527368202460     
   1.0191326568245289        29.801279100921274     
   1.0197609753552468        29.907681585343898     
   1.0203892938859647        29.971583617731913     
   1.0210176124166828        29.992894389783810     
   1.0216459309474006        29.971583617731913     
   1.0222742494781187        29.907681585349646     
   1.0229025680088366        29.801279100918578     
   1.0235308865395545        29.652527368199809     
   1.0241592050702726        29.461637771536687     
   1.0247875236009905        29.228881575494171     
   1.0254158421317086        28.954589539362807     
   1.0260441606624264        28.639151447129542     
   1.0266724791931443        28.283015553600400     
   1.0273007977238624        27.886687947353462     
   1.0279291162545803        27.450731831601093     
   1.0285574347852984        26.975766723847034     
   1.0291857533160162        26.462467575491345     
   1.0298140718467341        25.911563812725873     
   1.0304423903774522        25.323838299927381     
   1.0310707089081701        24.700126227213719     
   1.0316990274388882        24.041313923571821     
   1.0323273459696061        23.348337597323368     
   1.0329556645003239        22.622182005766504     
   1.0335839830310420        21.863879055716168     
   1.0342123015617599        21.074506337161520     
   1.0348406200924780        20.255185591930001     
   1.0354689386231959        19.407081119628774     
   1.0360972571539138        18.531398123132796     
   1.0367255756846319        17.629380995880595     
   1.0373538942153497        16.702311553575733     
   1.0379822127460678        15.751507212622961     
   1.0386105312767857        14.778319118013888     
   1.0392388498075036        13.784130223291683     
   1.0398671683382217        12.770353325268220     
   1.0404954868689396        11.738429056389581     
   1.0411238053996574        10.689823837509131     
   1.0417521239303753        9.6260277940236101     
   1.0423804424610934        8.5485526383169912     
   1.0430087609918113        7.4589295215414735     
   1.0436370795225292        6.3587068577753998     
   1.0442653980532473        5.2494481236225674     
   1.0448937165839651        4.1327296364414146     
   1.0455220351146830        3.0101383143103986     
   1.0461503536454011        1.8832694209226677     
   1.0467786721761190       0.75372429863722634     
   1.0474069907068368      -0.37689190711905640     
   1.0480353092375549       -1.5069725288521467     
   1.0486636277682728       -2.6349116601624658     
   1.0492919462989909       -3.7591064378241494     
   1.0499202648297088       -4.8779593195427280     
   1.0505485833604267       -5.9898803541543062     
   1.0511769018911448       -7.0932894410227005     
   1.0518052204218626       -8.1866185754581196     
   1.0524335389525807       -9.2683140769361199     
   1.0530618574832986       -10.336838796957467     
   1.0536901760140165       -11.390674303433125     
   1.0543184945447346       -12.428323038436528     
   1.0549468130754525       -13.448310446339912     
   1.0555751316061706       -14.449187069224267     
   1.0562034501368884       -15.429530606635355     
   1.0568317686676063       -16.387947936775930     
   1.0574600871983244       -17.323077096165754     
   1.0580884057290423       -18.233589215104200     
   1.0587167242597604       -19.118190406046825     
   1.0593450427904783       -19.975623602294469     
   1.0599733613211961       -20.804670344369907     
   1.0606016798519142       -21.604152511470993     
   1.0612299983826321       -22.372933995701921     
   1.0618583169133502       -23.109922316504051     
   1.0624866354440681       -23.814070173142447     
   1.0631149539747859       -24.484376932995698     
   1.0637432725055040       -25.119890053466477     
   1.0643715910362219       -25.719706435643154     
   1.0649999095669400       -26.282973707617696     
   1.0656282280976579       -26.808891435777799     
   1.0662565466283758       -27.296712262269473     
   1.0668848651590939       -27.745742966982121     
   1.0675131836898117       -28.155345452724276     
   1.0681415022205298       -28.524937651958879     
   1.0687698207512477       -28.853994353928471     
   1.0693981392819656       -29.142047951069831     
   1.0700264578126837       -29.388689103454016     
   1.0706547763434016       -29.593567320507866     
   1.0712830948741194       -29.756391459079946     
   1.0719114134048375       -29.876930137142629     
   1.0725397319355554       -29.955012062655431     
   1.0731680504662733       -29.990526276924552     
   1.0737963689969912       -29.983422312307884     
   1.0744246875277093       -29.933710263933470     
   1.0750530060584271       -29.841460775325352     
   1.0756813245891450       -29.706804938071635     
   1.0763096431198631       -29.529934105479551     
   1.0769379616505810       -29.311099620685784     
   1.0775662801812991       -29.050612459456772     
   1.0781945987120169       -28.748842788296610     
   1.0788229172427348       -28.406219438448023     
   1.0794512357734529       -28.023229296422382     
   1.0800795543041708       -27.600416612157812     
   1.0807078728348887       -27.138382225630135     
   1.0813361913656068       -26.637782712984869     
   1.0819645098963246       -26.099329453511196     
   1.0825928284270427       -25.523787618754685     
   1.0832211469577606       -24.911975085165256     
   1.0838494654884785       -24.264761271830476     
   1.0844777840191966       -23.583065904980170     
   1.0851061025499145       -22.867857711045861     
   1.0857344210806326       -22.120153040006141     
   1.0863627396113504       -21.341014421099505     
   1.0869910581420683       -20.531549052949412     
   1.0876193766727864       -19.692907230136779     
   1.0882476952035043       -18.826280708573368     
   1.0888760137342224       -17.932901011967999     
   1.0895043322649403       -17.014037681757756     
   1.0901326507956581       -16.070996473022870     
   1.0907609693263762       -15.105117498907823     
   1.0913892878570941       -14.117773326289383     
   1.0920176063878122       -13.110367025272041     
   1.0926459249185301       -12.084330175323013     
   1.0932742434492480       -11.041120830956825     
   1.0939025619799660       -9.9822214497331263     
   1.0945308805106839       -8.9091367856150416     
   1.0951591990414020       -7.8233917506258601     
   1.0957875175721199       -6.7265292478693164     
   1.0964158361028378       -5.6201079789888597     
   1.0970441546335559       -4.5057002291424615     
   1.0976724731642737       -3.3848896327225750     
   1.0983007916949918       -2.2592689229188996     
   1.0989291102257097       -1.1304376683508004     
   1.0995574287564276        2.9334542960546759E-014
   1.1001857472871457        1.1304376683508592     
   1.1008140658178636        2.2592689229189582     
   1.1014423843485814        3.3848896327234836     
   1.1020707028792995        4.5057002291414605     
   1.1026990214100174        5.6201079789880675     
   1.1033273399407353        6.7265292478704337     
   1.1039556584714532        7.8233917506242383     
   1.1045839770021713        8.9091367856132209     
   1.1052122955328891        9.9822214497327852     
   1.1058406140636070        11.041120830958763     
   1.1064689325943251        12.084330175322679     
   1.1070972511250430        13.110367025269420     
   1.1077255696557611        14.117773326291896     
   1.1083538881864790        15.105117498904484     
   1.1089822067171968        16.070996473019733     
   1.1096105252479149        17.014037681763874     
   1.1102388437786328        17.932901011971246     
   1.1108671623093509        18.826280708569701     
   1.1114954808400688        19.692907230132946     
   1.1121237993707866        20.531549052953157     
   1.1127521179015047        21.341014421099260     
   1.1133804364322226        22.120153040001881     
   1.1140087549629407        22.867857711050057     
   1.1146370734936586        23.583065904979950     
   1.1152653920243765        24.264761271825815     
   1.1158937105550946        24.911975085169829     
   1.1165220290858124        25.523787618759432     
   1.1171503476165305        26.099329453506140     
   1.1177786661472484        26.637782712974712     
   1.1184069846779663        27.138382225635347     
   1.1190353032086844        27.600416612162761     
   1.1196636217394023        28.023229296411603     
   1.1202919402701201        28.406219438453281     
   1.1209202588008382        28.748842788307343     
   1.1215485773315561        29.050612459451248     
   1.1221768958622742        29.311099620680306     
   1.1228052143929921        29.529934105479459     
   1.1234335329237100        29.706804938077113     
   1.1240618514544281        29.841460775325398     
   1.1246901699851459        29.933710263933470     
   1.1253184885158640        29.983422312313404     
   1.1259468070465819        29.990526276918942     
   1.1265751255772998        29.955012062655520     
   1.1272034441080179        29.876930137148108     
   1.1278317626387357        29.756391459079857     
   1.1284600811694538        29.593567320507951     
   1.1290883997001717        29.388689103454016     
   1.1297167182308896        29.142047951075309     
   1.1303450367616077        28.853994353928471     
   1.1309733552923256        28.524937651953401     
   1.1316016738230434        28.155345452729581     
   1.1322299923537615        27.745742966979556     
   1.1328583108844794        27.296712262259138     
   1.1334866294151973        26.808891435785309     
   1.1341149479459154        26.282973707620169     
   1.1347432664766333        25.719706435633437     
   1.1353715850073511        25.119890053464442     
   1.1359999035380690        24.484376932998174     
   1.1366282220687871        23.814070173144742     
   1.1372565405995050        23.109922316501930     
   1.1378848591302231        22.372933995704035     
   1.1385131776609410        21.604152511469490     
   1.1391414961916588        20.804670344366109     
   1.1397698147223769        19.975623602300210     
   1.1403981332530948        19.118190406048853     
   1.1410264517838129        18.233589215102434     
   1.1416547703145308        17.323077096161249     
   1.1422830888452487        16.387947936777518     
   1.1429114073759667        15.429530606640217     
   1.1435397259066846        14.449187069221619     
   1.1441680444374027        13.448310446341148     
   1.1447963629681206        12.428323038435911     
   1.1454246814988385        11.390674303432066     
   1.1460530000295566        10.336838796958880     
   1.1466813185602744        9.2683140769370027     
   1.1473096370909925        8.1866185754592689     
   1.1479379556217104        7.0932894410204037     
   1.1485662741524283        5.9898803541548364     
   1.1491945926831464        4.8779593195444946     
   1.1498229112138643        3.7591064378237959     
   1.1504512297445824        2.6349116601626430     
   1.1510795482753002        1.5069725288523235     
   1.1517078668060181       0.37689190711923309     
   1.1523361853367362      -0.75372429863687296     
   1.1529645038674541       -1.8832694209228442     
   1.1535928223981722       -3.0101383143103986     
   1.1542211409288901       -4.1327296364408843     
   1.1548494594596079       -5.2494481236218604     
   1.1554777779903260       -6.3587068577759309     
   1.1561060965210439       -7.4589295215435936     
   1.1567344150517620       -8.5485526383152237     
   1.1573627335824799       -9.6260277940229049     
   1.1579910521131977       -10.689823837512135     
   1.1586193706439158       -11.738429056389581     
   1.1592476891746337       -12.770353325267159     
   1.1598760077053516       -13.784130223293273     
   1.1605043262360697       -14.778319118015391     
   1.1611326447667876       -15.751507212618279     
   1.1617609632975054       -16.702311553577768     
   1.1623892818282235       -17.629380995882187     
   1.1630176003589414       -18.531398123125726     
   1.1636459188896593       -19.407081119630451     
   1.1642742374203774       -20.255185591931856     
   1.1649025559510953       -21.074506337159399     
   1.1655308744818131       -21.863879055709631     
   1.1661591930125310       -22.622182005768536     
   1.1667875115432491       -23.348337597329643     
   1.1674158300739670       -24.041313923567493     
   1.1680441486046851       -24.700126227215932     
   1.1686724671354030       -25.323838299924645     
   1.1693007856661208       -25.911563812723490     
   1.1699291041968389       -26.462467575493644     
   1.1705574227275568       -26.975766723849507     
   1.1711857412582749       -27.450731831603566     
   1.1718140597889928       -27.886687947342775     
   1.1724423783197107       -28.283015553602958     
   1.1730706968504288       -28.639151447137582     
   1.1736990153811466       -28.954589539360157     
   1.1743273339118647       -29.228881575491343     
   1.1749556524425826       -29.461637771533770     
   1.1755839709733005       -29.652527368202637     
   1.1762122895040186       -29.801279100918489     
   1.1768406080347364       -29.907681585352297     
   1.1774689265654545       -29.971583617734741     
   1.1780972450961724       -29.992894389775369     
   1.1787255636268903       -29.971583617729266     
   1.1793538821576084       -29.907681585352339     
   1.1799822006883263       -29.801279100923963     
   1.1806105192190444       -29.652527368197028     
   1.1812388377497622       -29.461637771533990     
   1.1818671562804801       -29.228881575496864     
   1.1824954748111982       -28.954589539360065     
   1.1831237933419161       -28.639151447132281     
   1.1837521118726342       -28.283015553603004     
   1.1843804304033521       -27.886687947348122     
   1.1850087489340699       -27.450731831598439     
   1.1856370674647880       -26.975766723849599     
   1.1862653859955059       -26.462467575498852     
   1.1868937045262240       -25.911563812723443     
   1.1875220230569419       -25.323838299924688     
   1.1881503415876598       -24.700126227215996     
   1.1887786601183779       -24.041313923567355     
   1.1894069786490957       -23.348337597325447     
   1.1900352971798138       -22.622182005768629     
   1.1906636157105317       -21.863879055713983     
   1.1912919342412496       -21.074506337155736     
   1.1919202527719674       -20.255185591928168     
   1.1925485713026855       -19.407081119634316     
   1.1931768898334034       -18.531398123129527     
   1.1938052083641213       -17.629380995878972     
   1.1944335268948394       -16.702311553577669     
   1.1950618454255573       -15.751507212621647     
   1.1956901639562751       -14.778319118015535     
   1.1963184824869932       -13.784130223293293     
   1.1969468010177111       -12.770353325267193     
   1.1975751195484290       -11.738429056389620     
   1.1982034380791471       -10.689823837510295     
   1.1988317566098650       -9.6260277940229173     
   1.1994600751405828       -8.5485526383171528     
   1.2000883936713009       -7.4589295215423901     
   1.2007167122020188       -6.3587068577760801     
   1.2013450307327369       -5.2494481236231385     
   1.2019733492634548       -4.1327296364409385     
   1.2026016677941727       -3.0101383143100175     
   1.2032299863248908       -1.8832694209228180     
   1.2038583048556086      -0.75372429863742363     
   1.2044866233863267       0.37689190711895609     
   1.2051149419170446        1.5069725288523095     
   1.2057432604477625        2.6349116601626874     
   1.2063715789784806        3.7591064378237204     
   1.2069998975091984        4.8779593195434403     
   1.2076282160399165        5.9898803541548213     
   1.2082565345706344        7.0932894410214971     
   1.2088848531013523        8.1866185754573806     
   1.2095131716320704        9.2683140769369583     
   1.2101414901627883        10.336838796960649     
   1.2107698086935064        11.390674303431869     
   1.2113981272242242        12.428323038433238     
   1.2120264457549421        13.448310446341225     
   1.2126547642856602        14.449187069224198     
   1.2132830828163781        15.429530606636964     
   1.2139114013470962        16.387947936777412     
   1.2145397198778141        17.323077096164329     
   1.2151680384085319        18.233589215102466     
   1.2157963569392500        19.118190406048864     
   1.2164246754699679        19.975623602300210     
   1.2170529940006860        20.804670344365977     
   1.2176813125314039        21.604152511465070     
   1.2183096310621218        22.372933995704106     
   1.2189379495928399        23.109922316506214     
   1.2195662681235577        23.814070173144763     
   1.2201945866542758        24.484376932993406     
   1.2208229051849937        25.119890053464243     
   1.2214512237157116        25.719706435638074     
   1.2220795422464295        26.282973707615199     
   1.2227078607771475        26.808891435785352     
   1.2233361793078654        27.296712262264087     
   1.2239644978385833        27.745742966979471     
   1.2245928163693014        28.155345452729581     
   1.2252211349000193        28.524937651953532     
   1.2258494534307371        28.853994353928428     
   1.2264777719614552        29.142047951069564     
   1.2271060904921731        29.388689103454016     
   1.2277344090228910        29.593567320513475     
   1.2283627275536091        29.756391459074159     
   1.2289910460843270        29.876930137148147     
   1.2296193646150451        29.955012062661261     
   1.2302476831457629        29.990526276918988     
   1.2308760016764808        29.983422312307798     
   1.2315043202071989        29.933710263933470     
   1.2321326387379168        29.841460775330916     
   1.2327609572686349        29.706804938071457     
   1.2333892757993528        29.529934105479459     
   1.2340175943300706        29.311099620685873     
   1.2346459128607887        29.050612459451383     
   1.2352742313915066        28.748842788302042     
   1.2359025499222247        28.406219438453412     
   1.2365308684529426        28.023229296417082     
   1.2371591869836605        27.600416612157503     
   1.2377875055143785        27.138382225635308     
   1.2384158240450964        26.637782712979920     
   1.2390441425758143        26.099329453506094     
   1.2396724611065324        25.523787618754614     
   1.2403007796372503        24.911975085169960     
   1.2409290981679684        24.264761271830718     
   1.2415574166986862        23.583065904975683     
   1.2421857352294041        22.867857711049968     
   1.2428140537601222        22.120153040006233     
   1.2434423722908401        21.341014421099437     
   1.2440706908215582        20.531549052953157     
   1.2446990093522761        19.692907230132992     
   1.2453273278829939        18.826280708569822     
   1.2459556464137120        17.932901011967925     
   1.2465839649444299        17.014037681763920     
   1.2472122834751480        16.070996473023058     
   1.2478406020058659        15.105117498901848     
   1.2484689205365838        14.117773326289527     
   1.2490972390673019        13.110367025272110     
   1.2497255575980197        12.084330175325183     
   1.2503538761287378        11.041120830956840     
   1.2509821946594557        9.9822214497328403     
   1.2516105131901736        8.9091367856152921     
   1.2522388317208917        7.8233917506243120     
   1.2528671502516096        6.7265292478704692     
   1.2534954687823274        5.6201079789879929     
   1.2541237873130453        4.5057002291414481     
   1.2547521058437634        3.3848896327231799     
   1.2553804243744813        2.2592689229190746     
   1.2560087429051991        1.1304376683513677     
   1.2566370614359172        1.7669748230352872E-013
   1.2572653799666351       -1.1304376683506607     
   1.2578936984973530       -2.2592689229188978     
   1.2585220170280711       -3.3848896327226496     
   1.2591503355587890       -4.5057002291414481     
   1.2597786540895071       -5.6201079789886998     
   1.2604069726202249       -6.7265292478702934     
   1.2610352911509428       -7.8233917506241344     
   1.2616636096816609       -8.9091367856149368     
   1.2622919282123788       -9.9822214497347836     
   1.2629202467430969       -11.041120830956840     
   1.2635485652738148       -12.084330175322973     
   1.2641768838045326       -13.110367025271930     
   1.2648052023352507       -14.117773326289262     
   1.2654335208659686       -15.105117498904765     
   1.2660618393966867       -16.070996473022880     
   1.2666901579274046       -17.014037681760737     
   1.2673184764581225       -17.932901011968010     
   1.2679467949888406       -18.826280708569644     
   1.2685751135195584       -19.692907230136701     
   1.2692034320502765       -20.531549052952982     
   1.2698317505809944       -21.341014421095284     
   1.2704600691117123       -22.120153040006141     
   1.2710883876424304       -22.867857711050057     
   1.2717167061731482       -23.583065904980103     
   1.2723450247038663       -24.264761271830366     
   1.2729733432345842       -24.911975085165277     
   1.2736016617653021       -25.523787618754614     
   1.2742299802960202       -26.099329453506009     
   1.2748582988267381       -26.637782712984958     
   1.2754866173574562       -27.138382225635308     
   1.2761149358881740       -27.600416612152376     
   1.2767432544188919       -28.023229296416908     
   1.2773715729496100       -28.406219438453235     
   1.2779998914803279       -28.748842788302042     
   1.2786282100110458       -29.050612459451294     
   1.2792565285417639       -29.311099620685873     
   1.2798848470724817       -29.529934105485030     
   1.2805131656031998       -29.706804938071546     
   1.2811414841339177       -29.841460775325441     
   1.2817698026646356       -29.933710263933385     
   1.2823981211953537       -29.983422312307752     
   1.2830264397260716       -29.990526276918942     
   1.2836547582567894       -29.955012062655605     
   1.2842830767875073       -29.876930137148193     
   1.2849113953182254       -29.756391459074294     
   1.2855397138489433       -29.593567320507951     
   1.2861680323796612       -29.388689103459580     
   1.2867963509103792       -29.142047951069742     
   1.2874246694410971       -28.853994353923035     
   1.2880529879718150       -28.524937651958965     
   1.2886813065025331       -28.155345452729801     
   1.2893096250332510       -27.745742966979556     
   1.2899379435639691       -27.296712262269434     
   1.2905662620946869       -26.808891435780449     
   1.2911945806254048       -26.282973707615309     
   1.2918228991561229       -25.719706435643154     
   1.2924512176868408       -25.119890053468968     
   1.2930795362175589       -24.484376932993513     
   1.2937078547482768       -23.814070173140237     
   1.2943361732789946       -23.109922316506328     
   1.2949644918097127       -22.372933995704212     
   1.2955928103404306       -21.604152511469071     
   1.2962211288711487       -20.804670344366084     
   1.2968494474018666       -19.975623602296434     
   1.2974777659325845       -19.118190406049042     
   1.2981060844633026       -18.233589215102633     
   1.2987344029940204       -17.323077096167555     
   1.2993627215247385       -16.387947936777543     
   1.2999910400554564       -15.429530606634033     
   1.3006193585861743       -14.449187069224351     
   1.3012476771168924       -13.448310446341381     
   1.3018759956476103       -12.428323038435543     
   1.3025043141783283       -11.390674303432032     
   1.3031326327090462       -10.336838796958663     
   1.3037609512397641       -9.2683140769371253     
   1.3043892697704822       -8.1866185754575547     
   1.3050175883012001       -7.0932894410216676     
   1.3056459068319182       -5.9898803541549936     
   1.3062742253626360       -4.8779593195436135     
   1.3069025438933539       -3.7591064378238954     
   1.3075308624240720       -2.6349116601628628     
   1.3081591809547899       -1.5069725288525566     
   1.3087874994855080      -0.37689190711913234     
   1.3094158180162259       0.75372429863731838     
   1.3100441365469437        1.8832694209226422     
   1.3106724550776618        3.0101383143098417     
   1.3113007736083797        4.1327296364407644     
   1.3119290921390976        5.2494481236229644     
   1.3125574106698157        6.3587068577759078     
   1.3131857292005336        7.4589295215406093     
   1.3138140477312514        8.5485526383169788     
   1.3144423662619695        9.6260277940243615     
   1.3150706847926874        10.689823837507918     
   1.3156990033234053        11.738429056387050     
   1.3163273218541232        12.770353325269253     
   1.3169556403848413        13.784130223292751     
   1.3175839589155591        14.778319118012408     
   1.3182122774462770        15.751507212624276     
   1.3188405959769951        16.702311553577172     
   1.3194689145077130        17.629380995878851     
   1.3200972330384311        18.531398123132696     
   1.3207255515691489        19.407081119630345     
   1.3213538700998668        20.255185591928058     
   1.3219821886305849        21.074506337159420     
   1.3226105071613028        21.863879055718112     
   1.3232388256920209        22.622182005768515     
   1.3238671442227388        23.348337597321095     
   1.3244954627534566        24.041313923567248     
   1.3251237812841747        24.700126227215886     
   1.3257520998148926        25.323838299929481     
   1.3263804183456107        25.911563812723291     
   1.3270087368763286        26.462467575493836     
   1.3276370554070465        26.975766723849599     
   1.3282653739377646        27.450731831598397     
   1.3288936924684824        27.886687947353288     
   1.3295220109992005        28.283015553603004     
   1.3301503295299184        28.639151447126977     
   1.3307786480606363        28.954589539360065     
   1.3314069665913544        29.228881575496864     
   1.3320352851220723        29.461637771539422     
   1.3326636036527904        29.652527368196939     
   1.3332919221835082        29.801279100918489     
   1.3339202407142261        29.907681585352339     
   1.3345485592449442        29.971583617729131     
   1.3351768777756621        29.992894389780982     
   1.3358051963063802        29.971583617734829     
   1.3364335148370980        29.907681585346818     
   1.3370618333678159        29.801279100918400     
   1.3376901518985340        29.652527368202460     
   1.3383184704292519        29.461637771539515     
   1.3389467889599700        29.228881575491432     
   1.3395751074906879        28.954589539354501     
   1.3402034260214057        28.639151447137671     
   1.3408317445521238        28.283015553603050     
   1.3414600630828417        27.886687947342686     
   1.3420883816135596        27.450731831603651     
   1.3427167001442777        26.975766723849862     
   1.3433450186749956        26.462467575488869     
   1.3439733372057134        25.911563812723401     
   1.3446016557364315        25.323838299929680     
   1.3452299742671494        24.700126227211513     
   1.3458582927978673        24.041313923563074     
   1.3464866113285852        23.348337597330172     
   1.3471149298593033        22.622182005768980     
   1.3477432483900211        21.863879055713873     
   1.3483715669207392        21.074506337163726     
   1.3489998854514571        20.255185591928324     
   1.3496282039821750        19.407081119630632     
   1.3502565225128931        18.531398123129616     
   1.3508848410436110        17.629380995882098     
   1.3515131595743290        16.702311553577768     
   1.3521414781050469        15.751507212618721     
   1.3527697966357648        14.778319118015657     
   1.3533981151664829        13.784130223293452     
   1.3540264336972008        12.770353325269634     
   1.3546547522279189        11.738429056389581     
   1.3552830707586367        10.689823837509836     
   1.3559113892893546        9.6260277940247594     
   1.3565397078200727        8.5485526383155772     
   1.3571680263507906        7.4589295215420037     
   1.3577963448815085        6.3587068577761068     
   1.3584246634122266        5.2494481236220372     
   1.3590529819429444        4.1327296364415913     
   1.3596813004736625        3.0101383143105758     
   1.3603096190043804        1.8832694209224909     
   1.3609379375350983       0.75372429863704971     
   1.3615662560658164      -0.37689190711923309     
   1.3621945745965343       -1.5069725288526767     
   1.3628228931272524       -2.6349116601622895     
   1.3634512116579702       -3.7591064378230894     
   1.3640795301886881       -4.8779593195444946     
   1.3647078487194062       -5.9898803541546597     
   1.3653361672501241       -7.0932894410216409     
   1.3659644857808422       -8.1866185754589154     
   1.3665928043115600       -9.2683140769354129     
   1.3672211228422779       -10.336838796958880     
   1.3678494413729960       -11.390674303431711     
   1.3684777599037139       -12.428323038438295     
   1.3691060784344320       -13.448310446341148     
   1.3697343969651499       -14.449187069218969     
   1.3703627154958677       -15.429530606639952     
   1.3709910340265858       -16.387947936777344     
   1.3716193525573037       -17.323077096161160     
   1.3722476710880216       -18.233589215102256     
   1.3728759896187397       -19.118190406048853     
   1.3735043081494576       -19.975623602296324     
   1.3741326266801754       -20.804670344365757     
   1.3747609452108935       -21.604152511473110     
   1.3753892637416114       -22.372933995699707     
   1.3760175822723293       -23.109922316501841     
   1.3766459008030474       -23.814070173148984     
   1.3772742193337653       -24.484376932993314     
   1.3779025378644831       -25.119890053464264     
   1.3785308563952012       -25.719706435638205     
   1.3791591749259191       -26.282973707615131     
   1.3797874934566370       -26.808891435785220     
   1.3804158119873551       -27.296712262263995     
   1.3810441305180730       -27.745742966979378     
   1.3816724490487911       -28.155345452729669     
   1.3823007675795089       -28.524937651953401     
   1.3829290861102268       -28.853994353928293     
   1.3835574046409449       -29.142047951075220     
   1.3841857231716628       -29.388689103459580     
   1.3848140417023809       -29.593567320507866     
   1.3854423602330987       -29.756391459074202     
   1.3860706787638166       -29.876930137148193     
   1.3866989972945347       -29.955012062655520     
   1.3873273158252526       -29.990526276924598     
   1.3879556343559707       -29.983422312313497     
   1.3885839528866886       -29.933710263927772     
   1.3892122714174064       -29.841460775325398     
   1.3898405899481245       -29.706804938077202     
   1.3904689084788424       -29.529934105484983     
   1.3910972270095605       -29.311099620680263     
   1.3917255455402784       -29.050612459445816     
   1.3923538640709963       -28.748842788307474     
   1.3929821826017144       -28.406219438453366     
   1.3936105011324322       -28.023229296411603     
   1.3942388196631501       -27.600416612162800     
   1.3948671381938682       -27.138382225635393     
   1.3954954567245861       -26.637782712979654     
   1.3961237752553042       -26.099329453506272     
   1.3967520937860221       -25.523787618754639     
   1.3973804123167399       -24.911975085169914     
   1.3980087308474580       -24.264761271825925     
   1.3986370493781759       -23.583065904984409     
   1.3992653679088940       -22.867857711050124     
   1.3998936864396119       -22.120153039997639     
   1.4005220049703297       -21.341014421099413     
   1.4011503235010478       -20.531549052953324     
   1.4017786420317657       -19.692907230136623     
   1.4024069605624838       -18.826280708569822     
   1.4030352790932017       -17.932901011967846     
   1.4036635976239196       -17.014037681760982     
   1.4042919161546374       -16.070996473019864     
   1.4049202346853555       -15.105117498907664     
   1.4055485532160734       -14.117773326289582     
   1.4061768717467913       -13.110367025269579     
   1.4068051902775094       -12.084330175323235     
   1.4074335088082273       -11.041120830957052     
   1.4080618273389451       -9.9822214497350270     
   1.4086901458696632       -8.9091367856137857     
   1.4093184644003811       -7.8233917506244079     
   1.4099467829310990       -6.7265292478720813     
   1.4105751014618171       -5.6201079789882433     
   1.4112034199925350       -4.5057002291416355     
   1.4118317385232531       -3.3848896327236573     
   1.4124600570539709       -2.2592689229191341     
   1.4130883755846888       -1.1304376683510358     
   1.4137166941154069       -2.0568691299395139E-013
   1.4143450126461248        1.1304376683510502     
   1.4149733311768429        2.2592689229187237     
   1.4156016497075607        3.3848896327219729     
   1.4162299682382786        4.5057002291422856     
   1.4168582867689967        5.6201079789886883     
   1.4174866052997146        6.7265292478706220     
   1.4181149238304327        7.8233917506256851     
   1.4187432423611506        8.9091367856133985     
   1.4193715608918684        9.9822214497329647     
   1.4199998794225865        11.041120830956666     
   1.4206281979533044        12.084330175325322     
   1.4212565164840225        13.110367025271872     
   1.4218848350147404        14.117773326286756     
   1.4225131535454583        15.105117498907671     
   1.4231414720761764        16.070996473022749     
   1.4237697906068942        17.014037681760993     
   1.4243981091376123        17.932901011967857     
   1.4250264276683302        18.826280708569843     
   1.4256547461990481        19.692907230136612     
   1.4262830647297662        20.531549052949302     
   1.4269113832604841        21.341014421103587     
   1.4275397017912022        22.120153040006009     
   1.4281680203219200        22.867857711041530     
   1.4287963388526379        23.583065904980081     
   1.4294246573833560        24.264761271830366     
   1.4300529759140739        24.911975085169914     
   1.4306812944447920        25.523787618754660     
   1.4313096129755098        26.099329453506293     
   1.4319379315062277        26.637782712984780     
   1.4325662500369458        27.138382225630135     
   1.4331945685676637        27.600416612157680     
   1.4338228870983816        28.023229296416908     
   1.4344512056290994        28.406219438448023     
   1.4350795241598175        28.748842788302042     
   1.4357078426905354        29.050612459451209     
   1.4363361612212533        29.311099620685699     
   1.4369644797519714        29.529934105479420     
   1.4375927982826893        29.706804938071546     
   1.4382211168134071        29.841460775330830     
   1.4388494353441252        29.933710263927772     
   1.4394777538748431        29.983422312302274     
   1.4401060724055610        29.990526276930296     
   1.4407343909362791        29.955012062661176     
   1.4413627094669970        29.876930137142537     
   1.4419910279977151        29.756391459079946     
   1.4426193465284329        29.593567320507951     
   1.4432476650591508        29.388689103454102     
   1.4438759835898689        29.142047951069831     
   1.4445043021205868        28.853994353933768     
   1.4451326206513049        28.524937651959057     
   1.4457609391820228        28.155345452719157     
   1.4463892577127406        27.745742966984682     
   1.4470175762434587        27.296712262269388     
   1.4476458947741766        26.808891435780271     
   1.4482742133048947        26.282973707615398     
   1.4489025318356126        25.719706435638205     
   1.4495308503663304        25.119890053469035     
   1.4501591688970485        24.484376932993580     
   1.4507874874277664        23.814070173148984     
   1.4514158059584845        23.109922316506434     
   1.4520441244892024        22.372933995695647     
   1.4526724430199203        21.604152511469138     
   1.4533007615506384        20.804670344369818     
   1.4539290800813562        19.975623602300121     
   1.4545573986120743        19.118190406045500     
   1.4551857171427922        18.233589215102434     
   1.4558140356735101        17.323077096167609     
   1.4564423542042282        16.387947936774427     
   1.4570706727349461        15.429530606636860     
   1.4576989912656642        14.449187069224447     
   1.4583273097963820        13.448310446338764     
   1.4589556283270999        12.428323038435732     
   1.4595839468578180        11.390674303434096     
   1.4602122653885359        10.336838796960382     
   1.4608405839192540        9.2683140769352370     
   1.4614689024499719        8.1866185754572367     
   1.4620972209806897        7.0932894410228764     
   1.4627255395114078        5.9898803541537751     
   1.4633538580421257        4.8779593195425504     
   1.4639821765728436        3.7591064378245029     
   1.4646104951035617        2.6349116601629965     
   1.4652388136342795        1.5069725288521467     
   1.4658671321649974       0.37689190711923309     
   1.4664954506957153      -0.75372429863704971     
   1.4671237692264334       -1.8832694209219607     
   1.4677520877571513       -3.0101383143089850     
   1.4683804062878691       -4.1327296364421215     
   1.4690087248185872       -5.2494481236225674     
   1.4696370433493051       -6.3587068577748695     
   1.4702653618800232       -7.4589295215432410     
   1.4708936804107411       -8.5485526383150461     
   1.4715219989414590       -9.6260277940225496     
   1.4721503174721771       -10.689823837509572     
   1.4727786360028949       -11.738429056389405     
   1.4734069545336128       -12.770353325269104     
   1.4740352730643309       -13.784130223290182     
   1.4746635915950488       -14.778319118018217     
   1.4752919101257669       -15.751507212624198     
   1.4759202286564848       -16.702311553571228     
   1.4765485471872026       -17.629380995878829     
   1.4771768657179207       -18.531398123132618     
   1.4778051842486386       -19.407081119633986     
   1.4784335027793567       -20.255185591927880     
   1.4790618213100746       -21.074506337159750     
   1.4796901398407925       -21.863879055718023     
   1.4803184583715105       -22.622182005764209     
   1.4809467769022284       -23.348337597325582     
   1.4815750954329465       -24.041313923571906     
   1.4822034139636644       -24.700126227211335     
   1.4828317324943823       -25.323838299924731     
   1.4834600510251004       -25.911563812728172     
   1.4840883695558182       -26.462467575498852     
   1.4847166880865363       -26.975766723844650     
   1.4853450066172542       -27.450731831593316     
   1.4859733251479721       -27.886687947353199     
   1.4866016436786902       -28.283015553602873     
   1.4872299622094081       -28.639151447132456     
   1.4878582807401262       -28.954589539365635     
   1.4884865992708440       -29.228881575491254     
   1.4891149178015619       -29.461637771533859     
   1.4897432363322800       -29.652527368202637     
   1.4903715548629979       -29.801279100924056     
   1.4909998733937160       -29.907681585346641     
   1.4916281919244339       -29.971583617723521     
   1.4922565104551517       -29.992894389786766     
   1.4928848289858698       -29.971583617734876     
   1.4935131475165877       -29.907681585341031     
   1.4941414660473056       -29.801279100918489     
   1.4947697845780237       -29.652527368202591     
   1.4953981031087415       -29.461637771533859     
   1.4960264216394594       -29.228881575485907     
   1.4966547401701773       -28.954589539365589     
   1.4972830587008954       -28.639151447137895     
   1.4979113772316133       -28.283015553592445     
   1.4985396957623311       -27.886687947353330     
   1.4991680142930492       -27.450731831603743     
   1.4997963328237671       -26.975766723844558     
   1.5004246513544852       -26.462467575494106     
   1.5010529698852031       -25.911563812723490     
   1.5016812884159210       -25.323838299929722     
   1.5023096069466391       -24.700126227211605     
   1.5029379254773569       -24.041313923571884     
   1.5035662440080750       -23.348337597330151     
   1.5041945625387929       -22.622182005760255     
   1.5048228810695108       -21.863879055714136     
   1.5054511996002289       -21.074506337163839     
   1.5060795181309468       -20.255185591932001     
   1.5067078366616649       -19.407081119630650     
   1.5073361551923827       -18.531398123129360     
   1.5079644737231006       -17.629380995882329     
   1.5085927922538187       -16.702311553574543     
   1.5092211107845366       -15.751507212621494     
   1.5098494293152547       -14.778319118018340     
   1.5104777478459726       -13.784130223290703     
   1.5111060663766904       -12.770353325267022     
   1.5117343849074085       -11.738429056391846     
   1.5123627034381264       -10.689823837510124     
   1.5129910219688443       -9.6260277940227468     
   1.5136193404995624       -8.5485526383155594     
   1.5142476590302802       -7.4589295215434053     
   1.5148759775609983       -6.3587068577763084     
   1.5155042960917162       -5.2494481236209705     
   1.5161326146224341       -4.1327296364423063     
   1.5167609331531522       -3.0101383143106069     
   1.5173892516838701       -1.8832694209220600     
   1.5180175702145882      -0.75372429863723245     
   1.5186458887453060       0.37689190711914711     
   1.5192742072760239        1.5069725288525004     
   1.5199025258067420        2.6349116601621687     
   1.5205308443374599        3.7591064378248285     
   1.5211591628681780        4.8779593195443365     
   1.5217874813988959        5.9898803541527501     
   1.5224157999296137        7.0932894410216845     
   1.5230441184603318        8.1866185754589011     
   1.5236724369910497        9.2683140769351926     
   1.5243007555217676        10.336838796958673     
   1.5249290740524857        11.390674303433993     
   1.5255573925832036        12.428323038435567     
   1.5261857111139214        13.448310446338674     
   1.5268140296446395        14.449187069224351     
   1.5274423481753574        15.429530606636753     
   1.5280706667060753        16.387947936771059     
   1.5286989852367932        17.323077096164145     
   1.5293273037675112        18.233589215105546     
   1.5299556222982291        19.118190406048690     
   1.5305839408289472        19.975623602296114     
   1.5312122593596651        20.804670344365817     
   1.5318405778903830        21.604152511473025     
   1.5324688964211011        22.372933995699555     
   1.5330972149518189        23.109922316501816     
   1.5337255334825370        23.814070173148984     
   1.5343538520132549        24.484376932993314     
   1.5349821705439728        25.119890053464157     
   1.5356104890746909        25.719706435642930     
   1.5362388076054088        26.282973707620055     
   1.5368671261361269        26.808891435780229     
   1.5374954446668447        27.296712262264219     
   1.5381237631975626        27.745742966984636     
   1.5387520817282807        28.155345452724323     
   1.5393804002589986        28.524937651953667     
   1.5400087187897167        28.853994353933860     
   1.5406370373204346        29.142047951069696     
   1.5412653558511524        29.388689103454016     
   1.5418936743818705        29.593567320507866     
   1.5425219929125884        29.756391459079857     
   1.5431503114433065        29.876930137148147     
   1.5437786299740244        29.955012062649953     
   1.5444069485047422        29.990526276930161     
   1.5450352670354603        29.983422312313451     
   1.5456635855661782        29.933710263927818     
   1.5462919040968963        29.841460775330916     
   1.5469202226276142        29.706804938071546     
   1.5475485411583321        29.529934105479374     
   1.5481768596890502        29.311099620680306     
   1.5488051782197680        29.050612459456687     
   1.5494334967504861        28.748842788307520     
   1.5500618152812040        28.406219438442722     
   1.5506901338119219        28.023229296416819     
   1.5513184523426400        27.600416612162800     
   1.5519467708733579        27.138382225630359     
   1.5525750894040757        26.637782712979654     
   1.5532034079347938        26.099329453511043     
   1.5538317264655117        25.523787618754707     
   1.5544600449962296        24.911975085165189     
   1.5550883635269477        24.264761271830366     
   1.5557166820576656        23.583065904980195     
   1.5563450005883834        22.867857711045819     
   1.5569733191191015        22.120153040001988     
   1.5576016376498194        21.341014421099526     
   1.5582299561805373        20.531549052949625     
   1.5588582747112552        19.692907230133166     
   1.5594865932419733        18.826280708573798     
   1.5601149117726911        17.932901011971456     
   1.5607432303034092        17.014037681761000     
   1.5613715488341271        16.070996473017139     
   1.5619998673648450        15.105117498907857     
   1.5626281858955631        14.117773326292532     
   1.5632565044262809        13.110367025269547     
   1.5638848229569990        12.084330175325361     
   1.5645131414877169        11.041120830957281     
   1.5651414600184348        9.9822214497331050     
   1.5657697785491529        8.9091367856152921     
   1.5663980970798708        7.8233917506258139     
   1.5670264156105889        6.7265292478708236     
   1.5676547341413067        5.6201079789871100     
   1.5682830526720246        4.5057002291423309     
   1.5689113712027427        3.3848896327237097     
   1.5695396897334606        2.2592689229187215     
   1.5701680082641787        1.1304376683511910     
   1.5707963267948966        1.7669748230352872E-013
   1.5714246453256144       -1.1304376683504842     
   1.5720529638563323       -2.2592689229192513     
   1.5726812823870506       -3.3848896327240632     
   1.5733096009177685       -4.5057002291414481     
   1.5739379194484864       -5.6201079789867574     
   1.5745662379792043       -6.7265292478706469     
   1.5751945565099221       -7.8233917506272279     
   1.5758228750406404       -8.9091367856151145     
   1.5764511935713583       -9.9822214497311617     
   1.5770795121020762       -11.041120830956928     
   1.5777078306327941       -12.084330175322798     
   1.5783361491635119       -13.110367025272197     
   1.5789644676942303       -14.117773326292001     
   1.5795927862249481       -15.105117498904942     
   1.5802211047556660       -16.070996473019701     
   1.5808494232863839       -17.014037681757468     
   1.5814777418171018       -17.932901011971367     
   1.5821060603478199       -18.826280708576800     
   1.5827343788785380       -19.692907230132992     
   1.5833626974092558       -20.531549052949533     
   1.5839910159399737       -21.341014421099437     
   1.5846193344706916       -22.120153040001902     
   1.5852476530014097       -22.867857711045552     
   1.5858759715321276       -23.583065904980014     
   1.5865042900628454       -24.264761271830277     
   1.5871326085935635       -24.911975085165103     
   1.5877609271242814       -25.523787618759563     
   1.5883892456549995       -26.099329453510954     
   1.5890175641857174       -26.637782712974797     
   1.5896458827164353       -27.138382225624966     
   1.5902742012471531       -27.600416612157325     
   1.5909025197778710       -28.023229296427331     
   1.5915308383085893       -28.406219438453235     
   1.5921591568393072       -28.748842788302131     
   1.5927874753700251       -29.050612459451209     
   1.5934157939007429       -29.311099620674742     
   1.5940441124314608       -29.529934105484937     
   1.5946724309621791       -29.706804938082680     
   1.5953007494928970       -29.841460775325352     
   1.5959290680236149       -29.933710263922162     
   1.5965573865543328       -29.983422312307798     
   1.5971857050850506       -29.990526276935860     
   1.5978140236157690       -29.955012062661261     
   1.5984423421464868       -29.876930137136974     
   1.5990706606772047       -29.756391459074294     
   1.5996989792079226       -29.593567320507912     
   1.6003272977386405       -29.388689103459580     
   1.6009556162693588       -29.142047951080695     
   1.6015839348000767       -28.853994353928293     
   1.6022122533307945       -28.524937651948147     
   1.6028405718615124       -28.155345452724411     
   1.6034688903922303       -27.745742966989983     
   1.6040972089229486       -27.296712262269342     
   1.6047255274536665       -26.808891435775148     
   1.6053538459843844       -26.282973707615152     
   1.6059821645151022       -25.719706435638379     
   1.6066104830458201       -25.119890053468904     
   1.6072388015765384       -24.484376932998110     
   1.6078671201072563       -23.814070173144479     
   1.6084954386379742       -23.109922316501997     
   1.6091237571686920       -22.372933995695647     
   1.6097520756994099       -21.604152511469270     
   1.6103803942301278       -20.804670344373815     
   1.6110087127608461       -19.975623602300200     
   1.6116370312915640       -19.118190406045123     
   1.6122653498222819       -18.233589215102455     
   1.6128936683529997       -17.323077096161217     
   1.6135219868837176       -16.387947936774495     
   1.6141503054144357       -15.429530606640034     
   1.6147786239451536       -14.449187069224550     
   1.6154069424758717       -13.448310446338869     
   1.6160352610065896       -12.428323038435765     
   1.6166635795373074       -11.390674303434198     
   1.6172918980680255       -10.336838796958885     
   1.6179202165987434       -9.2683140769338532     
   1.6185485351294613       -8.1866185754591143     
   1.6191768536601794       -7.0932894410234431     
   1.6198051721908973       -5.9898803541538861     
   1.6204334907216154       -4.8779593195445559     
   1.6210618092523332       -3.7591064378241290     
   1.6216901277830511       -2.6349116601621034     
   1.6223184463137690       -1.5069725288527207     
   1.6229467648444869      -0.37689190711950948     
   1.6235750833752052       0.75372429863701207     
   1.6242034019059230        1.8832694209216976     
   1.6248317204366409        3.0101383143096081     
   1.6254600389673588        4.1327296364410993     
   1.6260883574980767        5.2494481236227326     
   1.6267166760287950        6.3587068577756769     
   1.6273449945595129        7.4589295215419913     
   1.6279733130902307        8.5485526383149395     
   1.6286016316209486        9.6260277940205210     
   1.6292299501516665        10.689823837513948     
   1.6298582686823848        11.738429056393661     
   1.6304865872131027        12.770353325264603     
   1.6311149057438206        13.784130223290497     
   1.6317432242745384        14.778319118015181     
   1.6323715428052563        15.751507212624452     
   1.6329998613359746        16.702311553577335     
   1.6336281798666925        17.629380995878996     
   1.6342564983974104        18.531398123129183     
   1.6348848169281283        19.407081119626685     
   1.6355131354588461        20.255185591931834     
   1.6361414539895645        21.074506337167506     
   1.6367697725202823        21.863879055714005     
   1.6373980910510002        22.622182005760102     
   1.6380264095817181        23.348337597325447     
   1.6386547281124360        24.041313923576411     
   1.6392830466431543        24.700126227216018     
   1.6399113651738721        25.323838299924951     
   1.6405396837045900        25.911563812723443     
   1.6411680022353079        26.462467575488848     
   1.6417963207660258        26.975766723844472     
   1.6424246392967439        27.450731831608824     
   1.6430529578274620        27.886687947353156     
   1.6436812763581798        28.283015553592314     
   1.6443095948888977        28.639151447132416     
   1.6449379134196156        28.954589539365543     
   1.6455662319503337        29.228881575491343     
   1.6461945504810516        29.461637771528338     
   1.6468228690117694        29.652527368202460     
   1.6474511875424875        29.801279100924010     
   1.6480795060732054        29.907681585346818     
   1.6487078246039235        29.971583617734741     
   1.6493361431346414        29.992894389781021     
   1.6499644616653593        29.971583617723521     
   1.6505927801960771        29.907681585352297     
   1.6512210987267952        29.801279100929708     
   1.6518494172575133        29.652527368197070     
   1.6524777357882312        29.461637771528469     
   1.6531060543189491        29.228881575491343     
   1.6537343728496670        28.954589539360065     
   1.6543626913803848        28.639151447137671     
   1.6549910099111032        28.283015553603139     
   1.6556193284418210        27.886687947348076     
   1.6562476469725389        27.450731831598617     
   1.6568759655032568        26.975766723839701     
   1.6575042840339747        26.462467575503890     
   1.6581326025646930        25.911563812733299     
   1.6587609210954108        25.323838299920137     
   1.6593892396261287        24.700126227211427     
   1.6600175581568466        24.041313923567493     
   1.6606458766875645        23.348337597329998     
   1.6612741952182828        22.622182005768888     
   1.6619025137490007        21.863879055713873     
   1.6625308322797185        21.074506337159750     
   1.6631591508104364        20.255185591924523     
   1.6637874693411543        19.407081119634253     
   1.6644157878718726        18.531398123136416     
   1.6650441064025905        17.629380995878918     
   1.6656724249333084        16.702311553571317     
   1.6663007434640262        15.751507212621547     
   1.6669290619947441        14.778319118021045     
   1.6675573805254624        13.784130223293273     
   1.6681856990561803        12.770353325266630     
   1.6688140175868982        11.738429056389581     
   1.6694423361176161        10.689823837507982     
   1.6700706546483339        9.6260277940229049     
   1.6706989731790520        8.5485526383185810     
   1.6713272917097701        7.4589295215434177     
   1.6719556102404880        6.3587068577736341     
   1.6725839287712059        5.2494481236218604     
   1.6732122473019237        4.1327296364424750     
   1.6738405658326418        3.0101383143100451     
   1.6744688843633597        1.8832694209221374     
   1.6750972028940778       0.75372429863722634     
   1.6757255214247957      -0.37689190711905640     
   1.6763538399555136       -1.5069725288523235     
   1.6769821584862317       -2.6349116601628193     
   1.6776104770169495       -3.7591064378237959     
   1.6782387955476674       -4.8779593195423745     
   1.6788671140783853       -5.9898803541550123     
   1.6794954326091034       -7.0932894410241136     
   1.6801237511398215       -8.1866185754574126     
   1.6807520696705394       -9.2683140769335584     
   1.6813803882012572       -10.336838796958524     
   1.6820087067319751       -11.390674303431624     
   1.6826370252626930       -12.428323038437942     
   1.6832653437934113       -13.448310446340884     
   1.6838936623241292       -14.449187069221797     
   1.6845219808548471       -15.429530606636682     
   1.6851502993855649       -16.387947936770896     
   1.6857786179162828       -17.323077096170792     
   1.6864069364470011       -18.233589215109060     
   1.6870352549777190       -19.118190406041787     
   1.6876635735084369       -19.975623602296324     
   1.6882918920391548       -20.804670344365665     
   1.6889202105698726       -21.604152511464804     
   1.6895485291005905       -22.372933995703949     
   1.6901768476313088       -23.109922316510499     
   1.6908051661620267       -23.814070173144565     
   1.6914334846927446       -24.484376932988809     
   1.6920618032234624       -25.119890053464001     
   1.6926901217541803       -25.719706435647833     
   1.6933184402848986       -26.282973707620169     
   1.6939467588156165       -26.808891435775237     
   1.6945750773463344       -27.296712262264087     
   1.6952033958770523       -27.745742966979293     
   1.6958317144077701       -28.155345452729669     
   1.6964600329384885       -28.524937651964180     
   1.6970883514692063       -28.853994353928382     
   1.6977166699999242       -29.142047951064264     
   1.6983449885306421       -29.388689103454016     
   1.6989733070613600       -29.593567320519000     
   1.6996016255920783       -29.756391459079772     
   1.7002299441227962       -29.876930137136974     
   1.7008582626535140       -29.955012062655697     
   1.7014865811842319       -29.990526276924552     
   1.7021148997149498       -29.983422312307706     
   1.7027432182456679       -29.933710263933470     
   1.7033715367763860       -29.841460775330962     
   1.7039998553071039       -29.706804938071677     
   1.7046281738378217       -29.529934105474027     
   1.7052564923685396       -29.311099620685699     
   1.7058848108992577       -29.050612459456772     
   1.7065131294299756       -28.748842788302088     
   1.7071414479606937       -28.406219438453281     
   1.7077697664914115       -28.023229296416950     
   1.7083980850221294       -27.600416612157634     
   1.7090264035528475       -27.138382225630313     
   1.7096547220835654       -26.637782712979789     
   1.7102830406142833       -26.099329453506339     
   1.7109113591450011       -25.523787618754707     
   1.7115396776757192       -24.911975085170070     
   1.7121679962064373       -24.264761271830519     
   1.7127963147371552       -23.583065904980213     
   1.7134246332678731       -22.867857711041687     
   1.7140529517985910       -22.120153040002144     
   1.7146812703293088       -21.341014421107609     
   1.7153095888600272       -20.531549052953487     
   1.7159379073907450       -19.692907230132935     
   1.7165662259214629       -18.826280708570010     
   1.7171945444521808       -17.932901011964830     
   1.7178228629828987       -17.014037681764194     
   1.7184511815136170       -16.070996473026117     
   1.7190795000443349       -15.105117498904836     
   1.7197078185750527       -14.117773326286954     
   1.7203361371057706       -13.110367025269795     
   1.7209644556364885       -12.084330175327608     
   1.7215927741672068       -11.041120830959150     
   1.7222210926979247       -9.9822214497310888     
   1.7228494112286425       -8.9091367856136063     
   1.7234777297593604       -7.8233917506246309     
   1.7241060482900783       -6.7265292478718948     
   1.7247343668207966       -5.6201079789901733     
   1.7253626853515145       -4.5057002291414454     
   1.7259910038822324       -3.3848896327221922     
   1.7266193224129502       -2.2592689229189440     
   1.7272476409436681       -1.1304376683512705     
   1.7278759594743864       -1.4667271480273379E-014
   1.7285042780051043        1.1304376683508157     
   1.7291325965358222        2.2592689229189147     
   1.7297609150665401        3.3848896327225884     
   1.7303892335972579        4.5057002291424766     
   1.7310175521279763        5.6201079789888766     
   1.7316458706586941        6.7265292478708085     
   1.7322741891894120        7.8233917506241948     
   1.7329025077201299        8.9091367856116985     
   1.7335308262508478        9.9822214497348192     
   1.7341591447815659        11.041120830958720     
   1.7347874633122837        12.084330175323036     
   1.7354157818430018        13.110367025272048     
   1.7360441003737197        14.117773326289379     
   1.7366724189044376        15.105117498904798     
   1.7373007374351557        16.070996473019690     
   1.7379290559658735        17.014037681760804     
   1.7385573744965914        17.932901011967679     
   1.7391856930273093        18.826280708569655     
   1.7398140115580274        19.692907230136459     
   1.7404423300887455        20.531549052953167     
   1.7410706486194634        21.341014421099214     
   1.7416989671501812        22.120153039997483     
   1.7423272856808991        22.867857711045598     
   1.7429556042116170        23.583065904988853     
   1.7435839227423353        24.264761271830231     
   1.7442122412730532        24.911975085165256     
   1.7448405598037711        25.523787618754486     
   1.7454688783344889        26.099329453501081     
   1.7460971968652068        26.637782712984695     
   1.7467255153959251        27.138382225640296     
   1.7473538339266430        27.600416612157588     
   1.7479821524573609        28.023229296411564     
   1.7486104709880788        28.406219438447891     
   1.7492387895187966        28.748842788312952     
   1.7498671080495150        29.050612459456687     
   1.7504954265802328        29.311099620674742     
   1.7511237451109507        29.529934105479420     
   1.7517520636416686        29.706804938071503     
   1.7523803821723865        29.841460775330962     
   1.7530087007031048        29.933710263939041     
   1.7536370192338226        29.983422312307841     
   1.7542653377645405        29.990526276919034     
   1.7548936562952584        29.955012062655605     
   1.7555219748259763        29.876930137153671     
   1.7561502933566946        29.756391459079857     
   1.7567786118874125        29.593567320502387     
   1.7574069304181303        29.388689103453924     
   1.7580352489488482        29.142047951069742     
   1.7586635674795661        28.853994353933768     
   1.7592918860102844        28.524937651958965     
   1.7599202045410023        28.155345452724369     
   1.7605485230717202        27.745742966979471     
   1.7611768416024380        27.296712262259053     
   1.7618051601331559        26.808891435785309     
   1.7624334786638740        26.282973707625114     
   1.7630617971945921        25.719706435638294     
   1.7636901157253100        25.119890053464179     
   1.7643184342560279        24.484376932993406     
   1.7649467527867457        23.814070173144479     
   1.7655750713174638        23.109922316502193     
   1.7662033898481817        22.372933995699885     
   1.7668317083788996        21.604152511473199     
   1.7674600269096177        20.804670344366109     
   1.7680883454403356        19.975623602296235     
   1.7687166639710534        19.118190406048946     
   1.7693449825017715        18.233589215102608     
   1.7699733010324894        17.323077096161160     
   1.7706016195632073        16.387947936774605     
   1.7712299380939251        15.429530606640217     
   1.7718582566246432        14.449187069224712     
   1.7724865751553613        13.448310446341324     
   1.7731148936860792        12.428323038435911     
   1.7737432122167971        11.390674303429945     
   1.7743715307475150        10.336838796958880     
   1.7749998492782328        9.2683140769391237     
   1.7756281678089512        8.1866185754592689     
   1.7762564863396690        7.0932894410204037     
   1.7768848048703869        5.9898803541539527     
   1.7775131234011048        4.8779593195439643     
   1.7781414419318227        3.7591064378246797     
   1.7787697604625410        2.6349116601631728     
   1.7793980789932589        1.5069725288525002     
   1.7800263975239767       0.37689190711958648     
   1.7806547160546946      -0.75372429863651957     
   1.7812830345854125       -1.8832694209228442     
   1.7819113531161308       -3.0101383143107521     
   1.7825396716468487       -4.1327296364408843     
   1.7831679901775666       -5.2494481236218604     
   1.7837963087082844       -6.3587068577745169     
   1.7844246272390023       -7.4589295215434177     
   1.7850529457697206       -8.5485526383166359     
   1.7856812643004385       -9.6260277940229049     
   1.7863095828311564       -10.689823837509925     
   1.7869379013618742       -11.738429056386931     
   1.7875662198925921       -12.770353325269193     
   1.7881945384233104       -13.784130223295747     
   1.7888228569540283       -14.778319118015569     
   1.7894511754847462       -15.751507212618279     
   1.7900794940154641       -16.702311553574233     
   1.7907078125461819       -17.629380995885544     
   1.7913361310769003       -18.531398123132796     
   1.7919644496076181       -19.407081119630895     
   1.7925927681383360       -20.255185591928058     
   1.7932210866690539       -21.074506337155597     
   1.7938494051997718       -21.863879055713959     
   1.7944777237304899       -22.622182005772867     
   1.7951060422612080       -23.348337597329820     
   1.7957343607919258       -24.041313923562985     
   1.7963626793226437       -24.700126227211427     
   1.7969909978533616       -25.323838299929502     
   1.7976193163840797       -25.911563812723312     
   1.7982476349147976       -26.462467575488869     
   1.7988759534455154       -26.975766723849684     
   1.7995042719762335       -27.450731831603388     
   1.8001325905069514       -27.886687947347983     
   1.8007609090376695       -28.283015553603050     
   1.8013892275683874       -28.639151447132281     
   1.8020175460991052       -28.954589539354586     
   1.8026458646298231       -29.228881575491343     
   1.8032741831605410       -29.461637771544993     
   1.8039025016912593       -29.652527368202460     
   1.8045308202219772       -29.801279100912833     
   1.8051591387526951       -29.907681585346818     
   1.8057874572834129       -29.971583617728999     
   1.8064157758141308       -29.992894389786592     
   1.8070440943448491       -29.971583617734922     
   1.8076724128755670       -29.907681585346687     
   1.8083007314062849       -29.801279100918489     
   1.8089290499370028       -29.652527368191461     
   1.8095573684677206       -29.461637771544947     
   1.8101856869984390       -29.228881575502516     
   1.8108140055291568       -28.954589539354586     
   1.8114423240598747       -28.639151447132281     
   1.8120706425905926       -28.283015553597792     
   1.8126989611213105       -27.886687947353288     
   1.8133272796520288       -27.450731831603782     
   1.8139555981827467       -26.975766723844519     
   1.8145839167134645       -26.462467575493928     
   1.8152122352441824       -25.911563812718608     
   1.8158405537749003       -25.323838299929612     
   1.8164688723056186       -24.700126227220814     
   1.8170971908363365       -24.041313923567380     
   1.8177255093670543       -23.348337597321208     
   1.8183538278977722       -22.622182005764540     
   1.8189821464284901       -21.863879055722244     
   1.8196104649592084       -21.074506337163704     
   1.8202387834899263       -20.255185591927901     
   1.8208671020206442       -19.407081119630519     
   1.8214954205513620       -18.531398123125879     
   1.8221237390820799       -17.629380995879039     
   1.8227520576127980       -16.702311553580692     
   1.8233803761435161       -15.751507212624452     
   1.8240086946742340       -14.778319118012586     
   1.8246370132049519       -13.784130223290546     
   1.8252653317356697       -12.770353325269452     
   1.8258936502663878       -11.738429056389650     
   1.8265219687971057       -10.689823837508126     
   1.8271502873278236       -9.6260277940245764     
   1.8277786058585417       -8.5485526383171972     
   1.8284069243892596       -7.4589295215420215     
   1.8290352429199777       -6.3587068577761192     
   1.8296635614506955       -5.2494481236219830     
   1.8302918799814134       -4.1327296364409829     
   1.8309201985121313       -3.0101383143100615     
   1.8315485170428494       -1.8832694209230041     
   1.8321768355735675      -0.75372429863746770     
   1.8328051541042854       0.37689190711905413     
   1.8334334726350032        1.5069725288522655     
   1.8340617911657211        2.6349116601619338     
   1.8346901096964390        3.7591064378245975     
   1.8353184282271573        4.8779593195441038     
   1.8359467467578752        5.9898803541538568     
   1.8365750652885930        7.0932894410214553     
   1.8372033838193109        8.1866185754555918     
   1.8378317023500288        9.2683140769388661     
   1.8384600208807471        10.336838796962349     
   1.8390883394114650        11.390674303429879     
   1.8397166579421829        12.428323038435744     
   1.8403449764729007        13.448310446338459     
   1.8409732950036186        14.449187069224534     
   1.8416016135343369        15.429530606639641     
   1.8422299320650548        16.387947936774438     
   1.8428582505957727        17.323077096164287     
   1.8434865691264906        18.233589215098842     
   1.8441148876572084        19.118190406048864     
   1.8447432061879268        19.975623602303788     
   1.8453715247186446        20.804670344365956     
   1.8459998432493625        21.604152511465024     
   1.8466281617800804        22.372933995699686     
   1.8472564803107983        23.109922316501688     
   1.8478847988415161        23.814070173149094     
   1.8485131173722344        24.484376933002615     
   1.8491414359029523        25.119890053464243     
   1.8497697544336702        25.719706435633391     
   1.8503980729643881        26.282973707610118     
   1.8510263914951059        26.808891435790386     
   1.8516547100258243        27.296712262274337     
   1.8522830285565421        27.745742966974259     
   1.8529113470872600        28.155345452724369     
   1.8535396656179779        28.524937651953493     
   1.8541679841486958        28.853994353928428     
   1.8547963026794139        29.142047951075220     
   1.8554246212101320        29.388689103459580     
   1.8560529397408498        29.593567320507866     
   1.8566812582715677        29.756391459068503     
   1.8573095768022856        29.876930137148147     
   1.8579378953330037        29.955012062661261     
   1.8585662138637216        29.990526276918988     
   1.8591945323944394        29.983422312307884     
   1.8598228509251575        29.933710263933470     
   1.8604511694558754        29.841460775330916     
   1.8610794879865935        29.706804938071546     
   1.8617078065173114        29.529934105479459     
   1.8623361250480293        29.311099620680395     
   1.8629644435787471        29.050612459451383     
   1.8635927621094652        28.748842788307609     
   1.8642210806401833        28.406219438453324     
   1.8648493991709012        28.023229296416996     
   1.8654777177016191        27.600416612152465     
   1.8661060362323370        27.138382225630266     
   1.8667343547630548        26.637782712989903     
   1.8673626732937731        26.099329453511221     
   1.8679909918244910        25.523787618754529     
   1.8686193103552089        24.911975085165366     
   1.8692476288859268        24.264761271821531     
   1.8698759474166446        23.583065904984608     
   1.8705042659473630        22.867857711054565     
   1.8711325844780808        22.120153040001902     
   1.8717609030087987        21.341014421095458     
   1.8723892215395166        20.531549052949448     
   1.8730175400702345        19.692907230140499     
   1.8736458586009528        18.826280708573620     
   1.8742741771316707        17.932901011964386     
   1.8749024956623885        17.014037681760826     
   1.8755308141931064        16.070996473020230     
   1.8761591327238243        15.105117498907680     
   1.8767874512545426        14.117773326294916     
   1.8774157697852605        13.110367025269458     
   1.8780440883159784        12.084330175320678     
   1.8786724068466962        11.041120830955162     
   1.8793007253774141        9.9822214497365493     
   1.8799290439081324        8.9091367856170578     
   1.8805573624388503        7.8233917506227213     
   1.8811856809695682        6.7265292478704692     
   1.8818139995002860        5.6201079789881705     
   1.8824423180310039        4.5057002291416248     
   1.8830706365617220        3.3848896327235334     
   1.8836989550924401        2.2592689229192513     
   1.8843272736231580        1.1304376683510142     
   1.8849555921538759        1.7669748230352872E-013
   1.8855839106845937       -1.1304376683510142     
   1.8862122292153118       -2.2592689229190746     
   1.8868405477460297       -3.3848896327230027     
   1.8874688662767478       -4.5057002291412713     
   1.8880971848074657       -5.6201079789879929     
   1.8887255033381836       -6.7265292478717065     
   1.8893538218689017       -7.8233917506239585     
   1.8899821403996195       -8.9091367856135246     
   1.8906104589303374       -9.9822214497326627     
   1.8912387774610553       -11.041120830956663     
   1.8918670959917734       -12.084330175325096     
   1.8924954145224915       -13.110367025271930     
   1.8931237330532094       -14.117773326289262     
   1.8937520515839272       -15.105117498901761     
   1.8943803701146451       -16.070996473019523     
   1.8950086886453630       -17.014037681767100     
   1.8956370071760813       -17.932901011971015     
   1.8962653257067992       -18.826280708570000     
   1.8968936442375171       -19.692907230132903     
   1.8975219627682349       -20.531549052945206     
   1.8981502812989528       -21.341014421103321     
   1.8987785998296711       -22.120153040010116     
   1.8994069183603890       -22.867857711045819     
   1.9000352368911069       -23.583065904975506     
   1.9006635554218247       -24.264761271825769     
   1.9012918739525426       -24.911975085174642     
   1.9019201924832609       -25.523787618759297     
   1.9025485110139788       -26.099329453501237     
   1.9031768295446967       -26.637782712979746     
   1.9038051480754146       -27.138382225630004     
   1.9044334666061324       -27.600416612162800     
   1.9050617851368508       -28.023229296427509     
   1.9056901036675686       -28.406219438447934     
   1.9063184221982865       -28.748842788296564     
   1.9069467407290044       -29.050612459445816     
   1.9075750592597223       -29.311099620691351     
   1.9082033777904406       -29.529934105490508     
   1.9088316963211585       -29.706804938065979     
   1.9094600148518763       -29.841460775325352     
   1.9100883333825942       -29.933710263927907     
   1.9107166519133121       -29.983422312313451     
   1.9113449704440304       -29.990526276930122     
   1.9119732889747483       -29.955012062655520     
   1.9126016075054662       -29.876930137142583     
   1.9132299260361840       -29.756391459068723     
   1.9138582445669019       -29.593567320513522     
   1.9144865630976200       -29.388689103459626     
   1.9151148816283379       -29.142047951069696     
   1.9157432001590560       -28.853994353928428     
   1.9163715186897738       -28.524937651953532     
   1.9169998372204917       -28.155345452729669     
   1.9176281557512098       -27.745742966979517     
   1.9182564742819277       -27.296712262264219     
   1.9188847928126456       -26.808891435785398     
   1.9195131113433637       -26.282973707615284     
   1.9201414298740815       -25.719706435638294     
   1.9207697484047996       -25.119890053468993     
   1.9213980669355175       -24.484376932993538     
   1.9220263854662354       -23.814070173140280     
   1.9226547039969533       -23.109922316502129     
   1.9232830225276711       -22.372933995708323     
   1.9239113410583895       -21.604152511473330     
   1.9245396595891073       -20.804670344365817     
   1.9251679781198252       -19.975623602296444     
   1.9257962966505431       -19.118190406041865     
   1.9264246151812610       -18.233589215099407     
   1.9270529337119788       -17.323077096171012     
   1.9276812522426972       -16.387947936780844     
   1.9283095707734150       -15.429530606634064     
   1.9289378893041329       -14.449187069221862     
   1.9295662078348508       -13.448310446339084     
   1.9301945263655687       -12.428323038438124     
   1.9308228448962870       -11.390674303434416     
   1.9314511634270048       -10.336838796958705     
   1.9320794819577227       -9.2683140769356225     
   1.9327078004884406       -8.1866185754562579     
   1.9333361190191585       -7.0932894410243836     
   1.9339644375498768       -5.9898803541563739     
   1.9345927560805947       -4.8779593195425273     
   1.9352210746113125       -3.7591064378234429     
   1.9358493931420304       -2.6349116601626221     
   1.9364777116727483       -1.5069725288530975     
   1.9371060302034666      -0.37689190711946052     
   1.9377343487341845       0.75372429863727430     
   1.9383626672649024        1.8832694209220306     
   1.9389909857956202        3.0101383143090201     
   1.9396193043263381        4.1327296364422788     
   1.9402476228570564        5.2494481236236981     
   1.9408759413877743        6.3587068577748678     
   1.9415042599184922        7.4589295215405684     
   1.9421325784492101        8.5485526383151349     
   1.9427608969799279        9.6260277940263386     
   1.9433892155106463        10.689823837511900     
   1.9440175340413641        11.738429056387398     
   1.9446458525720820        12.770353325266990     
   1.9452741711027999        13.784130223290305     
   1.9459024896335178        14.778319118015347     
   1.9465308081642358        15.751507212624233     
   1.9471591266949537        16.702311553577481     
   1.9477874452256718        17.629380995878829     
   1.9484157637563897        18.531398123125705     
   1.9490440822871076        19.407081119634118     
   1.9496724008178257        20.255185591931681     
   1.9503007193485435        21.074506337155576     
   1.9509290378792614        21.863879055713785     
   1.9515573564099793        22.622182005768469     
   1.9521856749406974        23.348337597329866     
   1.9528139934714155        24.041313923571906     
   1.9534423120021334        24.700126227211335     
   1.9540706305328512        25.323838299919917     
   1.9546989490635691        25.911563812718278     
   1.9553272675942870        26.462467575503801     
   1.9559555861250053        26.975766723854633     
   1.9565839046557232        27.450731831593316     
   1.9572122231864411        27.886687947347983     
   1.9578405417171589        28.283015553597526     
   1.9584688602478768        28.639151447137717     
   1.9590971787785951        28.954589539365500     
   1.9597254973093130        29.228881575491343     
   1.9603538158400309        29.461637771533724     
   1.9609821343707488        29.652527368191283     
   1.9616104529014666        29.801279100929754     
   1.9622387714321849        29.907681585357995     
   1.9628670899629028        29.971583617723475     
   1.9634954084936207        29.992894389775369     
   1.9641237270243386        29.971583617729177     
   1.9647520455550564        29.907681585358034     
   1.9653803640857748        29.801279100924141     
   1.9660086826164926        29.652527368196893     
   1.9666370011472105        29.461637771533947     
   1.9672653196779284        29.228881575485953     
   1.9678936382086463        28.954589539365458     
   1.9685219567393646        28.639151447143149     
   1.9691502752700825        28.283015553597661     
   1.9697785938008003        27.886687947342775     
   1.9704069123315182        27.450731831598528     
   1.9710352308622361        26.975766723854719     
   1.9716635493929544        26.462467575498941     
   1.9722918679236723        25.911563812718455     
   1.9729201864543902        25.323838299924819     
   1.9735485049851080        24.700126227211513     
   1.9741768235158259        24.041313923567401     
   1.9748051420465440        23.348337597334325     
   1.9754334605772621        22.622182005768714     
   1.9760617791079800        21.863879055709898     
   1.9766900976386979        21.074506337155867     
   1.9773184161694157        20.255185591932033     
   1.9779467347001338        19.407081119634515     
   1.9785750532308517        18.531398123125904     
   1.9792033717615696        17.629380995882187     
   1.9798316902922877        16.702311553577943     
   1.9804600088230055        15.751507212621371     
   1.9810883273537236        14.778319118018217     
   1.9817166458844415        13.784130223290713     
   1.9823449644151594        12.770353325264599     
   1.9829732829458773        11.738429056387812     
   1.9836016014765951        10.689823837514254     
   1.9842299200073135        9.6260277940267027     
   1.9848582385380313        8.5485526383136321     
   1.9854865570687492        7.4589295215420037     
   1.9861148755994671        6.3587068577752239     
   1.9867431941301850        5.2494481236229200     
   1.9873715126609033        4.1327296364426509     
   1.9879998311916212        3.0101383143098688     
   1.9886281497223390        1.8832694209223142     
   1.9892564682530569       0.75372429863722634     
   1.9898847867837748      -0.37689190711923309     
   1.9905131053144931       -1.5069725288528535     
   1.9911414238452110       -2.6349116601619360     
   1.9917697423759289       -3.7591064378229131     
   1.9923980609066467       -4.8779593195434341     
   1.9930263794373646       -5.9898803541560737     
   1.9936546979680829       -7.0932894410227005     
   1.9942830164988008       -8.1866185754575014     
   1.9949113350295187       -9.2683140769352370     
   1.9955396535602365       -10.336838796956670     
   1.9961679720909544       -11.390674303434096     
   1.9967962906216727       -12.428323038440327     
   1.9974246091523906       -13.448310446338764     
   1.9980529276831085       -14.449187069218969     
   1.9986812462138264       -15.429530606636860     
   1.9993095647445442       -16.387947936780524     
   1.9999378832752626       -17.323077096167609     
   2.0005662018059804       -18.233589215099077     
   2.0011945203366981       -19.118190406045322     
   2.0018228388674162       -19.975623602292259     
   2.0024511573981338       -20.804670344361867     
   2.0030794759288519       -21.604152511477000     
   2.0037077944595700       -22.372933995708014     
   2.0043361129902881       -23.109922316497425     
   2.0049644315210058       -23.814070173140060     
   2.0055927500517239       -24.484376932993140     
   2.0062210685824415       -25.119890053473632     
   2.0068493871131601       -25.719706435642710     
   2.0074777056438777       -26.282973707615309     
   2.0081060241745958       -26.808891435780012     
   2.0087343427053135       -27.296712262259053     
   2.0093626612360316       -27.745742966989983     
   2.0099909797667497       -28.155345452734796     
   2.0106192982974678       -28.524937651948015     
   2.0112476168281854       -28.853994353922996     
   2.0118759353589035       -29.142047951069653     
   2.0125042538896212       -29.388689103465147     
   2.0131325724203397       -29.593567320513522     
   2.0137608909510574       -29.756391459068638     
   2.0143892094817755       -29.876930137142452     
   2.0150175280124931       -29.955012062655605     
   2.0156458465432112       -29.990526276930254     
   2.0162741650739293       -29.983422312319107     
   2.0169024836046474       -29.933710263927772     
   2.0175308021353651       -29.841460775319746     
   2.0181591206660832       -29.706804938071588     
   2.0187874391968008       -29.529934105490550     
   2.0194157577275194       -29.311099620685830     
   2.0200440762582370       -29.050612459445684     
   2.0206723947889551       -28.748842788302174     
   2.0213007133196728       -28.406219438447934     
   2.0219290318503909       -28.023229296422254     
   2.0225573503811090       -27.600416612157680     
   2.0231856689118266       -27.138382225630181     
   2.0238139874425447       -26.637782712984912     
   2.0244423059732628       -26.099329453501479     
   2.0250706245039805       -25.523787618754572     
   2.0256989430346986       -24.911975085174774     
   2.0263272615654166       -24.264761271821531     
   2.0269555800961343       -23.583065904980103     
   2.0275838986268524       -22.867857711054608     
   2.0282122171575705       -22.120153040006034     
   2.0288405356882886       -21.341014421099413     
   2.0294688542190062       -20.531549052949295     
   2.0300971727497243       -19.692907230129578     
   2.0307254912804420       -18.826280708566511     
   2.0313538098111601       -17.932901011974970     
   2.0319821283418782       -17.014037681767405     
   2.0326104468725963       -16.070996473017082     
   2.0332387654033139       -15.105117498902020     
   2.0338670839340320       -14.117773326289985     
   2.0344954024647497       -13.110367025274561     
   2.0351237209954682       -12.084330175325743     
   2.0357520395261859       -11.041120830956693     
   2.0363803580569040       -9.9822214497333892     
   2.0370086765876216       -8.9091367856119508     
   2.0376369951183397       -7.8233917506273984     
   2.0382653136490578       -6.7265292478731826     
   2.0388936321797759       -5.6201079789870176     
   2.0395219507104936       -4.5057002291406194     
   2.0401502692412117       -3.3848896327232754     
   2.0407785877719293       -2.2592689229196048     
   2.0414069063026479       -1.1304376683515056     
   2.0420352248333655        1.7639550906717014E-013
   2.0426635433640836        1.1304376683505803     
   2.0432918618948013        2.2592689229186798     
   2.0439201804255194        3.3848896327232048     
   2.0445484989562375        4.5057002291433017     
   2.0451768174869556        5.6201079789877957     
   2.0458051360176732        6.7265292478695207     
   2.0464334545483913        7.8233917506239665     
   2.0470617730791090        8.9091367856171146     
   2.0476900916098275        9.9822214497345989     
   2.0483184101405452        11.041120830955139     
   2.0489467286712633        12.084330175322815     
   2.0495750472019809        13.110367025269557     
   2.0502033657326990        14.117773326292038     
   2.0508316842634171        15.105117498904599     
   2.0514600027941348        16.070996473019843     
   2.0520883213248529        17.014037681763973     
   2.0527166398555710        17.932901011964258     
   2.0533449583862886        18.826280708569833     
   2.0539732769170067        19.692907230140158     
   2.0546015954477248        20.531549052945241     
   2.0552299139784425        21.341014421099391     
   2.0558582325091606        22.120153040010010     
   2.0564865510398787        22.867857711050103     
   2.0571148695705967        23.583065904980035     
   2.0577431881013144        24.264761271825947     
   2.0583715066320325        24.911975085160286     
   2.0589998251627502        25.523787618749669     
   2.0596281436934682        26.099329453515839     
   2.0602564622241863        26.637782712989729     
   2.0608847807549044        27.138382225624966     
   2.0615130992856221        27.600416612152333     
   2.0621414178163402        28.023229296416776     
   2.0627697363470578        28.406219438458713     
   2.0633980548777764        28.748842788307297     
   2.0640263734084940        29.050612459451340     
   2.0646546919392121        29.311099620680174     
   2.0652830104699298        29.529934105473849     
   2.0659113290006479        29.706804938082765     
   2.0665396475313660        29.841460775336486     
   2.0671679660620841        29.933710263922077     
   2.0677962845928017        29.983422312302320     
   2.0684246031235198        29.990526276924644     
   2.0690529216542375        29.955012062666739     
   2.0696812401849560        29.876930137148282     
   2.0703095587156737        29.756391459068638     
   2.0709378772463918        29.593567320507951     
   2.0715661957771094        29.388689103454102     
   2.0721945143078275        29.142047951075131     
   2.0728228328385456        28.853994353939161     
   2.0734511513692637        28.524937651953667     
   2.0740794698999814        28.155345452719068     
   2.0747077884306995        27.745742966979556     
   2.0753361069614171        27.296712262274337     
   2.0759644254921357        26.808891435785576     
   2.0765927440228533        26.282973707610012     
   2.0772210625535714        25.719706435638205     
   2.0778493810842891        25.119890053464264     
   2.0784776996150072        24.484376932998174     
   2.0791060181457253        23.814070173148984     
   2.0797343366764434        23.109922316501841     
   2.0803626552071610        22.372933995699707     
   2.0809909737378791        21.604152511465337     
   2.0816192922685968        20.804670344366016     
   2.0822476107993149        19.975623602304012     
   2.0828759293300330        19.118190406041876     
   2.0835042478607506        18.233589215102519     
   2.0841325663914687        17.323077096171147     
   2.0847608849221868        16.387947936771514     
   2.0853892034529045        15.429530606636860     
   2.0860175219836226        14.449187069227273     
   2.0866458405143407        13.448310446336466     
   2.0872741590450583        12.428323038433613     
   2.0879024775757764        11.390674303436571     
   2.0885307961064945        10.336838796962677     
   2.0891591146372126        9.2683140769336472     
   2.0897874331679303        8.1866185754560874     
   2.0904157516986484        7.0932894410221694     
   2.0910440702293660        5.9898803541540415     
   2.0916723887600841        4.8779593195450239     
   2.0923007072908022        3.7591064378255630     
   2.0929290258215203        2.6349116601628193     
   2.0935573443522379        1.5069725288521467     
   2.0941856628829560       0.37689190711958648     
   2.0948139814136737      -0.75372429863740309     
   2.0954422999443922       -1.8832694209219607     
   2.0960706184751099       -3.0101383143093385     
   2.0966989370058280       -4.1327296364412378     
   2.0973272555365456       -5.2494481236216846     
   2.0979555740672637       -6.3587068577757542     
   2.0985838925979818       -7.4589295215432410     
   2.0992122111286999       -8.5485526383150461     
   2.0998405296594176       -9.6260277940225496     
   2.1004688481901357       -10.689823837507276     
   2.1010971667208533       -11.738429056394086     
   2.1017254852515719       -12.770353325271401     
   2.1023538037822895       -13.784130223288239     
   2.1029821223130076       -14.778319118015213     
   2.1036104408437253       -15.751507212621460     
   2.1042387593744434       -16.702311553577413     
   2.1048670779051615       -17.629380995882098     
   2.1054953964358796       -18.531398123129172     
   2.1061237149665972       -19.407081119630632     
   2.1067520334973153       -20.255185591923908     
   2.1073803520280330       -21.074506337163726     
   2.1080086705587515       -21.863879055721998     
   2.1086369890894692       -22.622182005764476     
   2.1092653076201873       -23.348337597320985     
   2.1098936261509049       -24.041313923567401     
   2.1105219446816230       -24.700126227220700     
   2.1111502632123411       -25.323838299929768     
   2.1117785817430592       -25.911563812723401     
   2.1124069002737769       -26.462467575493907     
   2.1130352188044950       -26.975766723839261     
   2.1136635373352126       -27.450731831598439     
   2.1142918558659307       -27.886687947358588     
   2.1149201743966488       -28.283015553592271     
   2.1155484929273665       -28.639151447126803     
   2.1161768114580846       -28.954589539370843     
   2.1168051299888027       -29.228881575502385     
   2.1174334485195208       -29.461637771528380     
   2.1180617670502384       -29.652527368191414     
   2.1186900855809565       -29.801279100918489     
   2.1193184041116742       -29.907681585346641     
   2.1199467226423923       -29.971583617734741     
   2.1205750411731104       -29.992894389792330     
   2.1212033597038285       -29.971583617729131     
   2.1218316782345461       -29.907681585341074     
   2.1224599967652642       -29.801279100918531     
   2.1230883152959819       -29.652527368208116     
   2.1237166338267004       -29.461637771539561     
   2.1243449523574180       -29.228881575485868     
   2.1249732708881361       -28.954589539360157     
   2.1256015894188538       -28.639151447132370     
   2.1262299079495719       -28.283015553603093     
   2.1268582264802900       -27.886687947353376     
   2.1274865450110081       -27.450731831598617     
   2.1281148635417257       -26.975766723844558     
   2.1287431820724438       -26.462467575489132     
   2.1293715006031615       -25.911563812733142     
   2.1299998191338800       -25.323838299934650     
   2.1306281376645977       -24.700126227206610     
   2.1312564561953158       -24.041313923567493     
   2.1318847747260334       -23.348337597325621     
   2.1325130932567515       -22.622182005768828     
   2.1331414117874696       -21.863879055722087     
   2.1337697303181877       -21.074506337155928     
   2.1343980488489054       -20.255185591924093     
   2.1350263673796235       -19.407081119634530     
   2.1356546859103411       -18.531398123132728     
   2.1362830044410597       -17.629380995882361     
   2.1369113229717773       -16.702311553577214     
   2.1375396415024954       -15.751507212618721     
   2.1381679600332131       -14.778319118012432     
   2.1387962785639312       -13.784130223298350     
   2.1394245970946493       -12.770353325269269     
   2.1400529156253674       -11.738429056387073     
   2.1406812341560850       -10.689823837507948     
   2.1413095526868031       -9.6260277940211711     
   2.1419378712175208       -8.5485526383170143     
   2.1425661897482389       -7.4589295215438618     
   2.1431945082789570       -6.3587068577759354     
   2.1438228268096751       -5.2494481236229928     
   2.1444511453403927       -4.1327296364407928     
   2.1450794638711108       -3.0101383143102263     
   2.1457077824018289       -1.8832694209226710     
   2.1463361009325466      -0.75372429863699275     
   2.1469644194632647       0.37689190711881898     
   2.1475927379939823        1.5069725288525275     
   2.1482210565247004        2.6349116601624081     
   2.1488493750554185        3.7591064378247849     
   2.1494776935861366        4.8779593195442947     
   2.1501060121168543        5.9898803541527093     
   2.1507343306475724        7.0932894410200973     
   2.1513626491782900        8.1866185754588585     
   2.1519909677090086        9.2683140769366936     
   2.1526192862397262        10.336838796960782     
   2.1532476047704443        11.390674303429268     
   2.1538759233011620        12.428323038433374     
   2.1545042418318801        13.448310446346037     
   2.1551325603625981        14.449187069224340     
   2.1557608788933162        15.429530606634010     
   2.1563891974240339        16.387947936777518     
   2.1570175159547520        17.323077096160652     
   2.1576458344854696        18.233589215106186     
   2.1582741530161882        19.118190406048335     
   2.1589024715469058        19.975623602292778     
   2.1595307900776239        20.804670344369555     
   2.1601591086083416        21.604152511464871     
   2.1607874271390597        22.372933995695156     
   2.1614157456697773        23.109922316515007     
   2.1620440642004959        23.814070173148739     
   2.1626723827312135        24.484376932988987     
   2.1633007012619316        25.119890053468684     
   2.1639290197926493        25.719706435633260     
   2.1645573383233674        26.282973707620148     
   2.1651856568540855        26.808891435795474     
   2.1658139753848036        27.296712262258961     
   2.1664422939155212        27.745742966974390     
   2.1670706124462393        28.155345452729538     
   2.1676989309769570        28.524937651958965     
   2.1683272495076755        28.853994353933683     
   2.1689555680383932        29.142047951064221     
   2.1695838865691113        29.388689103448492     
   2.1702122050998289        29.593567320513522     
   2.1708405236305470        29.756391459079726     
   2.1714688421612651        29.876930137148147     
   2.1720971606919832        29.955012062661218     
   2.1727254792227009        29.990526276918988     
   2.1733537977534190        29.983422312302320     
   2.1739821162841366        29.933710263933385     
   2.1746104348148547        29.841460775330916     
   2.1752387533455728        29.706804938065979     
   2.1758670718762905        29.529934105485030     
   2.1764953904070086        29.311099620685958     
   2.1771237089377267        29.050612459456687     
   2.1777520274684448        28.748842788307428     
   2.1783803459991624        28.406219438442630     
   2.1790086645298805        28.023229296411870     
   2.1796369830605982        27.600416612152639     
   2.1802653015913163        27.138382225635308     
   2.1808936201220344        26.637782712994941     
   2.1815219386527525        26.099329453501589     
   2.1821502571834701        25.523787618749758     
   2.1827785757141882        24.911975085170223     
   2.1834068942449059        24.264761271830366     
   2.1840352127756244        23.583065904984700     
   2.1846635313063421        22.867857711049968     
   2.1852918498370602        22.120153039998190     
   2.1859201683677778        21.341014421095373     
   2.1865484868984959        20.531549052953686     
   2.1871768054292140        19.692907230136790     
   2.1878051239599321        18.826280708573709     
   2.1884334424906497        17.932901011964741     
   2.1890617610213678        17.014037681757998     
   2.1896900795520855        16.070996473028888     
   2.1903183980828040        15.105117498908299     
   2.1909467166135217        14.117773326286523     
   2.1915750351442398        13.110367025272286     
   2.1922033536749574        12.084330175320854     
   2.1928316722056755        11.041120830959050     
   2.1934599907363936        9.9822214497386703     
   2.1940883092671117        8.9091367856121977     
   2.1947166277978294        7.8233917506223678     
   2.1953449463285475        6.7265292478721488     
   2.1959732648592651        5.6201079789888775     
   2.1966015833899837        4.5057002291425086     
   2.1972299019207013        3.3848896327221198     
   2.1978582204514194        2.2592689229185448     
   2.1984865389821371        1.1304376683511910     
   2.1991148575128552        3.5339496460705743E-013
   2.1997431760435733       -1.1304376683513677     
   2.2003714945742914       -2.2592689229190746     
   2.2009998131050090       -3.3848896327221198     
   2.2016281316357271       -4.5057002291405643     
   2.2022564501664448       -5.6201079789890542     
   2.2028847686971629       -6.7265292478715306     
   2.2035130872278810       -7.8233917506258139     
   2.2041414057585991       -8.9091367856151145     
   2.2047697242893167       -9.9822214497311617     
   2.2053980428200348       -11.041120830959226     
   2.2060263613507529       -12.084330175325183     
   2.2066546798814706       -13.110367025267161     
   2.2072829984121887       -14.117773326286610     
   2.2079113169429063       -15.105117498901407     
   2.2085396354736244       -16.070996473022614     
   2.2091679540043425       -17.014037681770279     
   2.2097962725350606       -17.932901011964123     
   2.2104245910657783       -18.826280708566287     
   2.2110529095964964       -19.692907230136260     
   2.2116812281272140       -20.531549052953334     
   2.2123095466579326       -21.341014421103147     
   2.2129378651886502       -22.120153040006056     
   2.2135661837193683       -22.867857711041133     
   2.2141945022500860       -23.583065904975776     
   2.2148228207808041       -24.264761271830100     
   2.2154511393115222       -24.911975085169871     
   2.2160794578422403       -25.523787618759211     
   2.2167077763729579       -26.099329453501152     
   2.2173360949036760       -26.637782712974531     
   2.2179644134343937       -27.138382225645465     
   2.2185927319651122       -27.600416612162622     
   2.2192210504958299       -28.023229296411781     
   2.2198493690265479       -28.406219438453057     
   2.2204776875572656       -28.748842788296653     
   2.2211060060879837       -29.050612459456772     
   2.2217343246187018       -29.311099620696830     
   2.2223626431494199       -29.529934105473895     
   2.2229909616801375       -29.706804938065979     
   2.2236192802108556       -29.841460775330916     
   2.2242475987415733       -29.933710263933385     
   2.2248759172722918       -29.983422312313451     
   2.2255042358030095       -29.990526276919034     
   2.2261325543337276       -29.955012062649910     
   2.2267608728644452       -29.876930137148239     
   2.2273891913951633       -29.756391459079946     
   2.2280175099258814       -29.593567320513344     
   2.2286458284565995       -29.388689103459626     
   2.2292741469873172       -29.142047951064264     
   2.2299024655180353       -28.853994353922904     
   2.2305307840487529       -28.524937651958879     
   2.2311591025794710       -28.155345452729847     
   2.2317874211101891       -27.745742966984636     
   2.2324157396409072       -27.296712262269295     
   2.2330440581716249       -26.808891435775237     
   2.2336723767023430       -26.282973707620034     
   2.2343006952330611       -25.719706435643129     
   2.2349290137637787       -25.119890053459429     
   2.2355573322944968       -24.484376932997886     
   2.2361856508252149       -23.814070173140436     
   2.2368139693559326       -23.109922316497510     
   2.2374422878866507       -22.372933995712518     
   2.2380706064173688       -21.604152511465379     
   2.2386989249480864       -20.804670344361956     
   2.2393272434788045       -19.975623602300541     
   2.2399555620095222       -19.118190406042043     
   2.2405838805402403       -18.233589215106122     
   2.2412121990709584       -17.323077096174295     
   2.2418405176016765       -16.387947936771614     
   2.2424688361323941       -15.429530606633904     
   2.2430971546631122       -14.449187069224953     
   2.2437254731938299       -13.448310446341255     
   2.2443537917245484       -12.428323038438345     
   2.2449821102552661       -11.390674303429943     
   2.2456104287859842       -10.336838796957180     
   2.2462387473167018       -9.2683140769373988     
   2.2468670658474199       -8.1866185754595655     
   2.2474953843781380       -7.0932894410230674     
   2.2481237029088561       -5.9898803541552681     
   2.2487520214395738       -4.8779593195427600     
   2.2493803399702919       -3.7591064378236747     
   2.2500086585010095       -2.6349116601637093     
   2.2506369770317280       -1.5069725288532618     
   2.2512652955624457      -0.37689190711870135     
   2.2518936140931638       0.75372429863696799     
   2.2525219326238815        1.8832694209216538     
   2.2531502511545995        3.0101383143103431     
   2.2537785696853176        4.1327296364420434     
   2.2544068882160357        5.2494481236207102     
   2.2550352067467534        6.3587068577760482     
   2.2556635252774715        7.4589295215399254     
   2.2562918438081891        8.5485526383171226     
   2.2569201623389077        9.6260277940277277     
   2.2575484808696253        10.689823837508062     
   2.2581767994003434        11.738429056387183     
   2.2588051179310611        12.770353325269381     
   2.2594334364617792        13.784130223292895     
   2.2600617549924973        14.778319118018462     
   2.2606900735232154        15.751507212624386     
   2.2613183920539330        16.702311553571363     
   2.2619467105846511        17.629380995875483     
   2.2625750291153688        18.531398123132838     
   2.2632033476460869        19.407081119633954     
   2.2638316661768050        20.255185591932101     
   2.2644599847075231        21.074506337155377     
   2.2650883032382407        21.863879055710008     
   2.2657166217689588        22.622182005777148     
   2.2663449402996769        23.348337597320896     
   2.2669732588303946        24.041313923562942     
   2.2676015773611127        24.700126227225297     
   2.2682298958918308        25.323838299919828     
   2.2688582144225484        25.911563812718587     
   2.2694865329532665        26.462467575508725     
   2.2701148514839846        26.975766723839261     
   2.2707431700147023        27.450731831593448     
   2.2713714885454204        27.886687947353156     
   2.2719998070761380        28.283015553603004     
   2.2726281256068566        28.639151447137671     
   2.2732564441375742        28.954589539354544     
   2.2738847626682923        29.228881575485691     
   2.2745130811990100        29.461637771539337     
   2.2751413997297281        29.652527368202506     
   2.2757697182604462        29.801279100924102     
   2.2763980367911643        29.907681585352339     
   2.2770263553218819        29.971583617723475     
   2.2776546738526000        29.992894389775369     
   2.2782829923833177        29.971583617746095     
   2.2789113109140362        29.907681585352382     
   2.2795396294447539        29.801279100912833     
   2.2801679479754720        29.652527368202637     
   2.2807962665061896        29.461637771528380     
   2.2814245850369077        29.228881575496821     
   2.2820529035676258        28.954589539365543     
   2.2826812220983439        28.639151447127070     
   2.2833095406290616        28.283015553603139     
   2.2839378591597796        27.886687947343042     
   2.2845661776904973        27.450731831603566     
   2.2851944962212158        26.975766723859934     
   2.2858228147519335        26.462467575488695     
   2.2864511332826516        25.911563812718633     
   2.2870794518133692        25.323838299929591     
   2.2877077703440873        24.700126227216195     
   2.2883360888748054        24.041313923571732     
   2.2889644074055235        23.348337597329998     
   2.2895927259362412        22.622182005760056     
   2.2902210444669593        21.863879055709983     
   2.2908493629976769        21.074506337163726     
   2.2914776815283950        20.255185591932122     
   2.2921060000591131        19.407081119633986     
   2.2927343185898312        18.531398123126081     
   2.2933626371205489        17.629380995875383     
   2.2939909556512670        16.702311553584039     
   2.2946192741819851        15.751507212618897     
   2.2952475927127027        14.778319118012474     
   2.2958759112434208        13.784130223298400     
   2.2965042297741389        12.770353325264953     
   2.2971325483048566        11.738429056387107     
   2.2977608668355747        10.689823837516110     
   2.2983891853662928        9.6260277940213133     
   2.2990175038970104        8.5485526383134562     
   2.2996458224277285        7.4589295215439479     
   2.3002741409584462        6.3587068577761068     
   2.3009024594891647        5.2494481236232744     
   2.3015307780198824        4.1327296364408843     
   2.3021590965506005        3.0101383143095153     
   2.3027874150813181        1.8832694209228442     
   2.3034157336120362       0.75372429863793322     
   2.3040440521427543      -0.37689190711923309     
   2.3046723706734724       -1.5069725288525002     
   2.3053006892041901       -2.6349116601617593     
   2.3059290077349082       -3.7591064378229131     
   2.3065573262656258       -4.8779593195464379     
   2.3071856447963444       -5.9898803541543062     
   2.3078139633270620       -7.0932894410207563     
   2.3084422818577801       -8.1866185754588265     
   2.3090706003884978       -9.2683140769335584     
   2.3096989189192159       -10.336838796960558     
   2.3103272374499340       -11.390674303433920     
   2.3109555559806521       -12.428323038433261     
   2.3115838745113697       -13.448310446341148     
   2.3122121930420878       -14.449187069218524     
   2.3128405115728055       -15.429530606640039     
   2.3134688301035240       -16.387947936783263     
   2.3140971486342417       -17.323077096161427     
   2.3147254671649597       -18.233589215098810     
   2.3153537856956774       -19.118190406048853     
   2.3159821042263955       -19.975623602299947     
   2.3166104227571136       -20.804670344370084     
   2.3172387412878317       -21.604152511473199     
   2.3178670598185493       -22.372933995695647     
   2.3184953783492674       -23.109922316497510     
   2.3191236968799851       -23.814070173149073     
   2.3197520154107032       -24.484376932997911     
   2.3203803339414213       -25.119890053469124     
   2.3210086524721394       -25.719706435633171     
   2.3216369710028570       -26.282973707610363     
   2.3222652895335751       -26.808891435785132     
   2.3228936080642928       -27.296712262258961     
   2.3235219265950109       -27.745742966984594     
   2.3241502451257290       -28.155345452740182     
   2.3247785636564471       -28.524937651948100     
   2.3254068821871647       -28.853994353923081     
   2.3260352007178828       -29.142047951086088     
   2.3266635192486009       -29.388689103448360     
   2.3272918377793186       -29.593567320502473     
   2.3279201563100367       -29.756391459079857     
   2.3285484748407548       -29.876930137136974     
   2.3291767933714724       -29.955012062661176     
   2.3298051119021905       -29.990526276930161     
   2.3304334304329086       -29.983422312302142     
   2.3310617489636263       -29.933710263933385     
   2.3316900674943444       -29.841460775319874     
   2.3323183860250620       -29.706804938077241     
   2.3329467045557806       -29.529934105496160     
   2.3335750230864982       -29.311099620674650     
   2.3342033416172163       -29.050612459445862     
   2.3348316601479340       -28.748842788307652     
   2.3354599786786521       -28.406219438453501     
   2.3360882972093702       -28.023229296422123     
   2.3367166157400883       -27.600416612162888     
   2.3373449342708059       -27.138382225625055     
   2.3379732528015240       -26.637782712974971     
   2.3386015713322417       -26.099329453511221     
   2.3392298898629602       -25.523787618759656     
   2.3398582083936779       -24.911975085169846     
   2.3404865269243960       -24.264761271821619     
   2.3411148454551136       -23.583065904975683     
   2.3417431639858317       -22.867857711058960     
   2.3423714825165498       -22.120153040006208     
   2.3429998010472679       -21.341014421095416     
   2.3436281195779856       -20.531549052953181     
   2.3442564381087037       -19.692907230129720     
   2.3448847566394213       -18.826280708573123     
   2.3455130751701398       -17.932901011978391     
   2.3461413937008575       -17.014037681757468     
   2.3467697122315756       -16.070996473016894     
   2.3473980307622933       -15.105117498907514     
   2.3480263492930114       -14.117773326292300     
   2.3486546678237294       -13.110367025271733     
   2.3492829863544475       -12.084330175321019     
   2.3499113048851652       -11.041120830954636     
   2.3505396234158833       -9.9822214497352952     
   2.3511679419466009       -8.9091367856121728     
   2.3517962604773190       -7.8233917506259427     
   2.3524245790080371       -6.7265292478744705     
   2.3530528975387552       -5.6201079789872477     
   2.3536812160694729       -4.5057002291404293     
   2.3543095346001910       -3.3848896327247857     
   2.3549378531309091       -2.2592689229187752     
   2.3555661716616267       -1.1304376683504624     
   2.3561944901923448       -4.8496901759186277E-013
   2.3568228087230629        1.1304376683503452     
   2.3574511272537806        2.2592689229190839     
   2.3580794457844987        3.3848896327229703     
   2.3587077643152168        4.5057002291403139     
   2.3593360828459344        5.6201079789888322     
   2.3599644013766525        6.7265292478714107     
   2.3605927199073706        7.8233917506258344     
   2.3612210384380887        8.9091367856150114     
   2.3618493569688064        9.9822214497310195     
   2.3624776754995245        11.041120830954526     
   2.3631059940302421        12.084330175325068     
   2.3637343125609602        13.110367025271616     
   2.3643626310916783        14.117773326292200     
   2.3649909496223964        15.105117498907449     
   2.3656192681531141        16.070996473016816     
   2.3662475866838322        17.014037681757358     
   2.3668759052145498        17.932901011971161     
   2.3675042237452684        18.826280708573027     
   2.3681325422759860        19.692907230136733     
   2.3687608608067041        20.531549052945074     
   2.3693891793374218        21.341014421095352     
   2.3700174978681399        22.120153040014138     
   2.3706458163988580        22.867857711049989     
   2.3712741349295761        23.583065904975598     
   2.3719024534602937        24.264761271830452     
   2.3725307719910118        24.911975085160201     
   2.3731590905217295        25.523787618759609     
   2.3737874090524480        26.099329453520742     
   2.3744157275831657        26.637782712974886     
   2.3750440461138838        27.138382225625012     
   2.3756723646446014        27.600416612162800     
   2.3763006831753195        28.023229296422162     
   2.3769290017060376        28.406219438453501     
   2.3775573202367557        28.748842788296518     
   2.3781856387674734        29.050612459445816     
   2.3788139572981915        29.311099620685741     
   2.3794422758289091        29.529934105485072     
   2.3800705943596276        29.706804938077155     
   2.3806989128903453        29.841460775330916     
   2.3813272314210634        29.933710263922077     
   2.3819555499517810        29.983422312302228     
   2.3825838684824991        29.990526276941516     
   2.3832121870132172        29.955012062649953     
   2.3838405055439349        29.876930137136974     
   2.3844688240746530        29.756391459079857     
   2.3850971426053711        29.593567320502299     
   2.3857254611360887        29.388689103459580     
   2.3863537796668068        29.142047951075394     
   2.3869820981975249        28.853994353923081     
   2.3876104167282426        28.524937651958879     
   2.3882387352589607        28.155345452729847     
   2.3888670537896788        27.745742966984857     
   2.3894953723203969        27.296712262269295     
   2.3901236908511145        26.808891435775237     
   2.3907520093818326        26.282973707610449     
   2.3913803279125503        25.719706435643154     
   2.3920086464432684        25.119890053469124     
   2.3926369649739865        24.484376932997819     
   2.3932652835047046        23.814070173149251     
   2.3938936020354222        23.109922316497688     
   2.3945219205661403        22.372933995695732     
   2.3951502390968580        21.604152511465514     
   2.3957785576275761        20.804670344370169     
   2.3964068761582942        19.975623602307810     
   2.3970351946890123        19.118190406042231     
   2.3976635132197299        18.233589215098988     
   2.3982918317504480        17.323077096168230     
   2.3989201502811657        16.387947936777433     
   2.3995484688118842        15.429530606640039     
   2.4001767873426019        14.449187069224447     
   2.4008051058733200        13.448310446336730     
   2.4014334244040376        12.428323038433261     
   2.4020617429347557        11.390674303438690     
   2.4026900614654738        10.336838796960734     
   2.4033183799961919        9.2683140769335584     
   2.4039466985269096        8.1866185754590042     
   2.4045750170576277        7.0932894410209339     
   2.4052033355883453        5.9898803541544821     
   2.4058316541190639        4.8779593195452016     
   2.4064599726497815        3.7591064378229131     
   2.4070882911804996        2.6349116601631728     
   2.4077166097112173        1.5069725288525002     
   2.4083449282419354       0.37689190711940979     
   2.4089732467726535      -0.75372429863757984     
   2.4096015653033716       -1.8832694209214307     
   2.4102298838340892       -3.0101383143095153     
   2.4108582023648073       -4.1327296364421215     
   2.4114865208955250       -5.2494481236230977     
   2.4121148394262435       -6.3587068577757542     
   2.4127431579569611       -7.4589295215406786     
   2.4133714764876792       -8.5485526383134562     
   2.4139997950183969       -9.6260277940242300     
   2.4146281135491150       -10.689823837511693     
   2.4152564320798331       -11.738429056387107     
   2.4158847506105507       -12.770353325269282     
   2.4165130691412688       -13.784130223292832     
   2.4171413876719869       -14.778319118012210     
   2.4177697062027046       -15.751507212624286     
   2.4183980247334227       -16.702311553577324     
   2.4190263432641408       -17.629380995875295     
   2.4196546617948584       -18.531398123132618     
   2.4202829803255765       -19.407081119633901     
   2.4209112988562946       -20.255185591932122     
   2.4215396173870127       -21.074506337163641     
   2.4221679359177304       -21.863879055709898     
   2.4227962544484485       -22.622182005759971     
   2.4234245729791661       -23.348337597320718     
   2.4240528915098842       -24.041313923571554     
   2.4246812100406023       -24.700126227225386     
   2.4253095285713204       -25.323838299919785     
   2.4259378471020381       -25.911563812718541     
   2.4265661656327562       -26.462467575498586     
   2.4271944841634738       -26.975766723849599     
   2.4278228026941924       -27.450731831603566     
   2.4284511212249100       -27.886687947353288     
   2.4290794397556281       -28.283015553592094     
   2.4297077582863458       -28.639151447126892     
   2.4303360768170639       -28.954589539376322     
   2.4309643953477820       -29.228881575496910     
   2.4315927138785001       -29.461637771528469     
   2.4322210324092177       -29.652527368202545     
   2.4328493509399358       -29.801279100912833     
   2.4334776694706535       -29.907681585352471     
   2.4341059880013720       -29.971583617734741     
   2.4347343065320897       -29.992894389775284     
   2.4353626250628078       -29.971583617734741     
   2.4359909435935254       -29.907681585341209     
   2.4366192621242435       -29.801279100924056     
   2.4372475806549616       -29.652527368213637     
   2.4378758991856797       -29.461637771528427     
   2.4385042177163974       -29.228881575485776     
   2.4391325362471155       -28.954589539365635     
   2.4397608547778331       -28.639151447137756     
   2.4403891733085517       -28.283015553603093     
   2.4410174918392693       -27.886687947342775     
   2.4416458103699874       -27.450731831593405     
   2.4422741289007051       -26.975766723849684     
   2.4429024474314232       -26.462467575499055     
   2.4435307659621412       -25.911563812718633     
   2.4441590844928589       -25.323838299929655     
   2.4447874030235770       -24.700126227216330     
   2.4454157215542951       -24.041313923562985     
   2.4460440400850127       -23.348337597330019     
   2.4466723586157308       -22.622182005768959     
   2.4473006771464489       -21.863879055710051     
   2.4479289956771666       -21.074506337163726     
   2.4485573142078847       -20.255185591932221     
   2.4491856327386028       -19.407081119634064     
   2.4498139512693209       -18.531398123132906     
   2.4504422698000385       -17.629380995875557     
   2.4510705883307566       -16.702311553571473     
   2.4516989068614743       -15.751507212618941     
   2.4523272253921924       -14.778319118018578     
   2.4529555439229105       -13.784130223298549     
   2.4535838624536286       -12.770353325265056     
   2.4542121809843462       -11.738429056387282     
   2.4548404995150643       -10.689823837512593     
   2.4554688180457820       -9.6260277940246226     
   2.4560971365765005       -8.5485526383172417     
   2.4567254551072182       -7.4589295215432614     
   2.4573537736379363       -6.3587068577741812     
   2.4579820921686539       -5.2494481236208284     
   2.4586104106993720       -4.1327296364441413     
   2.4592387292300901       -3.0101383143104607     
   2.4598670477608082       -1.8832694209217711     
   2.4604953662915259      -0.75372429863708545     
   2.4611236848222440       0.37689190711858389     
   2.4617520033529616        1.5069725288531441     
   2.4623803218836802        2.6349116601621740     
   2.4630086404143978        3.7591064378235588     
   2.4636369589451159        4.8779593195440629     
   2.4642652774758336        5.9898803541524774     
   2.4648935960065517        7.0932894410229581     
   2.4655219145372698        8.1866185754621270     
   2.4661502330679879        9.2683140769333807     
   2.4667785515987055        10.336838796957071     
   2.4674068701294236        11.390674303433734     
   2.4680351886601413        12.428323038438233     
   2.4686635071908598        13.448310446341145     
   2.4692918257215775        14.449187069219050     
   2.4699201442522956        15.429530606633799     
   2.4705484627830132        16.387947936777334     
   2.4711767813137313        17.323077096167324     
   2.4718050998444494        18.233589215106011     
   2.4724334183751675        19.118190406048836     
   2.4730617369058852        19.975623602292611     
   2.4736900554366033        20.804670344361842     
   2.4743183739673209        21.604152511473153     
   2.4749466924980390        22.372933995703729     
   2.4755750110287571        23.109922316497403     
   2.4762033295594748        23.814070173149073     
   2.4768316480901929        24.484376932997844     
   2.4774599666209109        25.119890053459383     
   2.4780882851516286        25.719706435643062     
   2.4787166036823467        26.282973707620013     
   2.4793449222130648        26.808891435775148     
   2.4799732407437824        27.296712262258783     
   2.4806015592745005        27.745742966984594     
   2.4812298778052186        28.155345452740271     
   2.4818581963359367        28.524937651948015     
   2.4824865148666544        28.853994353922950     
   2.4831148333973725        29.142047951075043     
   2.4837431519280901        29.388689103448360     
   2.4843714704588082        29.593567320513429     
   2.4849997889895263        29.756391459091081     
   2.4856281075202444        29.876930137136931     
   2.4862564260509621        29.955012062649867     
   2.4868847445816802        29.990526276930161     
   2.4875130631123978        29.983422312313536     
   2.4881413816431164        29.933710263933563     
   2.4887697001738340        29.841460775330916     
   2.4893980187045521        29.706804938065979     
   2.4900263372352698        29.529934105473895     
   2.4906546557659879        29.311099620685873     
   2.4912829742967060        29.050612459456687     
   2.4919112928274241        28.748842788307694     
   2.4925396113581417        28.406219438442722     
   2.4931679298888598        28.023229296411781     
   2.4937962484195775        27.600416612173142     
   2.4944245669502960        27.138382225635567     
   2.4950528854810137        26.637782712974531     
   2.4956812040117318        26.099329453511221     
   2.4963095225424494        25.523787618749935     
   2.4969378410731675        24.911975085169871     
   2.4975661596038856        24.264761271830629     
   2.4981944781346037        23.583065904975683     
   2.4988227966653214        22.867857711050149     
   2.4994511151960395        22.120153040006407     
   2.5000794337267571        21.341014421103147     
   2.5007077522574757        20.531549052953249     
   2.5013360707881933        19.692907230129190     
   2.5019643893189114        18.826280708566465     
   2.5025927078496291        17.932901011971367     
   2.5032210263803472        17.014037681764272     
   2.5038493449110653        16.070996473022792     
   2.5044776634417834        15.105117498907591     
   2.5051059819725010        14.117773326286699     
   2.5057343005032191        13.110367025267337     
   2.5063626190339368        12.084330175325183     
   2.5069909375646549        11.041120830959226     
   2.5076192560953730        9.9822214497313375     
   2.5082475746260906        8.9091367856123753     
   2.5088758931568087        7.8233917506259907     
   2.5095042116875268        6.7265292478746224     
   2.5101325302182449        5.6201079789874635     
   2.5107608487489625        4.5057002291405643     
   2.5113891672796806        3.3848896327240632     
   2.5120174858103983        2.2592689229187215     
   2.5126458043411164        1.1304376683513677     
   2.5132741228718345        1.7669748230352872E-013
   2.5139024414025526       -1.1304376683501307     
   2.5145307599332702       -2.2592689229183680     
   2.5151590784639883       -3.3848896327230027     
   2.5157873969947060       -4.5057002291423309     
   2.5164157155254245       -5.6201079789886998     
   2.5170440340561422       -6.7265292478721488     
   2.5176723525868603       -7.8233917506223678     
   2.5183006711175779       -8.9091367856120218     
   2.5189289896482960       -9.9822214497342525     
   2.5195573081790141       -11.041120830958871     
   2.5201856267097322       -12.084330175324919     
   2.5208139452404499       -13.110367025266983     
   2.5214422637711680       -14.117773326286345     
   2.5220705823018856       -15.105117498913511     
   2.5226989008326042       -16.070996473022529     
   2.5233272193633218       -17.014037681757909     
   2.5239555378940399       -17.932901011971015     
   2.5245838564247576       -18.826280708566202     
   2.5252121749554757       -19.692907230136612     
   2.5258404934861938       -20.531549052952982     
   2.5264688120169119       -21.341014421095373     
   2.5270971305476295       -22.120153040005967     
   2.5277254490783476       -22.867857711049883     
   2.5283537676090653       -23.583065904984700     
   2.5289820861397838       -24.264761271830366     
   2.5296104046705015       -24.911975085160591     
   2.5302387232012196       -25.523787618749669     
   2.5308670417319372       -26.099329453511135     
   2.5314953602626553       -26.637782712984603     
   2.5321236787933734       -27.138382225635393     
   2.5327519973240915       -27.600416612162800     
   2.5333803158548092       -28.023229296411603     
   2.5340086343855273       -28.406219438442545     
   2.5346369529162449       -28.748842788307609     
   2.5352652714469630       -29.050612459456772     
   2.5358935899776811       -29.311099620685784     
   2.5365219085083992       -29.529934105473806     
   2.5371502270391169       -29.706804938065979     
   2.5377785455698350       -29.841460775342139     
   2.5384068641005531       -29.933710263922077     
   2.5390351826312707       -29.983422312302189     
   2.5396635011619888       -29.990526276930296     
   2.5402918196927065       -29.955012062649953     
   2.5409201382234246       -29.876930137148193     
   2.5415484567541426       -29.756391459091120     
   2.5421767752848607       -29.593567320502473     
   2.5428050938155784       -29.388689103448492     
   2.5434334123462965       -29.142047951075348     
   2.5440617308770141       -28.853994353933768     
   2.5446900494077327       -28.524937651959011     
   2.5453183679384503       -28.155345452729581     
   2.5459466864691684       -27.745742966974390     
   2.5465750049998861       -27.296712262258961     
   2.5472033235306042       -26.808891435785529     
   2.5478316420613223       -26.282973707620169     
   2.5484599605920404       -25.719706435643307     
   2.5490882791227580       -25.119890053459560     
   2.5497165976534761       -24.484376932989075     
   2.5503449161841938       -23.814070173157994     
   2.5509732347149123       -23.109922316506612     
   2.5516015532456300       -22.372933995695249     
   2.5522298717763481       -21.604152511473398     
   2.5528581903070657       -20.804670344362108     
   2.5534865088377838       -19.975623602292867     
   2.5541148273685015       -19.118190406049088     
   2.5547431458992200       -18.233589215106274     
   2.5553714644299377       -17.323077096167633     
   2.5559997829606558       -16.387947936777632     
   2.5566281014913734       -15.429530606634099     
   2.5572564200220915       -14.449187069224429     
   2.5578847385528096       -13.448310446341457     
   2.5585130570835277       -12.428323038433486     
   2.5591413756142454       -11.390674303434063     
   2.5597696941449635       -10.336838796957398     
   2.5603980126756811       -9.2683140769368020     
   2.5610263312063997       -8.1866185754624681     
   2.5616546497371173       -7.0932894410202110     
   2.5622829682678354       -5.9898803541528229     
   2.5629112867985531       -4.8779593195444084     
   2.5635396053292712       -3.7591064378249026     
   2.5641679238599893       -2.6349116601625258     
   2.5647962423907074       -1.5069725288525027     
   2.5654245609214250      -0.37689190711893639     
   2.5660528794521431       0.75372429863673329     
   2.5666811979828608        1.8832694209214191     
   2.5673095165135789        3.0101383143101090     
   2.5679378350442970        4.1327296364418116     
   2.5685661535750146        5.2494481236204820     
   2.5691944721057327        6.3587068577758172     
   2.5698227906364508        7.4589295215461417     
   2.5704511091671689        8.5485526383132733     
   2.5710794276978866        9.6260277940210592     
   2.5717077462286047        10.689823837511472     
   2.5723360647593223        11.738429056386963     
   2.5729643832900404        12.770353325269166     
   2.5735927018207585        13.784130223298256     
   2.5742210203514766        14.778319118012329     
   2.5748493388821942        15.751507212618632     
   2.5754776574129123        16.702311553570468     
   2.5761059759436300        17.629380995882261     
   2.5767342944743485        18.531398123139255     
   2.5773626130050662        19.407081119626774     
   2.5779909315357843        20.255185591924025     
   2.5786192500665019        21.074506337163506     
   2.5792475685972200        21.863879055717739     
   2.5798758871279381        22.622182005768735     
   2.5805042056586562        23.348337597329820     
   2.5811325241893739        24.041313923562786     
   2.5817608427200920        24.700126227206542     
   2.5823891612508096        25.323838299929434     
   2.5830174797815282        25.911563812728104     
   2.5836457983122458        26.462467575498898     
   2.5842741168429639        26.975766723849507     
   2.5849024353736816        27.450731831593224     
   2.5855307539043997        27.886687947353245     
   2.5861590724351178        28.283015553602958     
   2.5867873909658359        28.639151447127023     
   2.5874157094965535        28.954589539365500     
   2.5880440280272716        29.228881575485644     
   2.5886723465579893        29.461637771539515     
   2.5893006650887078        29.652527368213679     
   2.5899289836194255        29.801279100912922     
   2.5905573021501436        29.907681585341031     
   2.5911856206808612        29.971583617734829     
   2.5918139392115793        29.992894389786677     
   2.5924422577422974        29.971583617734741     
   2.5930705762730155        29.907681585341162     
   2.5936988948037332        29.801279100912922     
   2.5943272133344513        29.652527368202637     
   2.5949555318651689        29.461637771528380     
   2.5955838503958870        29.228881575496821     
   2.5962121689266051        28.954589539376322     
   2.5968404874573232        28.639151447127158     
   2.5974688059880409        28.283015553592445     
   2.5980971245187590        27.886687947363804     
   2.5987254430494771        27.450731831593405     
   2.5993537615801947        26.975766723839438     
   2.5999820801109128        26.462467575499115     
   2.6006103986416305        25.911563812718718     
   2.6012387171723486        25.323838299929680     
   2.6018670357030667        24.700126227225471     
   2.6024953542337848        24.041313923563074     
   2.6031236727645024        23.348337597320985     
   2.6037519912952205        22.622182005760759     
   2.6043803098259382        21.863879055718112     
   2.6050086283566567        21.074506337172124     
   2.6056369468873744        20.255185591924260     
   2.6062652654180924        19.407081119627183     
   2.6068935839488101        18.531398123133059     
   2.6075219024795282        17.629380995882627     
   2.6081502210102463        16.702311553577502     
   2.6087785395409644        15.751507212624640     
   2.6094068580716820        14.778319118012742     
   2.6100351766024001        13.784130223288239     
   2.6106634951331178        12.770353325269634     
   2.6112918136638363        11.738429056392231     
   2.6119201321945540        10.689823837511781     
   2.6125484507252721        9.6260277940247594     
   2.6131767692559897        8.5485526383138097     
   2.6138050877867078        7.4589295215432410     
   2.6144334063174259        6.3587068577762835     
   2.6150617248481440        5.2494481236209776     
   2.6156900433788617        4.1327296364422974     
   2.6163183619095798        3.0101383143098688     
   2.6169466804402974        1.8832694209221374     
   2.6175749989710160       0.75372429863793322     
   2.6182033175017336      -0.37689190711923309     
   2.6188316360324517       -1.5069725288519700     
   2.6194599545631694       -2.6349116601629965     
   2.6200882730938875       -3.7591064378245029     
   2.6207165916246056       -4.8779593195448481     
   2.6213449101553237       -5.9898803541523620     
   2.6219732286860413       -7.0932894410204037     
   2.6226015472167594       -8.1866185754584730     
   2.6232298657474771       -9.2683140769333807     
   2.6238581842781952       -10.336838796960469     
   2.6244865028089133       -11.390674303438249     
   2.6251148213396314       -12.428323038433083     
   2.6257431398703490       -13.448310446336466     
   2.6263714584010671       -14.449187069229922     
   2.6269997769317852       -15.429530606633678     
   2.6276280954625029       -16.387947936771337     
   2.6282564139932210       -17.323077096174060     
   2.6288847325239391       -18.233589215098636     
   2.6295130510546567       -19.118190406041876     
   2.6301413695853748       -19.975623602307721     
   2.6307696881160929       -20.804670344361778     
   2.6313980066468106       -21.604152511465070     
   2.6320263251775287       -22.372933995695025     
   2.6326546437082463       -23.109922316497425     
   2.6332829622389644       -23.814070173157557     
   2.6339112807696825       -24.484376932997733     
   2.6345395993004006       -25.119890053459407     
   2.6351679178311183       -25.719706435643062     
   2.6357962363618364       -26.282973707609830     
   2.6364245548925540       -26.808891435785309     
   2.6370528734232725       -27.296712262279371     
   2.6376811919539902       -27.745742966974259     
   2.6383095104847083       -28.155345452718798     
   2.6389378290154260       -28.524937651958879     
   2.6395661475461440       -28.853994353933768     
   2.6401944660768621       -29.142047951075220     
   2.6408227846075802       -29.388689103459495     
   2.6414511031382979       -29.593567320502299     
   2.6420794216690160       -29.756391459068638     
   2.6427077401997336       -29.876930137148193     
   2.6433360587304522       -29.955012062661176     
   2.6439643772611698       -29.990526276930254     
   2.6445926957918879       -29.983422312302189     
   2.6452210143226056       -29.933710263922162     
   2.6458493328533237       -29.841460775342270     
   2.6464776513840418       -29.706804938077155     
   2.6471059699147599       -29.529934105473941     
   2.6477342884454775       -29.311099620685830     
   2.6483626069761956       -29.050612459445862     
   2.6489909255069133       -28.748842788307389     
   2.6496192440376318       -28.406219438453547     
   2.6502475625683495       -28.023229296411564     
   2.6508758810990676       -27.600416612163066     
   2.6515041996297852       -27.138382225625143     
   2.6521325181605033       -26.637782712984826     
   2.6527608366912214       -26.099329453520941     
   2.6533891552219395       -25.523787618749910     
   2.6540174737526572       -24.911975085160353     
   2.6546457922833753       -24.264761271830697     
   2.6552741108140929       -23.583065904975843     
   2.6559024293448110       -22.867857711050213     
   2.6565307478755291       -22.120153040014380     
   2.6571590664062472       -21.341014421095572     
   2.6577873849369649       -20.531549052945326     
   2.6584157034676830       -19.692907230144101     
   2.6590440219984011       -18.826280708566532     
   2.6596723405291187       -17.932901011964368     
   2.6603006590598368       -17.014037681764425     
   2.6609289775905549       -16.070996473017125     
   2.6615572961212726       -15.105117498907724     
   2.6621856146519907       -14.117773326292502     
   2.6628139331827088       -13.110367025267387     
   2.6634422517134264       -12.084330175325382     
   2.6640705702441445       -11.041120830955649     
   2.6646988887748622       -9.9822214497347144     
   2.6653272073055807       -8.9091367856191148     
   2.6659555258362984       -7.8233917506228137     
   2.6665838443670165       -6.7265292478696290     
   2.6672121628977341       -5.6201079789891768     
   2.6678404814284522       -4.5057002291427812     
   2.6684687999591703       -3.3848896327233220     
   2.6690971184898884       -2.2592689229194356     
   2.6697254370206061       -1.1304376683506978     
   2.6703537555513241       -2.9381995897688821E-013
   2.6709820740820418        1.1304376683509620     
   2.6716103926127603        2.2592689229188498     
   2.6722387111434780        3.3848896327235840     
   2.6728670296741961        4.5057002291400794     
   2.6734953482049137        5.6201079789869040     
   2.6741236667356318        6.7265292478741276     
   2.6747519852663499        7.8233917506256017     
   2.6753803037970680        8.9091367856118424     
   2.6760086223277857        9.9822214497349666     
   2.6766369408585038        11.041120830954300     
   2.6772652593892214        12.084330175325631     
   2.6778935779199400        13.110367025271412     
   2.6785218964506576        14.117773326287054     
   2.6791502149813757        15.105117498907237     
   2.6797785335120934        16.070996473016596     
   2.6804068520428115        17.014037681763938     
   2.6810351705735296        17.932901011978092     
   2.6816634891042477        18.826280708566077     
   2.6822918076349653        19.692907230129467     
   2.6829201261656834        20.531549052952951     
   2.6835484446964011        21.341014421095196     
   2.6841767632271192        22.120153040005942     
   2.6848050817578373        22.867857711058715     
   2.6854334002885554        23.583065904975467     
   2.6860617188192730        24.264761271821417     
   2.6866900373499911        24.911975085179257     
   2.6873183558807092        25.523787618749648     
   2.6879466744114269        26.099329453501436     
   2.6885749929421450        26.637782712984603     
   2.6892033114728631        27.138382225624923     
   2.6898316300035807        27.600416612162714     
   2.6904599485342988        28.023229296421984     
   2.6910882670650169        28.406219438442591     
   2.6917165855957346        28.748842788307520     
   2.6923449041264527        29.050612459445553     
   2.6929732226571703        29.311099620685784     
   2.6936015411878889        29.529934105496029     
   2.6942298597186065        29.706804938065932     
   2.6948581782493246        29.841460775319653     
   2.6954864967800423        29.933710263933428     
   2.6961148153107604        29.983422312313536     
   2.6967431338414785        29.990526276930254     
   2.6973714523721966        29.955012062661261     
   2.6979997709029142        29.876930137136885     
   2.6986280894336323        29.756391459068638     
   2.6992564079643500        29.593567320513607     
   2.6998847264950685        29.388689103459669     
   2.7005130450257862        29.142047951075131     
   2.7011413635565042        28.853994353923081     
   2.7017696820872219        28.524937651948100     
   2.7023980006179400        28.155345452740359     
   2.7030263191486581        27.745742966984771     
   2.7036546376793762        27.296712262259053     
   2.7042829562100938        26.808891435785398     
   2.7049112747408119        26.282973707610449     
   2.7055395932715296        25.719706435642799     
   2.7061679118022481        25.119890053469305     
   2.7067962303329658        24.484376932988631     
   2.7074245488636839        23.814070173149336     
   2.7080528673944015        23.109922316497777     
   2.7086811859251196        22.372933995704035     
   2.7093095044558377        21.604152511481239     
   2.7099378229865558        20.804670344362307     
   2.7105661415172735        19.975623602292348     
   2.7111944600479916        19.118190406049035     
   2.7118227785787092        18.233589215099165     
   2.7124510971094273        17.323077096167790     
   2.7130794156401454        16.387947936783529     
   2.7137077341708635        15.429530606634298     
   2.7143360527015812        14.449187069218793     
   2.7149643712322993        13.448310446341502     
   2.7155926897630169        12.428323038433613     
   2.7162210082937350        11.390674303434096     
   2.7168493268244531        10.336838796960999     
   2.7174776453551712        9.2683140769338230     
   2.7181059638858889        8.1866185754589154     
   2.7187342824166070        7.0932894410234066     
   2.7193626009473251        5.9898803541530690     
   2.7199909194780427        4.8779593195444946     
   2.7206192380087608        3.7591064378250332     
   2.7212475565394789        2.6349116601621128     
   2.7218758750701966        1.5069725288526767     
   2.7225041936009147       0.37689190711976317     
   2.7231325121316328      -0.75372429863669632     
   2.7237608306623504       -1.8832694209224909     
   2.7243891491930685       -3.0101383143084552     
   2.7250174677237862       -4.1327296364426509     
   2.7256457862545047       -5.2494481236243340     
   2.7262741047852224       -6.3587068577736341     
   2.7269024233159405       -7.4589295215403260     
   2.7275307418466581       -8.5485526383131027     
   2.7281590603773762       -9.6260277940242300     
   2.7287873789080943       -10.689823837515846     
   2.7294156974388124       -11.738429056386842     
   2.7300440159695301       -12.770353325264599     
   2.7306723345002482       -13.784130223292568     
   2.7313006530309658       -14.778319118018217     
   2.7319289715616843       -15.751507212624198     
   2.7325572900924020       -16.702311553577591     
   2.7331856086231201       -17.629380995875117     
   2.7338139271538378       -18.531398123125992     
   2.7344422456845559       -19.407081119633634     
   2.7350705642152739       -20.255185591931856     
   2.7356988827459920       -21.074506337163459     
   2.7363272012767097       -21.863879055709720     
   2.7369555198074278       -22.622182005759878     
   2.7375838383381454       -23.348337597338745     
   2.7382121568688640       -24.041313923571469     
   2.7388404753995816       -24.700126227207097     
   2.7394687939302997       -25.323838299929324     
   2.7400971124610174       -25.911563812718455     
   2.7407254309917355       -26.462467575498852     
   2.7413537495224536       -26.975766723859845     
   2.7419820680531717       -27.450731831593316     
   2.7426103865838893       -27.886687947342864     
   2.7432387051146074       -28.283015553602873     
   2.7438670236453251       -28.639151447126892     
   2.7444953421760432       -28.954589539365458     
   2.7451236607067613       -29.228881575496821     
   2.7457519792374794       -29.461637771528380     
   2.7463802977681970       -29.652527368202460     
   2.7470086162989151       -29.801279100924056     
   2.7476369348296332       -29.907681585341162     
   2.7482652533603509       -29.971583617734698     
   2.7488935718910690       -29.992894389786592     
   2.7495218904217871       -29.971583617723567     
   2.7501502089525047       -29.907681585352428     
   2.7507785274832228       -29.801279100924187     
   2.7514068460139409       -29.652527368191329     
   2.7520351645446586       -29.461637771539422     
   2.7526634830753767       -29.228881575496953     
   2.7532918016060948       -28.954589539365458     
   2.7539201201368129       -28.639151447137802     
   2.7545484386675305       -28.283015553592314     
   2.7551767571982486       -27.886687947342864     
   2.7558050757289663       -27.450731831593494     
   2.7564333942596844       -26.975766723849819     
   2.7570617127904025       -26.462467575508967     
   2.7576900313211206       -25.911563812718764     
   2.7583183498518382       -25.323838299919963     
   2.7589466683825563       -24.700126227216440     
   2.7595749869132740       -24.041313923571952     
   2.7602033054439925       -23.348337597330172     
   2.7608316239747102       -22.622182005768561     
   2.7614599425054283       -21.863879055710228     
   2.7620882610361459       -21.074506337155668     
   2.7627165795668640       -20.255185591932378     
   2.7633448980975821       -19.407081119634217     
   2.7639732166283002       -18.531398123133094     
   2.7646015351590179       -17.629380995875781     
   2.7652298536897360       -16.702311553571661     
   2.7658581722204536       -15.751507212630273     
   2.7664864907511721       -14.778319118018771     
   2.7671148092818898       -13.784130223287610     
   2.7677431278126079       -12.770353325269706     
   2.7683714463433255       -11.738429056387510     
   2.7689997648740436       -10.689823837512014     
   2.7696280834047617       -9.6260277940280616     
   2.7702564019354798       -8.5485526383138346     
   2.7708847204661975       -7.4589295215402647     
   2.7715130389969156       -6.3587068577763919     
   2.7721413575276332       -5.2494481236226171     
   2.7727696760583518       -4.1327296364423942     
   2.7733979945890694       -3.0101383143091365     
   2.7740263131197875       -1.8832694209220056     
   2.7746546316505052      -0.75372429863732071     
   2.7752829501812233       0.37689190711891690     
   2.7759112687119414        1.5069725288519158     
   2.7765395872426590        2.6349116601627895     
   2.7771679057733771        3.7591064378243186     
   2.7777962243040952        4.8779593195424136     
   2.7784245428348129        5.9898803541549199     
   2.7790528613655310        7.0932894410227281     
   2.7796811798962491        8.1866185754557321     
   2.7803094984269667        9.2683140769370560     
   2.7809378169576848        10.336838796960343     
   2.7815661354884029        11.390674303434301     
   2.7821944540191210        12.428323038438025     
   2.7828227725498387        13.448310446336256     
   2.7834510910805568        14.449187069218846     
   2.7840794096112744        15.429530606633586     
   2.7847077281419925        16.387947936777113     
   2.7853360466727106        17.323077096174028     
   2.7859643652034287        18.233589215098625     
   2.7865926837341464        19.118190406041766     
   2.7872210022648645        19.975623602299638     
   2.7878493207955821        20.804670344361668     
   2.7884776393263002        21.604152511472979     
   2.7891059578570183        22.372933995712319     
   2.7897342763877364        23.109922316497311     
   2.7903625949184541        23.814070173140216     
   2.7909909134491722        24.484376932997687     
   2.7916192319798898        25.119890053468904     
   2.7922475505106084        25.719706435642976     
   2.7928758690413260        26.282973707610228     
   2.7935041875720441        26.808891435774971     
   2.7941325061027618        27.296712262269121     
   2.7947608246334799        27.745742966984505     
   2.7953891431641980        28.155345452729716     
   2.7960174616949161        28.524937651958879     
   2.7966457802256337        28.853994353922904     
   2.7972740987563518        29.142047951064132     
   2.7979024172870695        29.388689103470625     
   2.7985307358177880        29.593567320513383     
   2.7991590543485056        29.756391459068723     
   2.7997873728792237        29.876930137148147     
   2.8004156914099414        29.955012062649910     
   2.8010440099406595        29.990526276930208     
   2.8016723284713776        29.983422312313536     
   2.8023006470020957        29.933710263922162     
   2.8029289655328133        29.841460775330830     
   2.8035572840635314        29.706804938066071     
   2.8041856025942491        29.529934105485030     
   2.8048139211249676        29.311099620696915     
   2.8054422396556853        29.050612459445816     
   2.8060705581864034        28.748842788296741     
   2.8066988767171210        28.406219438453235     
   2.8073271952478391        28.023229296422297     
   2.8079555137785572        27.600416612152465     
   2.8085838323092749        27.138382225635308     
   2.8092121508399930        26.637782712984869     
   2.8098404693707111        26.099329453501326     
   2.8104687879014287        25.523787618759474     
   2.8110971064321468        24.911975085170045     
   2.8117254249628649        24.264761271821442     
   2.8123537434935826        23.583065904975950     
   2.8129820620243007        22.867857711050235     
   2.8136103805550188        22.120153040014362     
   2.8142386990857369        21.341014421095551     
   2.8148670176164545        20.531549052945383     
   2.8154953361471726        19.692907230137145     
   2.8161236546778903        18.826280708566554     
   2.8167519732086084        17.932901011971634     
   2.8173802917393265        17.014037681770631     
   2.8180086102700446        16.070996473017139     
   2.8186369288007622        15.105117498901761     
   2.8192652473314803        14.117773326292619     
   2.8198935658621980        13.110367025272110     
   2.8205218843929165        12.084330175325537     
   2.8211502029236342        11.041120830954897     
   2.8217785214543523        9.9822214497315152     
   2.8224068399850699        8.9091367856154680     
   2.8230351585157880        7.8233917506261665     
   2.8236634770465061        6.7265292478718832     
   2.8242917955772242        5.6201079789894068     
   2.8249201141079419        4.5057002291409178     
   2.8255484326386600        3.3848896327224729     
   2.8261767511693776        2.2592689229197815     
   2.8268050697000962        1.1304376683517210     
   2.8274333882308138       -3.5339496460705743E-013
   2.8280617067615319       -1.1304376683508375     
   2.8286900252922496       -2.2592689229181913     
   2.8293183438229677       -3.3848896327235334     
   2.8299466623536857       -4.5057002291421551     
   2.8305749808844038       -5.6201079789867574     
   2.8312032994151215       -6.7265292478718832     
   2.8318316179458396       -7.8233917506221919     
   2.8324599364765572       -8.9091367856154680     
   2.8330882550072758       -9.9822214497381410     
   2.8337165735379934       -11.041120830955073     
   2.8343448920687115       -12.084330175320503     
   2.8349732105994292       -13.110367025272110     
   2.8356015291301473       -14.117773326291912     
   2.8362298476608654       -15.105117498901672     
   2.8368581661915830       -16.070996473022880     
   2.8374864847223011       -17.014037681764005     
   2.8381148032530192       -17.932901011964656     
   2.8387431217837369       -18.826280708573268     
   2.8393714403144550       -19.692907230136349     
   2.8399997588451731       -20.531549052945383     
   2.8406280773758907       -21.341014421095196     
   2.8412563959066088       -22.120153040005878     
   2.8418847144373269       -22.867857711058541     
   2.8425130329680450       -23.583065904975420     
   2.8431413514987627       -24.264761271821357     
   2.8437696700294808       -24.911975085169608     
   2.8443979885601984       -25.523787618749580     
   2.8450263070909165       -26.099329453510954     
   2.8456546256216346       -26.637782712994852     
   2.8462829441523527       -27.138382225624966     
   2.8469112626830704       -27.600416612152376     
   2.8475395812137885       -28.023229296421945     
   2.8481678997445061       -28.406219438453412     
   2.8487962182752247       -28.748842788307428     
   2.8494245368059423       -29.050612459445816     
   2.8500528553366604       -29.311099620674650     
   2.8506811738673781       -29.529934105484852     
   2.8513094923980962       -29.706804938077113     
   2.8519378109288143       -29.841460775331008     
   2.8525661294595324       -29.933710263933385     
   2.8531944479902500       -29.983422312302189     
   2.8538227665209681       -29.990526276919034     
   2.8544510850516858       -29.955012062672484     
   2.8550794035824043       -29.876930137148193     
   2.8557077221131220       -29.756391459068638     
   2.8563360406438401       -29.593567320513564     
   2.8569643591745577       -29.388689103448449     
   2.8575926777052758       -29.142047951075089     
   2.8582209962359939       -28.853994353933945     
   2.8588493147667120       -28.524937651948321     
   2.8594776332974297       -28.155345452729538     
   2.8601059518281478       -27.745742966974436     
   2.8607342703588654       -27.296712262269256     
   2.8613625888895839       -26.808891435795601     
   2.8619909074203016       -26.282973707610118     
   2.8626192259510197       -25.719706435633455     
   2.8632475444817373       -25.119890053468946     
   2.8638758630124554       -24.484376932998217     
   2.8645041815431735       -23.814070173148917     
   2.8651325000738916       -23.109922316506236     
   2.8657608186046093       -22.372933995695401     
   2.8663891371353274       -21.604152511465095     
   2.8670174556660450       -20.804670344369818     
   2.8676457741967631       -19.975623602300267     
   2.8682740927274812       -19.118190406041734     
   2.8689024112581989       -18.233589215099276     
   2.8695307297889170       -17.323077096167822     
   2.8701590483196351       -16.387947936777817     
   2.8707873668503527       -15.429530606634309     
   2.8714156853810708       -14.449187069224639     
   2.8720440039117889       -13.448310446341669     
   2.8726723224425066       -12.428323038433696     
   2.8733006409732247       -11.390674303434274     
   2.8739289595039428       -10.336838796964605     
   2.8745572780346609       -9.2683140769339474     
   2.8751855965653785       -8.1866185754557073     
   2.8758139150960966       -7.0932894410235257     
   2.8764422336268143       -5.9898803541530530     
   2.8770705521575324       -4.8779593195446411     
   2.8776988706882505       -3.7591064378251366     
   2.8783271892189686       -2.6349116601621918     
   2.8789555077496862       -1.5069725288528795     
   2.8795838262804043      -0.37689190712002407     
   2.8802121448111220       0.75372429863735024     
   2.8808404633418405        1.8832694209226035     
   2.8814687818725582        3.0101383143091658     
   2.8820971004032763        4.1327296364404456     
   2.8827254189339939        5.2494481236226456     
   2.8833537374647120        6.3587068577755890     
   2.8839820559954301        7.4589295215435172     
   2.8846103745261482        8.5485526383166750     
   2.8852386930568659        9.6260277940208336     
   2.8858670115875840        10.689823837507618     
   2.8864953301183016        11.738429056391569     
   2.8871236486490202        12.770353325268948     
   2.8877519671797378        13.784130223293230     
   2.8883802857104559        14.778319118012123     
   2.8890086042411736        15.751507212618423     
   2.8896369227718917        16.702311553583552     
   2.8902652413026098        17.629380995882077     
   2.8908935598333279        18.531398123125804     
   2.8915218783640455        19.407081119634253     
   2.8921501968947636        20.255185591923851     
   2.8927785154254813        21.074506337163925     
   2.8934068339561998        21.863879055726127     
   2.8940351524869175        22.622182005760344     
   2.8946634710176355        23.348337597321116     
   2.8952917895483532        24.041313923571973     
   2.8959201080790713        24.700126227215975     
   2.8965484266097894        25.323838299929747     
   2.8971767451405075        25.911563812718342     
   2.8978050636712251        26.462467575489001     
   2.8984333822019432        26.975766723849421     
   2.8990617007326609        27.450731831593185     
   2.8996900192633790        27.886687947353288     
   2.9003183377940971        28.283015553602873     
   2.9009466563248147        28.639151447126892     
   2.9015749748555328        28.954589539365500     
   2.9022032933862509        29.228881575507820     
   2.9028316119169690        29.461637771528292     
   2.9034599304476867        29.652527368191329     
   2.9040882489784048        29.801279100923963     
   2.9047165675091224        29.907681585341162     
   2.9053448860398405        29.971583617734829     
   2.9059732045705586        29.992894389786546     
   2.9066015231012767        29.971583617723475     
   2.9072298416319944        29.907681585352471     
   2.9078581601627125        29.801279100912922     
   2.9084864786934301        29.652527368202545     
   2.9091147972241487        29.461637771550645     
   2.9097431157548663        29.228881575485868     
   2.9103714342855844        28.954589539354856     
   2.9109997528163021        28.639151447137849     
   2.9116280713470202        28.283015553603139     
   2.9122563898777383        27.886687947353199     
   2.9128847084084564        27.450731831603651     
   2.9135130269391740        26.975766723839524     
   2.9141413454698921        26.462467575489047     
   2.9147696640006098        25.911563812728438     
   2.9153979825313283        25.323838299929768     
   2.9160263010620460        24.700126227215932     
   2.9166546195927641        24.041313923563340     
   2.9172829381234817        23.348337597321255     
   2.9179112566541998        22.622182005777372     
   2.9185395751849179        21.863879055718112     
   2.9191678937156360        21.074506337155775     
   2.9197962122463537        20.255185591931856     
   2.9204245307770718        19.407081119627360     
   2.9210528493077894        18.531398123132529     
   2.9216811678385080        17.629380995889164     
   2.9223094863692256        16.702311553571139     
   2.9229378048999437        15.751507212618543     
   2.9235661234306614        14.778319118018128     
   2.9241944419613795        13.784130223293186     
   2.9248227604920976        12.770353325268928     
   2.9254510790228156        11.738429056387725     
   2.9260793975535333        10.689823837507806     
   2.9267077160842514        9.6260277940249370     
   2.9273360346149691        8.5485526383139856     
   2.9279643531456871        7.4589295215434177     
   2.9285926716764052        6.3587068577784036     
   2.9292209902071233        5.2494481236213302     
   2.9298493087378410        4.1327296364405308     
   2.9304776272685591        3.0101383143114586     
   2.9311059457992772        1.8832694209221374     
   2.9317342643299948       0.75372429863669632     
   2.9323625828607129      -0.37689190711870296     
   2.9329909013914306       -1.5069725288517934     
   2.9336192199221487       -2.6349116601628193     
   2.9342475384528668       -3.7591064378241494     
   2.9348758569835849       -4.8779593195421969     
   2.9355041755143025       -5.9898803541548364     
   2.9361324940450206       -7.0932894410196088     
   2.9367608125757383       -8.1866185754590930     
   2.9373891311064568       -9.2683140769399195     
   2.9380174496371745       -10.336838796956670     
   2.9386457681678926       -11.390674303429591     
   2.9392740866986102       -12.428323038437942     
   2.9399024052293283       -13.448310446340884     
   2.9405307237600464       -14.449187069224534     
   2.9411590422907645       -15.429530606639597     
   2.9417873608214822       -16.387947936771248     
   2.9424156793522003       -17.323077096160898     
   2.9430439978829179       -18.233589215105791     
   2.9436723164136365       -19.118190406048502     
   2.9443006349443541       -19.975623602300121     
   2.9449289534750722       -20.804670344361604     
   2.9455572720057899       -21.604152511465070     
   2.9461855905365080       -22.372933995703505     
   2.9468139090672256       -23.109922316506168     
   2.9474422275979442       -23.814070173148895     
   2.9480705461286618       -24.484376932998174     
   2.9486988646593799       -25.119890053459141     
   2.9493271831900976       -25.719706435633437     
   2.9499555017208157       -26.282973707629885     
   2.9505838202515338       -26.808891435785220     
   2.9512121387822519       -27.296712262259138     
   2.9518404573129695       -27.745742966984771     
   2.9524687758436876       -28.155345452718890     
   2.9530970943744053       -28.524937651959146     
   2.9537254129051238       -28.853994353933508     
   2.9543537314358415       -29.142047951064264     
   2.9549820499665596       -29.388689103459495     
   2.9556103684972772       -29.593567320502299     
   2.9562386870279953       -29.756391459079857     
   2.9568670055587134       -29.876930137159416     
   2.9574953240894315       -29.955012062649867     
   2.9581236426201492       -29.990526276918988     
   2.9587519611508672       -29.983422312313582     
   2.9593802796815849       -29.933710263922116     
   2.9600085982123030       -29.841460775330916     
   2.9606369167430211       -29.706804938077155     
   2.9612652352737387       -29.529934105473941     
   2.9618935538044568       -29.311099620685919     
   2.9625218723351749       -29.050612459456818     
   2.9631501908658930       -28.748842788296695     
   2.9637785093966107       -28.406219438453366     
   2.9644068279273288       -28.023229296411916     
   2.9650351464580464       -27.600416612152554     
   2.9656634649887645       -27.138382225645728     
   2.9662917835194826       -26.637782712984912     
   2.9669201020502007       -26.099329453501436     
   2.9675484205809184       -25.523787618759521     
   2.9681767391116365       -24.911975085160929     
   2.9688050576423541       -24.264761271830320     
   2.9694333761730727       -23.583065904993756     
   2.9700616947037903       -22.867857711041445     
   2.9706900132345084       -22.120153039997859     
   2.9713183317652261       -21.341014421095768     
   2.9719466502959442       -20.531549052953565     
   2.9725749688266623       -19.692907230144279     
   2.9732032873573804       -18.826280708566731     
   2.9738316058880980       -17.932901011964557     
   2.9744599244188161       -17.014037681764602     
   2.9750882429495338       -16.070996473023001     
   2.9757165614802523       -15.105117498907935     
   2.9763448800109700       -14.117773326291957     
   2.9769731985416881       -13.110367025267601     
   2.9776015170724057       -12.084330175320668     
   2.9782298356031238       -11.041120830963390     
   2.9788581541338419       -9.9822214497349275     
   2.9794864726645600       -8.9091367856118158     
   2.9801147911952777       -7.8233917506255795     
   2.9807431097259958       -6.7265292478698564     
   2.9813714282567134       -5.6201079789885720     
   2.9819997467874320       -4.5057002291430130     
   2.9826280653181496       -3.3848896327218552     
   2.9832563838488677       -2.2592689229196705     
   2.9838847023795854       -1.1304376683509330     
   2.9845130209103035       -1.0284345649697570E-013
   2.9851413394410216        1.1304376683515789     
   2.9857696579717397        2.2592689229181890     
   2.9863979765024573        3.3848896327224987     
   2.9870262950331754        4.5057002291419677     
   2.9876546135638931        5.6201079789866721     
   2.9882829320946112        6.7265292478717766     
   2.9889112506253293        7.8233917506253743     
   2.9895395691560473        8.9091367856116133     
   2.9901678876867650        9.9822214497347392     
   2.9907962062174831        11.041120830958640     
   2.9914245247482012        12.084330175320479     
   2.9920528432789188        13.110367025271977     
   2.9926811618096369        14.117773326286070     
   2.9933094803403546        15.105117498901699     
   2.9939377988710727        16.070996473028533     
   2.9945661174017908        17.014037681763750     
   2.9951944359325089        17.932901011964386     
   2.9958227544632265        18.826280708573304     
   2.9964510729939446        19.692907230128650     
   2.9970793915246623        20.531549052953423     
   2.9977077100553808        21.341014421111076     
   2.9983360285860985        22.120153039997728     
   2.9989643471168166        22.867857711041356     
   2.9995926656475342        23.583065904975332     
   3.0002209841782523        24.264761271830189     
   3.0008493027089704        24.911975085179101     
   3.0014776212396885        25.523787618749491     
   3.0021059397704062        26.099329453501280     
   3.0027342583011243        26.637782712984514     
   3.0033625768318419        27.138382225635262     
   3.0039908953625605        27.600416612162622     
   3.0046192138932781        28.023229296422297     
   3.0052475324239962        28.406219438442413     
   3.0058758509547139        28.748842788296695     
   3.0065041694854320        29.050612459467729     
   3.0071324880161501        29.311099620685741     
   3.0077608065468682        29.529934105473806     
   3.0083891250775858        29.706804938077155     
   3.0090174436083039        29.841460775319653     
   3.0096457621390216        29.933710263933516     
   3.0102740806697401        29.983422312313497     
   3.0109023992004578        29.990526276918988     
   3.0115307177311759        29.955012062661261     
   3.0121590362618935        29.876930137136885     
   3.0127873547926116        29.756391459079946     
   3.0134156733233297        29.593567320524652     
   3.0140439918540478        29.388689103448538     
   3.0146723103847655        29.142047951064178     
   3.0153006289154836        28.853994353933860     
   3.0159289474462012        28.524937651948189     
   3.0165572659769193        28.155345452729669     
   3.0171855845076374        27.745742966984771     
   3.0178139030383555        27.296712262259053     
   3.0184422215690732        26.808891435785483     
   3.0190705400997913        26.282973707620346     
   3.0196988586305094        25.719706435633437     
   3.0203271771612270        25.119890053469035     
   3.0209554956919451        24.484376932998263     
   3.0215838142226632        23.814070173140237     
   3.0222121327533809        23.109922316506260     
   3.0228404512840990        22.372933995704305     
   3.0234687698148170        21.604152511465248     
   3.0240970883455347        20.804670344369907     
   3.0247254068762528        19.975623602293233     
   3.0253537254069705        19.118190406041698     
   3.0259820439376885        18.233589215112946     
   3.0266103624684066        17.323077096167964     
   3.0272386809991247        16.387947936771514     
   3.0278669995298424        15.429530606634474     
   3.0284953180605605        14.449187069219587     
   3.0291236365912781        13.448310446346451     
   3.0297519551219967        12.428323038438915     
   3.0303802736527143        11.390674303429591     
   3.0310085921834324        10.336838796961176     
   3.0316369107141501        9.2683140769341748     
   3.0322652292448682        8.1866185754592689     
   3.0328935477755863        7.0932894410258811     
   3.0335218663063044        5.9898803541532457     
   3.0341501848370220        4.8779593195423745     
   3.0347785033677401        3.7591064378252095     
   3.0354068218984578        2.6349116601629965     
   3.0360351404291763        1.5069725288530302     
   3.0366634589598940       0.37689190711887965     
   3.0372917774906121      -0.75372429863651957     
   3.0379200960213297       -1.8832694209217842     
   3.0385484145520478       -3.0101383143096920     
   3.0391767330827659       -4.1327296364424750     
   3.0398050516134840       -5.2494481236225674     
   3.0404333701442017       -6.3587068577734565     
   3.0410616886749198       -7.4589295215401483     
   3.0416900072056374       -8.5485526383200821     
   3.0423183257363560       -9.6260277940240524     
   3.0429466442670736       -10.689823837508335     
   3.0435749627977917       -11.738429056391347     
   3.0442032813285094       -12.770353325264511     
   3.0448315998592275       -13.784130223293097     
   3.0454599183899456       -14.778319118017864     
   3.0460882369206637       -15.751507212618368     
   3.0467165554513813       -16.702311553577591     
   3.0473448739820994       -17.629380995882009     
   3.0479731925128171       -18.531398123125637     
   3.0486015110435352       -19.407081119634253     
   3.0492298295742533       -20.255185591931767     
   3.0498581481049714       -21.074506337155597     
   3.0504864666356890       -21.863879055718112     
   3.0511147851664071       -22.622182005768451     
   3.0517431036971252       -23.348337597320985     
   3.0523714222278429       -24.041313923571821     
   3.0529997407585610       -24.700126227216018     
   3.0536280592892791       -25.323838299920048     
   3.0542563778199967       -25.911563812728172     
   3.0548846963507148       -26.462467575498763     
   3.0555130148814329       -26.975766723839349     
   3.0561413334121506       -27.450731831593050     
   3.0567696519428686       -27.886687947342512     
   3.0573979704735863       -28.283015553613563     
   3.0580262890043048       -28.639151447137497     
   3.0586546075350225       -28.954589539354679     
   3.0592829260657406       -29.228881575496732     
   3.0599112445964582       -29.461637771528292     
   3.0605395631271763       -29.652527368202545     
   3.0611678816578944       -29.801279100935275     
   3.0617962001886125       -29.907681585341074     
   3.0624245187193302       -29.971583617723432     
   3.0630528372500483       -29.992894389786724     
   3.0636811557807659       -29.971583617734876     
   3.0643094743114845       -29.907681585352382     
   3.0649377928422021       -29.801279100924056     
   3.0655661113729202       -29.652527368191372     
   3.0661944299036379       -29.461637771528292     
   3.0668227484343560       -29.228881575496999     
   3.0674510669650741       -28.954589539365500     
   3.0680793854957922       -28.639151447137849     
   3.0687077040265098       -28.283015553592403     
   3.0693360225572279       -27.886687947342907     
   3.0699643410879456       -27.450731831613989     
   3.0705926596186641       -26.975766723849905     
   3.0712209781493818       -26.462467575488695     
   3.0718492966800999       -25.911563812728481     
   3.0724776152108175       -25.323838299920162     
   3.0731059337415356       -24.700126227216064     
   3.0737342522722537       -24.041313923572062     
   3.0743625708029718       -23.348337597321315     
   3.0749908893336895       -22.622182005768735     
   3.0756192078644076       -21.863879055718289     
   3.0762475263951252       -21.074506337155796     
   3.0768758449258433       -20.255185591931955     
   3.0775041634565614       -19.407081119634405     
   3.0781324819872795       -18.531398123125960     
   3.0787608005179972       -17.629380995882261     
   3.0793891190487153       -16.702311553577786     
   3.0800174375794334       -15.751507212618609     
   3.0806457561101510       -14.778319118018247     
   3.0812740746408691       -13.784130223293392     
   3.0819023931715872       -12.770353325264708     
   3.0825307117023049       -11.738429056391757     
   3.0831590302330230       -10.689823837512243     
   3.0837873487637411       -9.6260277940210344     
   3.0844156672944587       -8.5485526383140531     
   3.0850439858251768       -7.4589295215413163     
   3.0856723043558945       -6.3587068577786034     
   3.0863006228866130       -5.2494481236236883     
   3.0869289414173307       -4.1327296364406489     
   3.0875572599480487       -3.0101383143109288     
   3.0881855784787664       -1.8832694209222400     
   3.0888138970094845      -0.75372429863755586     
   3.0894422155402026       0.37689190711925002     
   3.0900705340709207        1.5069725288516811     
   3.0906988526016383        2.6349116601619866     
   3.0913271711323564        3.7591064378240859     
   3.0919554896630741        4.8779593195444377     
   3.0925838081937926        5.9898803541546917     
   3.0932121267245103        7.0932894410233285     
   3.0938404452552284        8.1866185754555065     
   3.0944687637859460        9.2683140769337484     
   3.0950970823166641        10.336838796960121     
   3.0957254008473822        11.390674303434084     
   3.0963537193781003        12.428323038437803     
   3.0969820379088180        13.448310446336047     
   3.0976103564395361        14.449187069218647     
   3.0982386749702537        15.429530606645743     
   3.0988669935009723        16.387947936776925     
   3.0994953120316899        17.323077096161473     
   3.1001236305624080        18.233589215105646     
   3.1007519490931257        19.118190406041609     
   3.1013802676238438        19.975623602300079     
   3.1020085861545619        20.804670344369640     
   3.1026369046852800        21.604152511465003     
   3.1032652232159976        22.372933995703992     
   3.1038935417467157        23.109922316506104     
   3.1045218602774334        23.814070173140060     
   3.1051501788081515        24.484376932998064     
   3.1057784973388696        25.119890053468815     
   3.1064068158695877        25.719706435633324     
   3.1070351344003053        26.282973707620211     
   3.1076634529310234        26.808891435775017     
   3.1082917714617411        27.296712262258961     
   3.1089200899924592        27.745742966994932     
   3.1095484085231773        28.155345452729492     
   3.1101767270538954        28.524937651948189     
   3.1108050455846130        28.853994353933906     
   3.1114333641153311        29.142047951075089     
   3.1120616826460492        29.388689103448492     
   3.1126900011767669        29.593567320502299     
   3.1133183197074850        29.756391459079811     
   3.1139466382382031        29.876930137148108     
   3.1145749567689207        29.955012062649867     
   3.1152032752996388        29.990526276930208     
   3.1158315938303569        29.983422312313582     
   3.1164599123610746        29.933710263922162     
   3.1170882308917927        29.841460775319700     
   3.1177165494225103        29.706804938088510     
   3.1183448679532288        29.529934105485204     
   3.1189731864839465        29.311099620674650     
   3.1196015050146646        29.050612459456861     
   3.1202298235453823        28.748842788296830     
   3.1208581420761003        28.406219438453324     
   3.1214864606068184        28.023229296432721     
   3.1221147791375365        27.600416612152554     
   3.1227430976682542        27.138382225625055     
   3.1233714161989723        26.637782712975241     
   3.1239997347296899        26.099329453511043     
   3.1246280532604085        25.523787618769280     
   3.1252563717911261        24.911975085160506     
   3.1258846903218442        24.264761271821531     
   3.1265130088525619        23.583065904984700     
   3.1271413273832800        22.867857711050412     
   3.1277696459139981        22.120153040006056     
   3.1283979644447162        21.341014421103587     
   3.1290262829754338        20.531549052945557     
   3.1296546015061519        19.692907230129631     
   3.1302829200368696        18.826280708573535     
   3.1309112385675881        17.932901011971634     
   3.1315395570983058        17.014037681763920     
   3.1321678756290239        16.070996473023232     
   3.1327961941597415        15.105117498902025     
   3.1334245126904596        14.117773326292001     
   3.1340528312211777        13.110367025272375     
   3.1346811497518958        12.084330175320678     
   3.1353094682826135        11.041120830958871     
   3.1359377868133316        9.9822214497316928     
   3.1365661053440492        8.9091367856120218     
   3.1371944238747673        7.8233917506291704     
   3.1378227424054854        6.7265292478719729     
   3.1384510609362035        5.6201079789869333     
   3.1390793794669212        4.5057002291423309     
   3.1397076979976393        3.3848896327237097     
   3.1403360165283574        2.2592689229183680     
   3.1409643350590750        1.1304376683510142     
   3.1415926535897931        3.5339496460705743E-013
   3.1422209721205112       -1.1304376683506607     
   3.1428492906512289       -2.2592689229180145     
   3.1434776091819470       -3.3848896327215892     
   3.1441059277126646       -4.5057002291419774     
   3.1447342462433827       -5.6201079789906441     
   3.1453625647741013       -6.7265292478717065     
   3.1459908833048189       -7.8233917506261665     
   3.1466192018355370       -8.9091367856114037     
   3.1472475203662547       -9.9822214497311617     
   3.1478758388969728       -11.041120830958606     
   3.1485041574276904       -12.084330175320414     
   3.1491324759584085       -13.110367025266456     
   3.1497607944891262       -14.117773326291648     
   3.1503891130198443       -15.105117498906885     
   3.1510174315505624       -16.070996473029243     
   3.1516457500812809       -17.014037681763828     
   3.1522740686119985       -17.932901011964830     
   3.1529023871427166       -18.826280708573091     
   3.1535307056734343       -19.692907230129279     
   3.1541590242041524       -20.531549052945294     
   3.1547873427348700       -21.341014421103321     
   3.1554156612655881       -22.120153039997042     
   3.1560439797963058       -22.867857711041225     
   3.1566722983270239       -23.583065904983904     
   3.1573006168577415       -24.264761271839554     
   3.1579289353884605       -24.911975085179062     
   3.1585572539191782       -25.523787618749846     
   3.1591855724498963       -26.099329453501237     
   3.1598138909806139       -26.637782712984780     
   3.1604422095113320       -27.138382225635215     
   3.1610705280420497       -27.600416612152465     
   3.1616988465727678       -28.023229296411429     
   3.1623271651034854       -28.406219438442371     
   3.1629554836342035       -28.748842788296479     
   3.1635838021649212       -29.050612459467636     
   3.1642121206956397       -29.311099620696741     
   3.1648404392263578       -29.529934105485030     
   3.1654687577570759       -29.706804938077113     
   3.1660970762877936       -29.841460775319785     
   3.1667253948185117       -29.933710263922162     
   3.1673537133492293       -29.983422312313497     
   3.1679820318799474       -29.990526276918942     
   3.1686103504106651       -29.955012062649867     
   3.1692386689413832       -29.876930137148239     
   3.1698669874721008       -29.756391459079946     
   3.1704953060028194       -29.593567320524606     
   3.1711236245335375       -29.388689103448492     
   3.1717519430642551       -29.142047951064178     
   3.1723802615949732       -28.853994353933992     
   3.1730085801256909       -28.524937651948367     
   3.1736368986564090       -28.155345452729716     
   3.1742652171871271       -27.745742966984857     
   3.1748935357178447       -27.296712262259181     
   3.1755218542485628       -26.808891435775546     
   3.1761501727792805       -26.282973707630084     
   3.1767784913099990       -25.719706435652892     
   3.1774068098407171       -25.119890053459361     
   3.1780351283714348       -24.484376932997865     
   3.1786634469021529       -23.814070173140305     
   3.1792917654328705       -23.109922316497425     
   3.1799200839635886       -22.372933995696151     
   3.1805484024943063       -21.604152511465269     
   3.1811767210250244       -20.804670344370592     
   3.1818050395557420       -19.975623602293222     
   3.1824333580864601       -19.118190406056332     
   3.1830616766171786       -18.233589215119729     
   3.1836899951478967       -17.323077096161118     
   3.1843183136786144       -16.387947936770772     
   3.1849466322093325       -15.429530606639963     
   3.1855749507400501       -14.449187069219011     
   3.1862032692707682       -13.448310446336432     
   3.1868315878014859       -12.428323038438217     
   3.1874599063322040       -11.390674303430593     
   3.1880882248629216       -10.336838796957034     
   3.1887165433936397       -9.2683140769411523     
   3.1893448619243583       -8.1866185754621004     
   3.1899731804550764       -7.0932894410229288     
   3.1906014989857940       -5.9898803541524490     
   3.1912298175165121       -4.8779593195426134     
   3.1918581360472298       -3.7591064378245220     
   3.1924864545779479       -2.6349116601624263     
   3.1931147731086655       -1.5069725288521214     
   3.1937430916393836      -0.37689190711997483     
   3.1943714101701013       0.75372429863640500     
   3.1949997287008194        1.8832694209232193     
   3.1956280472315379        3.0101383143111997     
   3.1962563657622556        4.1327296364410557     
   3.1968846842929737        5.2494481236232540     
   3.1975130028236918        6.3587068577733818     
   3.1981413213544094        7.4589295215408900     
   3.1987696398851275        8.5485526383164459     
   3.1993979584158452        9.6260277940206151     
   3.2000262769465633        10.689823837507403     
   3.2006545954772809        11.738429056391347     
   3.2012829140079990        12.770353325273939     
   3.2019112325387176        13.784130223293005     
   3.2025395510694352        14.778319118018599     
   3.2031678696001533        15.751507212618234     
   3.2037961881308710        16.702311553571473     
   3.2044245066615891        17.629380995881910     
   3.2050528251923067        18.531398123125626     
   3.2056811437230248        19.407081119634043     
   3.2063094622537429        20.255185591931603     
   3.2069377807844606        21.074506337155537     
   3.2075660993151787        21.863879055726571     
   3.2081944178458972        22.622182005768405     
   3.2088227363766149        23.348337597321514     
   3.2094510549073330        24.041313923571821     
   3.2100793734380506        24.700126227206763     
   3.2107076919687687        25.323838299919917     
   3.2113360104994864        25.911563812728218     
   3.2119643290302045        26.462467575488496     
   3.2125926475609221        26.975766723839392     
   3.2132209660916402        27.450731831603253     
   3.2138492846223579        27.886687947363757     
   3.2144776031530768        28.283015553613517     
   3.2151059216837945        28.639151447127023     
   3.2157342402145126        28.954589539354632     
   3.2163625587452302        29.228881575496953     
   3.2169908772759483        29.461637771539422     
   3.2176191958066660        29.652527368191329     
   3.2182475143373841        29.801279100912922     
   3.2188758328681017        29.907681585341116     
   3.2195041513988198        29.971583617723343     
   3.2201324699295375        29.992894389786635     
   3.2207607884602556        29.971583617746095     
   3.2213891069909741        29.907681585363690     
   3.2220174255216922        29.801279100924141     
   3.2226457440524099        29.652527368191329     
   3.2232740625831280        29.461637771528292     
   3.2239023811138456        29.228881575496732     
   3.2245306996445637        28.954589539354856     
   3.2251590181752814        28.639151447126892     
   3.2257873367059995        28.283015553603224     
   3.2264156552367171        27.886687947343127     
   3.2270439737674352        27.450731831613901     
   3.2276722922981538        26.975766723849951     
   3.2283006108288714        26.462467575488780     
   3.2289289293595895        25.911563812728524     
   3.2295572478903072        25.323838299920226     
   3.2301855664210253        24.700126227216018     
   3.2308138849517434        24.041313923572261     
   3.2314422034824610        23.348337597321429     
   3.2320705220131791        22.622182005760408     
   3.2326988405438968        21.863879055718378     
   3.2333271590746149        21.074506337171854     
   3.2339554776053334        20.255185591932033     
   3.2345837961360511        19.407081119633812     
   3.2352121146667692        18.531398123126081     
   3.2358404331974868        17.629380995875295     
   3.2364687517282049        16.702311553571935     
   3.2370970702589226        15.751507212618808     
   3.2377253887896407        14.778319118024315     
   3.2383537073203588        13.784130223288592     
   3.2389820258510764        12.770353325264775     
   3.2396103443817945        11.738429056400889     
   3.2402386629125131        10.689823837512311     
   3.2408669814432307        9.6260277940201657     
   3.2414952999739488        8.5485526383169912     
   3.2421236185046665        7.4589295215406786     
   3.2427519370353846        6.3587068577739867     
   3.2433802555661022        5.2494481236229200     
   3.2440085740968203        4.1327296364415913     
   3.2446368926275380        3.0101383143095153     
   3.2452652111582561        1.8832694209235510     
   3.2458935296889737       0.75372429863757984     
   3.2465218482196927      -0.37689190711923309     
   3.2471501667504103       -1.5069725288525002     
   3.2477784852811284       -2.6349116601619360     
   3.2484068038118461       -3.7591064378248564     
   3.2490351223425642       -4.8779593195420210     
   3.2496634408732818       -5.9898803541527155     
   3.2502917594039999       -7.0932894410223470     
   3.2509200779347176       -8.1866185754552934     
   3.2515483964654357       -9.2683140769328514     
   3.2521767149961534       -10.336838796964267     
   3.2528050335268719       -11.390674303437720     
   3.2534333520575900       -12.428323038438647     
   3.2540616705883081       -13.448310446336025     
   3.2546899891190257       -14.449187069219233     
   3.2553183076497438       -15.429530606639508     
   3.2559466261804615       -16.387947936770896     
   3.2565749447111796       -17.323077096160720     
   3.2572032632418972       -18.233589215105702     
   3.2578315817726153       -19.118190406040817     
   3.2584599003033330       -19.975623602299947     
   3.2590882188340515       -20.804670344385279     
   3.2597165373647696       -21.604152511464985     
   3.2603448558954873       -22.372933995695821     
   3.2609731744262054       -23.109922316505905     
   3.2616014929569230       -23.814070173139974     
   3.2622298114876411       -24.484376932997996     
   3.2628581300183592       -25.119890053468684     
   3.2634864485490769       -25.719706435633345     
   3.2641147670797950       -26.282973707610012     
   3.2647430856105126       -26.808891435785132     
   3.2653714041412312       -27.296712262279549     
   3.2659997226719493       -27.745742966984682     
   3.2666280412026669       -28.155345452718979     
   3.2672563597333850       -28.524937651948100     
   3.2678846782641027       -28.853994353933768     
   3.2685129967948208       -29.142047951064001     
   3.2691413153255384       -29.388689103448538     
   3.2697696338562565       -29.593567320524564     
   3.2703979523869746       -29.756391459068549     
   3.2710262709176923       -29.876930137148282     
   3.2716545894484108       -29.955012062672392     
   3.2722829079791289       -29.990526276918853     
   3.2729112265098466       -29.983422312313497     
   3.2735395450405647       -29.933710263933516     
   3.2741678635712823       -29.841460775319785     
   3.2747961821020004       -29.706804938065932     
   3.2754245006327181       -29.529934105473941     
   3.2760528191634362       -29.311099620674963     
   3.2766811376941538       -29.050612459456861     
   3.2773094562248719       -28.748842788318520     
   3.2779377747555904       -28.406219438464014     
   3.2785660932863085       -28.023229296422123     
   3.2791944118170262       -27.600416612152241     
   3.2798227303477443       -27.138382225624966     
   3.2804510488784620       -26.637782712984734     
   3.2810793674091800       -26.099329453501504     
   3.2817076859398977       -25.523787618749736     
   3.2823360044706158       -24.911975085170223     
   3.2829643230013335       -24.264761271821556     
   3.2835926415320515       -23.583065904993397     
   3.2842209600627701       -22.867857711050526     
   3.2848492785934877       -22.120153039997415     
   3.2854775971242058       -21.341014421111385     
   3.2861059156549239       -20.531549052945692     
   3.2867342341856416       -19.692907230128970     
   3.2873625527163597       -18.826280708573666     
   3.2879908712470773       -17.932901011964741     
   3.2886191897777954       -17.014037681758030     
   3.2892475083085131       -16.070996473023214     
   3.2898758268392312       -15.105117498913474     
   3.2905041453699497       -14.117773326292161     
   3.2911324639006674       -13.110367025271600     
   3.2917607824313855       -12.084330175320883     
   3.2923891009621031       -11.041120830954497     
   3.2930174194928212       -9.9822214497317958     
   3.2936457380235389       -8.9091367856120360     
   3.2942740565542570       -7.8233917506291606     
   3.2949023750849751       -6.7265292478700873     
   3.2955306936156927       -5.6201079789871047     
   3.2961590121464108       -4.5057002291457975     
   3.2967873306771294       -3.3848896327237883     
   3.2974156492078470       -2.2592689229177778     
   3.2980439677385651       -1.1304376683511677     
   3.2986722862692828        8.8348741151764358E-014
   3.2993006048000009        1.1304376683504922     
   3.2999289233307185        2.2592689229192300     
   3.3005572418614366        3.3848896327214173     
   3.3011855603921543        4.5057002291404578     
   3.3018138789228724        5.6201079789906769     
   3.3024421974535905        6.7265292478685978     
   3.3030705159843081        7.8233917506259720     
   3.3036988345150267        8.9091367856181094     
   3.3043271530457448        9.9822214497311563     
   3.3049554715764624        11.041120830959212     
   3.3055837901071805        12.084330175320265     
   3.3062121086378982        13.110367025267205     
   3.3068404271686163        14.117773326291564     
   3.3074687456993339        15.105117498901491     
   3.3080970642300520        16.070996473016212     
   3.3087253827607697        17.014037681763565     
   3.3093537012914878        17.932901011977730     
   3.3099820198222063        18.826280708580558     
   3.3106103383529244        19.692907230129091     
   3.3112386568836421        20.531549052945781     
   3.3118669754143601        21.341014421103214     
   3.3124952939450778        22.120153039997575     
   3.3131236124757959        22.867857711041157     
   3.3137519310065136        23.583065904984345     
   3.3143802495372316        24.264761271820646     
   3.3150085680679493        24.911975085160240     
   3.3156368865986674        25.523787618778513     
   3.3162652051293859        26.099329453510759     
   3.3168935236601036        26.637782712974886     
   3.3175218421908217        27.138382225645508     
   3.3181501607215398        27.600416612152376     
   3.3187784792522574        28.023229296411827     
   3.3194067977829755        28.406219438453235     
   3.3200351163136932        28.748842788296653     
   3.3206634348444113        29.050612459445684     
   3.3212917533751289        29.311099620674611     
   3.3219200719058470        29.529934105496029     
   3.3225483904365656        29.706804938088244     
   3.3231767089672832        29.841460775319746     
   3.3238050274980013        29.933710263922162     
   3.3244333460287190        29.983422312313497     
   3.3250616645594371        29.990526276918942     
   3.3256899830901547        29.955012062649953     
   3.3263183016208728        29.876930137159416     
   3.3269466201515909        29.756391459068723     
   3.3275749386823086        29.593567320502387     
   3.3282032572130267        29.388689103470711     
   3.3288315757437452        29.142047951075220     
   3.3294598942744629        28.853994353933860     
   3.3300882128051810        28.524937651959057     
   3.3307165313358986        28.155345452718890     
   3.3313448498666167        27.745742966974259     
   3.3319731683973344        27.296712262259312     
   3.3326014869280525        26.808891435775681     
   3.3332298054587701        26.282973707620346     
   3.3338581239894882        25.719706435643420     
   3.3344864425202063        25.119890053478315     
   3.3351147610509249        24.484376933007361     
   3.3357430795816425        23.814070173139974     
   3.3363713981123606        23.109922316497510     
   3.3369997166430783        22.372933995703775     
   3.3376280351737964        21.604152511465422     
   3.3382563537045140        20.804670344361867     
   3.3388846722352321        19.975623602300477     
   3.3395129907659498        19.118190406042142     
   3.3401413092966679        18.233589215099606     
   3.3407696278273855        17.323077096168053     
   3.3413979463581041        16.387947936783792     
   3.3420262648888222        15.429530606645518     
   3.3426545834195402        14.449187069219144     
   3.3432829019502579        13.448310446335670     
   3.3439112204809760        12.428323038438471     
   3.3445395390116937        11.390674303429945     
   3.3451678575424117        10.336838796957112     
   3.3457961760731294        9.2683140769373562     
   3.3464244946038475        8.1866185754568832     
   3.3470528131345652        7.0932894410230540     
   3.3476811316652837        5.9898803541596957     
   3.3483094501960018        4.8779593195427280     
   3.3489377687267194        3.7591064378227359     
   3.3495660872574375        2.6349116601631728     
   3.3501944057881556        1.5069725288523235     
   3.3508227243188733       0.37689190711923309     
   3.3514510428495914      -0.75372429863634294     
   3.3520793613803090       -1.8832694209217842     
   3.3527076799110271       -3.0101383143095153     
   3.3533359984417448       -4.1327296364421215     
   3.3539643169724633       -5.2494481236246875     
   3.3545926355031814       -6.3587068577759309     
   3.3552209540338991       -7.4589295215408544     
   3.3558492725646172       -8.5485526383134562     
   3.3564775910953348       -9.6260277940244059     
   3.3571059096260529       -10.689823837507276     
   3.3577342281567706       -11.738429056387282     
   3.3583625466874887       -12.770353325273962     
   3.3589908652182068       -13.784130223287354     
   3.3596191837489244       -14.778319118018397     
   3.3602475022796430       -15.751507212629853     
   3.3608758208103611       -16.702311553571494     
   3.3615041393410787       -17.629380995882538     
   3.3621324578717968       -18.531398123125552     
   3.3627607764025145       -19.407081119627009     
   3.3633890949332326       -20.255185591931504     
   3.3640174134639502       -21.074506337155512     
   3.3646457319946683       -21.863879055709365     
   3.3652740505253860       -22.622182005768359     
   3.3659023690561041       -23.348337597338567     
   3.3665306875868226       -24.041313923580919     
   3.3671590061175407       -24.700126227206741     
   3.3677873246482584       -25.323838299920400     
   3.3684156431789765       -25.911563812728080     
   3.3690439617096941       -26.462467575488869     
   3.3696722802404122       -26.975766723839349     
   3.3703005987711299       -27.450731831603477     
   3.3709289173018480       -27.886687947342331     
   3.3715572358325656       -28.283015553592183     
   3.3721855543632837       -28.639151447159403     
   3.3728138728940023       -28.954589539365369     
   3.3734421914247199       -29.228881575485776     
   3.3740705099554380       -29.461637771550556     
   3.3746988284861561       -29.652527368191414     
   3.3753271470168738       -29.801279100913010     
   3.3759554655475918       -29.907681585352382     
   3.3765837840783095       -29.971583617723432     
   3.3772121026090276       -29.992894389775326     
   3.3778404211397453       -29.971583617723521     
   3.3784687396704633       -29.907681585341209     
   3.3790970582011810       -29.801279100935410     
   3.3797253767318995       -29.652527368213853     
   3.3803536952626176       -29.461637771528292     
   3.3809820137933353       -29.228881575496821     
   3.3816103323240534       -28.954589539365674     
   3.3822386508547715       -28.639151447126938     
   3.3828669693854891       -28.283015553602958     
   3.3834952879162072       -27.886687947343084     
   3.3841236064469249       -27.450731831593316     
   3.3847519249776430       -26.975766723849951     
   3.3853802435083606       -26.462467575499055     
   3.3860085620390792       -25.911563812738134     
   3.3866368805697973       -25.323838299929569     
   3.3872651991005149       -24.700126227206677     
   3.3878935176312330       -24.041313923562917     
   3.3885218361619507       -23.348337597321407     
   3.3891501546926688       -22.622182005760632     
   3.3897784732233864       -21.863879055718510     
   3.3904067917541045       -21.074506337164234     
   3.3910351102848226       -20.255185591924764     
   3.3916634288155403       -19.407081119641564     
   3.3922917473462588       -18.531398123140114     
   3.3929200658769769       -17.629380995875430     
   3.3935483844076946       -16.702311553577292     
   3.3941767029384127       -15.751507212618808     
   3.3948050214691303       -14.778319118012497     
   3.3954333399998484       -13.784130223293628     
   3.3960616585305661       -12.770353325264937     
   3.3966899770612842       -11.738429056387934     
   3.3973182955920018       -10.689823837512451     
   3.3979466141227199       -9.6260277940285022     
   3.3985749326534385       -8.5485526383199080     
   3.3992032511841566       -7.4589295215407274     
   3.3998315697148742       -6.3587068577732087     
   3.4004598882455923       -5.2494481236230790     
   3.4010882067763100       -4.1327296364408808     
   3.4017165253070281       -3.0101383143096041     
   3.4023448438377457       -1.8832694209227594     
   3.4029731623684638      -0.75372429863793289     
   3.4036014808991815       0.37689190711873088     
   3.4042297994298996        1.5069725288535751     
   3.4048581179606181        2.6349116601623197     
   3.4054864364913358        3.7591064378237058     
   3.4061147550220539        4.8779593195442068     
   3.4067430735527719        5.9898803541526187     
   3.4073713920834896        7.0932894410231002     
   3.4079997106142077        8.1866185754552809     
   3.4086280291449254        9.2683140769335211     
   3.4092563476756435        10.336838796959901     
   3.4098846662063611        11.390674303429186     
   3.4105129847370792        12.428323038442661     
   3.4111413032677977        13.448310446345964     
   3.4117696217985154        14.449187069219173     
   3.4123979403292335        15.429530606633914     
   3.4130262588599511        16.387947936777465     
   3.4136545773906692        17.323077096167456     
   3.4142828959213873        18.233589215098899     
   3.4149112144521050        19.118190406048964     
   3.4155395329828231        19.975623602292082     
   3.4161678515135407        20.804670344361934     
   3.4167961700442588        21.604152511481107     
   3.4174244885749774        22.372933995703836     
   3.4180528071056950        23.109922316506506     
   3.4186811256364131        23.814070173139928     
   3.4193094441671308        24.484376932988940     
   3.4199377626978489        25.119890053468662     
   3.4205660812285665        25.719706435633260     
   3.4211943997592846        26.282973707610012     
   3.4218227182900023        26.808891435785046     
   3.4224510368207204        27.296712262268990     
   3.4230793553514385        27.745742966995284     
   3.4237076738821570        28.155345452729492     
   3.4243359924128747        28.524937651948367     
   3.4249643109435928        28.853994353933729     
   3.4255926294743104        29.142047951064178     
   3.4262209480050285        29.388689103448449     
   3.4268492665357462        29.593567320513522     
   3.4274775850664643        29.756391459068464     
   3.4281059035971819        29.876930137136885     
   3.4287342221279000        29.955012062661218     
   3.4293625406586177        29.990526276941470     
   3.4299908591893367        29.983422312324716     
   3.4306191777200543        29.933710263933385     
   3.4312474962507724        29.841460775319785     
   3.4318758147814901        29.706804938065893     
   3.4325041333122082        29.529934105485115     
   3.4331324518429258        29.311099620674828     
   3.4337607703736439        29.050612459445816     
   3.4343890889043616        28.748842788296830     
   3.4350174074350797        28.406219438442900     
   3.4356457259657973        28.023229296432895     
   3.4362740444965159        27.600416612173404     
   3.4369023630272340        27.138382225624966     
   3.4375306815579516        26.637782712984695     
   3.4381590000886697        26.099329453511309     
   3.4387873186193878        25.523787618749935     
   3.4394156371501055        24.911975085169786     
   3.4400439556808236        24.264761271821619     
   3.4406722742115412        23.583065904975683     
   3.4413005927422593        22.867857711050501     
   3.4419289112729770        22.120153040006141     
   3.4425572298036955        21.341014421111627     
   3.4431855483344136        20.531549052953157     
   3.4438138668651312        19.692907230128927     
   3.4444421853958493        18.826280708566376     
   3.4450705039265670        17.932901011964919     
   3.4456988224572851        17.014037681764094     
   3.4463271409880032        16.070996473023232     
   3.4469554595187208        15.105117498902203     
   3.4475837780494389        14.117773326287319     
   3.4482120965801566        13.110367025277144     
   3.4488404151108751        12.084330175330217     
   3.4494687336415932        11.041120830954542     
   3.4500970521723109        9.9822214497344302     
   3.4507253707030290        8.9091367856121977     
   3.4513536892337466        7.8233917506225445     
   3.4519820077644647        6.7265292478723255     
   3.4526103262951824        5.6201079789871100     
   3.4532386448259005        4.5057002291412713     
   3.4538669633566181        3.3848896327240632     
   3.4544952818873362        2.2592689229203118     
   3.4551236004180548        1.1304376683511910     
   3.4557519189487729        0.0000000000000000     
   3.4563802374794905       -1.1304376683511910     
   3.4570085560102086       -2.2592689229190746     
   3.4576368745409263       -3.3848896327221198     
   3.4582651930716444       -4.5057002291402108     
   3.4588935116023620       -5.6201079789888775     
   3.4595218301330801       -6.7265292478685268     
   3.4601501486637978       -7.8233917506225445     
   3.4607784671945159       -8.9091367856143187     
   3.4614067857252335       -9.9822214497385815     
   3.4620351042559525       -11.041120830962846     
   3.4626634227866702       -12.084330175320943     
   3.4632917413173883       -13.110367025266983     
   3.4639200598481059       -14.117773326292177     
   3.4645483783788240       -15.105117498901407     
   3.4651766969095417       -16.070996473016784     
   3.4658050154402598       -17.014037681763476     
   3.4664333339709774       -17.932901011964212     
   3.4670616525016955       -18.826280708565758     
   3.4676899710324132       -19.692907230143767     
   3.4683182895631317       -20.531549052960582     
   3.4689466080938498       -21.341014421095458     
   3.4695749266245675       -22.120153040006056     
   3.4702032451552856       -22.867857711049883     
   3.4708315636860037       -23.583065904975598     
   3.4714598822167213       -24.264761271830544     
   3.4720882007474394       -24.911975085160240     
   3.4727165192781571       -25.523787618749758     
   3.4733448378088752       -26.099329453500616     
   3.4739731563395928       -26.637782712984695     
   3.4746014748703113       -27.138382225655533     
   3.4752297934010294       -27.600416612152376     
   3.4758581119317471       -28.023229296411696     
   3.4764864304624652       -28.406219438453057     
   3.4771147489931828       -28.748842788296653     
   3.4777430675239009       -29.050612459445638     
   3.4783713860546186       -29.311099620685699     
   3.4789997045853367       -29.529934105484937     
   3.4796280231160548       -29.706804938065893     
   3.4802563416467724       -29.841460775331008     
   3.4808846601774910       -29.933710263944693     
   3.4815129787082091       -29.983422312313451     
   3.4821412972389267       -29.990526276918899     
   3.4827696157696448       -29.955012062649867     
   3.4833979343003625       -29.876930137148239     
   3.4840262528310806       -29.756391459068769     
   3.4846545713617982       -29.593567320502387     
   3.4852828898925163       -29.388689103459757     
   3.4859112084232340       -29.142047951064399     
   3.4865395269539521       -28.853994353944817     
   3.4871678454846706       -28.524937651980526     
   3.4877961640153887       -28.155345452719068     
   3.4884244825461064       -27.745742966973946     
   3.4890528010768245       -27.296712262269388     
   3.4896811196075421       -26.808891435775237     
   3.4903094381382602       -26.282973707610385     
   3.4909377566689779       -25.719706435633700     
   3.4915660751996960       -25.119890053459937     
   3.4921943937304136       -24.484376932998487     
   3.4928227122611317       -23.814070173158417     
   3.4934510307918503       -23.109922316514986     
   3.4940793493225684       -22.372933995703882     
   3.4947076678532860       -21.604152511464850     
   3.4953359863840041       -20.804670344361977     
   3.4959643049147218       -19.975623602299958     
   3.4965926234454399       -19.118190406042132     
   3.4972209419761575       -18.233589215098966     
   3.4978492605068756       -17.323077096168195     
   3.4984775790375933       -16.387947936771688     
   3.4991058975683114       -15.429530606645594     
   3.4997342160990299       -14.449187069230121     
   3.5003625346297476       -13.448310446335881     
   3.5009908531604657       -12.428323038433353     
   3.5016191716911833       -11.390674303430027     
   3.5022474902219014       -10.336838796960750     
   3.5028758087526195       -9.2683140769374770     
   3.5035041272833372       -8.1866185754561585     
   3.5041324458140553       -7.0932894410208984     
   3.5047607643447729       -5.9898803541553534     
   3.5053890828754910       -4.8779593195465223     
   3.5060174014062095       -3.7591064378247570     
   3.5066457199369272       -2.6349116601623801     
   3.5072740384676453       -1.5069725288523559     
   3.5079023569983629      -0.37689190711878950     
   3.5085306755290810       0.75372429863688017     
   3.5091589940597987        1.8832694209215661     
   3.5097873125905168        3.0101383143086977     
   3.5104156311212344        4.1327296364419581     
   3.5110439496519525        5.2494481236221819     
   3.5116722681826706        6.3587068577787749     
   3.5123005867133892        7.4589295215430660     
   3.5129289052441068        8.5485526383142272     
   3.5135572237748249        9.6260277940244201     
   3.5141855423055426        10.689823837507976     
   3.5148138608362607        11.738429056387096     
   3.5154421793669783        12.770353325269296     
   3.5160704978976964        13.784130223287224     
   3.5166988164284141        14.778319118012444     
   3.5173271349591322        15.751507212623624     
   3.5179554534898498        16.702311553583872     
   3.5185837720205688        17.629380995888692     
   3.5192120905512865        18.531398123126124     
   3.5198404090820046        19.407081119626884     
   3.5204687276127222        20.255185591932069     
   3.5210970461434403        21.074506337155338     
   3.5217253646741580        21.863879055709916     
   3.5223536832048761        22.622182005768291     
   3.5229820017355937        23.348337597320832     
   3.5236103202663118        24.041313923562367     
   3.5242386387970295        24.700126227225230     
   3.5248669573277480        25.323838299938842     
   3.5254952758584661        25.911563812728524     
   3.5261235943891842        26.462467575498962     
   3.5267519129199019        26.975766723839701     
   3.5273802314506200        27.450731831593362     
   3.5280085499813376        27.886687947353288     
   3.5286368685120557        28.283015553592140     
   3.5292651870427734        28.639151447126977     
   3.5298935055734915        28.954589539354281     
   3.5305218241042091        29.228881575496910     
   3.5311501426349277        29.461637771561602     
   3.5317784611656458        29.652527368191329     
   3.5324067796963634        29.801279100913010     
   3.5330350982270815        29.907681585352297     
   3.5336634167577992        29.971583617723432     
   3.5342917352885173        29.992894389786635     
   3.5349200538192354        29.971583617734741     
   3.5355483723499530        29.907681585341162     
   3.5361766908806711        29.801279100913010     
   3.5368050094113888        29.652527368202637     
   3.5374333279421069        29.461637771550556     
   3.5380616464728254        29.228881575496821     
   3.5386899650035430        28.954589539354679     
   3.5393182835342611        28.639151447127070     
   3.5399466020649788        28.283015553602958     
   3.5405749205956969        27.886687947343042     
   3.5412032391264145        27.450731831593405     
   3.5418315576571326        26.975766723850036     
   3.5424598761878503        26.462467575489310     
   3.5430881947185684        25.911563812728701     
   3.5437165132492865        25.323838299948672     
   3.5443448317800050        24.700126227216195     
   3.5449731503107227        24.041313923562544     
   3.5456014688414408        23.348337597329998     
   3.5462297873721584        22.622182005760056     
   3.5468581059028765        21.863879055709983     
   3.5474864244335942        21.074506337156127     
   3.5481147429643123        20.255185591924967     
   3.5487430614950299        19.407081119634693     
   3.5493713800257480        18.531398123133592     
   3.5499996985564657        17.629380995888724     
   3.5506280170871847        16.702311553583950     
   3.5512563356179023        15.751507212618192     
   3.5518846541486204        14.778319118012654     
   3.5525129726793381        13.784130223292921     
   3.5531412912100562        12.770353325265129     
   3.5537696097407738        11.738429056387371     
   3.5543979282714919        10.689823837512400     
   3.5550262468022096        9.6260277940214021     
   3.5556545653329277        8.5485526383145167     
   3.5562828838636453        7.4589295215464206     
   3.5569112023943639        6.3587068577789339     
   3.5575395209250820        5.2494481236223907     
   3.5581678394558001        4.1327296364410611     
   3.5587961579865177        3.0101383143088087     
   3.5594244765172358        1.8832694209228442     
   3.5600527950479535       0.75372429863722634     
   3.5606811135786716      -0.37689190711870296     
   3.5613094321093892       -1.5069725288523235     
   3.5619377506401073       -2.6349116601606988     
   3.5625660691708250       -3.7591064378246797     
   3.5631943877015435       -4.8779593195478519     
   3.5638227062322616       -5.9898803541525396     
   3.5644510247629793       -7.0932894410207563     
   3.5650793432936974       -8.1866185754586507     
   3.5657076618244150       -9.2683140769333807     
   3.5663359803551331       -10.336838796960558     
   3.5669642988858512       -11.390674303433745     
   3.5675926174165689       -12.428323038433172     
   3.5682209359472870       -13.448310446335670     
   3.5688492544780046       -14.449187069224092     
   3.5694775730087231       -15.429530606645518     
   3.5701058915394412       -16.387947936777433     
   3.5707342100701589       -17.323077096161075     
   3.5713625286008770       -18.233589215098810     
   3.5719908471315946       -19.118190406048946     
   3.5726191656623127       -19.975623602291993     
   3.5732474841930304       -20.804670344361867     
   3.5738758027237485       -21.604152511472495     
   3.5745041212544661       -22.372933995695025     
   3.5751324397851842       -23.109922316515007     
   3.5757607583159028       -23.814070173157731     
   3.5763890768466209       -24.484376932988894     
   3.5770173953773385       -25.119890053469213     
   3.5776457139080566       -25.719706435633078     
   3.5782740324387743       -26.282973707610186     
   3.5789023509694924       -26.808891435785046     
   3.5795306695002100       -27.296712262258961     
   3.5801589880309281       -27.745742966974078     
   3.5807873065616458       -28.155345452729318     
   3.5814156250923639       -28.524937651969392     
   3.5820439436230824       -28.853994353944817     
   3.5826722621538005       -29.142047951075309     
   3.5833005806845182       -29.388689103448623     
   3.5839288992152363       -29.593567320502387     
   3.5845572177459539       -29.756391459079772     
   3.5851855362766720       -29.876930137136799     
   3.5858138548073897       -29.955012062650042     
   3.5864421733381078       -29.990526276919034     
   3.5870704918688254       -29.983422312302096     
   3.5876988103995435       -29.933710263955913     
   3.5883271289302621       -29.841460775331054     
   3.5889554474609797       -29.706804938065893     
   3.5895837659916978       -29.529934105496160     
   3.5902120845224159       -29.311099620674828     
   3.5908404030531336       -29.050612459445595     
   3.5914687215838517       -28.748842788307609     
   3.5920970401145693       -28.406219438442676     
   3.5927253586452874       -28.023229296411781     
   3.5933536771760051       -27.600416612162935     
   3.5939819957067232       -27.138382225645550     
   3.5946103142374417       -26.637782712984826     
   3.5952386327681594       -26.099329453501237     
   3.5958669512988775       -25.523787618749868     
   3.5964952698295951       -24.911975085169892     
   3.5971235883603132       -24.264761271821687     
   3.5977519068910309       -23.583065904975729     
   3.5983802254217490       -22.867857711059006     
   3.5990085439524671       -22.120153039998190     
   3.5996368624831847       -21.341014421095483     
   3.6002651810139028       -20.531549052968742     
   3.6008934995446213       -19.692907230136921     
   3.6015218180753390       -18.826280708565736     
   3.6021501366060571       -17.932901011971325     
   3.6027784551367747       -17.014037681757557     
   3.6034067736674928       -16.070996473016983     
   3.6040350921982105       -15.105117498902285     
   3.6046634107289286       -14.117773326287450     
   3.6052917292596462       -13.110367025272573     
   3.6059200477903643       -12.084330175326034     
   3.6065483663210820       -11.041120830963036     
   3.6071766848518010       -9.9822214497387307     
   3.6078050033825186       -8.9091367856114481     
   3.6084333219132367       -7.8233917506226733     
   3.6090616404439544       -6.7265292478716061     
   3.6096899589746725       -5.6201079789873347     
   3.6103182775053901       -4.5057002291405173     
   3.6109465960361082       -3.3848896327240223     
   3.6115749145668259       -2.2592689229188623     
   3.6122032330975440       -1.1304376683514030     
   3.6128315516282616       -5.7305892454103398E-013
   3.6134598701589797        1.1304376683511090     
   3.6140881886896983        2.2592689229202718     
   3.6147165072204164        3.3848896327220310     
   3.6153448257511340        4.5057002291410697     
   3.6159731442818521        5.6201079789887460     
   3.6166014628125698        6.7265292478692018     
   3.6172297813432879        7.8233917506223838     
   3.6178580998740055        8.9091367856149315     
   3.6184864184047236        9.9822214497301367     
   3.6191147369354413        11.041120830954441     
   3.6197430554661594        12.084330175334090     
   3.6203713739968779        13.110367025271547     
   3.6209996925275956        14.117773326287164     
   3.6216280110583137        15.105117498907353     
   3.6222563295890313        16.070996473016741     
   3.6228846481197494        17.014037681764073     
   3.6235129666504675        17.932901011971115     
   3.6241412851811852        18.826280708566177     
   3.6247696037119033        19.692907230128938     
   3.6253979222426209        20.531549052945007     
   3.6260262407733390        21.341014421111343     
   3.6266545593040576        22.120153040014095     
   3.6272828778347752        22.867857711041598     
   3.6279111963654933        23.583065904975552     
   3.6285395148962110        24.264761271830430     
   3.6291678334269291        24.911975085160087     
   3.6297961519576467        25.523787618749736     
   3.6304244704883648        26.099329453520674     
   3.6310527890190829        26.637782712974353     
   3.6316811075498006        27.138382225625012     
   3.6323094260805187        27.600416612173049     
   3.6329377446112372        28.023229296422123     
   3.6335660631419548        28.406219438453455     
   3.6341943816726729        28.748842788296564     
   3.6348227002033906        29.050612459445816     
   3.6354510187341087        29.311099620685699     
   3.6360793372648263        29.529934105473806     
   3.6367076557955444        29.706804938065893     
   3.6373359743262621        29.841460775330876     
   3.6379642928569802        29.933710263922030     
   3.6385926113876979        29.983422312324759     
   3.6392209299184168        29.990526276952824     
   3.6398492484491345        29.955012062650042     
   3.6404775669798526        29.876930137136974     
   3.6411058855105702        29.756391459079772     
   3.6417342040412883        29.593567320502387     
   3.6423625225720060        29.388689103448449     
   3.6429908411027241        29.142047951064438     
   3.6436191596334417        28.853994353923081     
   3.6442474781641598        28.524937651959323     
   3.6448757966948775        28.155345452729847     
   3.6455041152255960        27.745742966995195     
   3.6461324337563141        27.296712262279549     
   3.6467607522870322        26.808891435775415     
   3.6473890708177499        26.282973707610012     
   3.6480173893484680        25.719706435643062     
   3.6486457078791856        25.119890053459496     
   3.6492740264099037        24.484376932989161     
   3.6499023449406214        23.814070173149336     
   3.6505306634713395        23.109922316498132     
   3.6511589820020571        22.372933995703860     
   3.6517873005327757        21.604152511481949     
   3.6524156190634938        20.804670344362041     
   3.6530439375942114        19.975623602299947     
   3.6536722561249295        19.118190406042231     
   3.6543005746556472        18.233589215099077     
   3.6549288931863653        17.323077096174501     
   3.6555572117170834        16.387947936771866     
   3.6561855302478010        15.429530606634120     
   3.6568138487785191        14.449187069224976     
   3.6574421673092368        13.448310446341502     
   3.6580704858399553        12.428323038442979     
   3.6586988043706734        11.390674303433920     
   3.6593271229013911        10.336838796956494     
   3.6599554414321092        9.2683140769336472     
   3.6605837599628268        8.1866185754563539     
   3.6612120784935449        7.0932894410211098     
   3.6618403970242626        5.9898803541552770     
   3.6624687155549807        4.8779593195452016     
   3.6630970340856988        3.7591064378239731     
   3.6637253526164164        2.6349116601638793     
   3.6643536711471349        1.5069725288535603     
   3.6649819896778530       0.37689190711887965     
   3.6656103082085707      -0.75372429863757984     
   3.6662386267392888       -1.8832694209214307     
   3.6668669452700065       -3.0101383143093385     
   3.6674952638007245       -4.1327296364417681     
   3.6681235823314422       -5.2494481236206232     
   3.6687519008621603       -6.3587068577731030     
   3.6693802193928780       -7.4589295215429754     
   3.6700085379235960       -8.5485526383198174     
   3.6706368564543146       -9.6260277940282037     
   3.6712651749850327       -10.689823837507806     
   3.6718934935157503       -11.738429056387812     
   3.6725218120464684       -12.770353325269104     
   3.6731501305771861       -13.784130223287798     
   3.6737784491079042       -14.778319118012474     
   3.6744067676386218       -15.751507212624286     
   3.6750350861693399       -16.702311553570343     
   3.6756634047000576       -17.629380995875383     
   3.6762917232307757       -18.531398123146666     
   3.6769200417614942       -19.407081119633723     
   3.6775483602922119       -20.255185591924700     
   3.6781766788229300       -21.074506337163459     
   3.6788049973536481       -21.863879055709720     
   3.6794333158843657       -22.622182005768888     
   3.6800616344150838       -23.348337597329913     
   3.6806899529458015       -24.041313923562718     
   3.6813182714765196       -24.700126227206656     
   3.6819465900072372       -25.323838299919785     
   3.6825749085379553       -25.911563812737977     
   3.6832032270686739       -26.462467575508661     
   3.6838315455993915       -26.975766723839616     
   3.6844598641301096       -27.450731831593224     
   3.6850881826608273       -27.886687947353199     
   3.6857165011915454       -28.283015553592094     
   3.6863448197222630       -28.639151447126977     
   3.6869731382529811       -28.954589539376411     
   3.6876014567836992       -29.228881575485691     
   3.6882297753144169       -29.461637771528292     
   3.6888580938451350       -29.652527368213768     
   3.6894864123758535       -29.801279100924141     
   3.6901147309065712       -29.907681585352382     
   3.6907430494372893       -29.971583617723432     
   3.6913713679680069       -29.992894389775326     
   3.6919996864987250       -29.971583617734783     
   3.6926280050294427       -29.907681585341116     
   3.6932563235601608       -29.801279100912922     
   3.6938846420908784       -29.652527368202545     
   3.6945129606215965       -29.461637771539646     
   3.6951412791523146       -29.228881575486042     
   3.6957695976830323       -28.954589539376499     
   3.6963979162137508       -28.639151447148670     
   3.6970262347444689       -28.283015553592225     
   3.6976545532751866       -27.886687947353156     
   3.6982828718059046       -27.450731831593494     
   3.6989111903366223       -26.975766723839392     
   3.6995395088673404       -26.462467575489292     
   3.7001678273980581       -25.911563812718672     
   3.7007961459287761       -25.323838299930145     
   3.7014244644594938       -24.700126227207274     
   3.7020527829902119       -24.041313923581161     
   3.7026811015209304       -23.348337597347687     
   3.7033094200516485       -22.622182005760230     
   3.7039377385823662       -21.863879055709539     
   3.7045660571130843       -21.074506337163772     
   3.7051943756438019       -20.255185591924324     
   3.7058226941745200       -19.407081119627140     
   3.7064510127052377       -18.531398123132995     
   3.7070793312359558       -17.629380995876332     
   3.7077076497666734       -16.702311553571526     
   3.7083359682973915       -15.751507212630880     
   3.7089642868281101       -14.778319118018654     
   3.7095926053588277       -13.784130223293054     
   3.7102209238895458       -12.770353325269561     
   3.7108492424202639       -11.738429056387371     
   3.7114775609509816       -10.689823837511883     
   3.7121058794816997       -9.6260277940214785     
   3.7127341980124173       -8.5485526383136907     
   3.7133625165431354       -7.4589295215441735     
   3.7139908350738531       -6.3587068577742736     
   3.7146191536045712       -5.2494481236248687     
   3.7152474721352897       -4.1327296364442265     
   3.7158757906660074       -3.0101383143089899     
   3.7165041091967255       -1.8832694209218590     
   3.7171324277274431      -0.75372429863731571     
   3.7177607462581612       0.37689190711849568     
   3.7183890647888789        1.5069725288522047     
   3.7190173833195970        2.6349116601620879     
   3.7196457018503151        3.7591064378226262     
   3.7202740203810327        4.8779593195439732     
   3.7209023389117508        5.9898803541569059     
   3.7215306574424694        7.0932894410228702     
   3.7221589759731870        8.1866185754593683     
   3.7227872945039051        9.2683140769333008     
   3.7234156130346228        10.336838796956988     
   3.7240439315653409        11.390674303433649     
   3.7246722500960585        12.428323038433076     
   3.7253005686267766        13.448310446335620     
   3.7259288871574943        14.449187069224042     
   3.7265572056882124        15.429530606639156     
   3.7271855242189305        16.387947936783782     
   3.7278138427496490        17.323077096167268     
   3.7284421612803667        18.233589215099428     
   3.7290704798110847        19.118190406048789     
   3.7296987983418024        19.975623602292515     
   3.7303271168725205        20.804670344361757     
   3.7309554354032382        21.604152511473092     
   3.7315837539339562        22.372933995694940     
   3.7322120724646739        23.109922316497379     
   3.7328403909953920        23.814070173148519     
   3.7334687095261097        24.484376932997797     
   3.7340970280568282        25.119890053478269     
   3.7347253465875463        25.719706435643062     
   3.7353536651182644        26.282973707610296     
   3.7359819836489820        26.808891435785309     
   3.7366103021797001        27.296712262269256     
   3.7372386207104178        27.745742966974259     
   3.7378669392411359        28.155345452718844     
   3.7384952577718535        28.524937651948100     
   3.7391235763025716        28.853994353922818     
   3.7397518948332893        29.142047951086042     
   3.7403802133640078        29.388689103470536     
   3.7410085318947259        29.593567320502345     
   3.7416368504254436        29.756391459079811     
   3.7422651689561617        29.876930137148193     
   3.7428934874868798        29.955012062649910     
   3.7435218060175974        29.990526276930296     
   3.7441501245483155        29.983422312302142     
   3.7447784430790332        29.933710263922077     
   3.7454067616097513        29.841460775331093     
   3.7460350801404689        29.706804938077287     
   3.7466633986711875        29.529934105496160     
   3.7472917172019056        29.311099620674742     
   3.7479200357326232        29.050612459445638     
   3.7485483542633413        28.748842788307609     
   3.7491766727940590        28.406219438442722     
   3.7498049913247771        28.023229296411870     
   3.7504333098554947        27.600416612162981     
   3.7510616283862128        27.138382225635567     
   3.7516899469169309        26.637782712975064     
   3.7523182654476486        26.099329453520941     
   3.7529465839783671        25.523787618769106     
   3.7535749025090852        24.911975085160329     
   3.7542032210398029        24.264761271830189     
   3.7548315395705210        23.583065904975776     
   3.7554598581012386        22.867857711041399     
   3.7560881766319567        22.120153039998279     
   3.7567164951626744        21.341014421095373     
   3.7573448136933925        20.531549052953952     
   3.7579731322241101        19.692907230129986     
   3.7586014507548282        18.826280708580779     
   3.7592297692855468        17.932901011984885     
   3.7598580878162648        17.014037681757646     
   3.7604864063469825        16.070996473016521     
   3.7611147248777006        15.105117498907680     
   3.7617430434084183        14.117773326286699     
   3.7623713619391363        13.110367025267248     
   3.7629996804698540        12.084330175325361     
   3.7636279990005721        11.041120830955602     
   3.7642563175312898        9.9822214497313375     
   3.7648846360620078        8.9091367856190899     
   3.7655129545927264        7.8233917506261665     
   3.7661412731234440        6.7265292478717065     
   3.7667695916541621        5.6201079789890542     
   3.7673979101848802        4.5057002291407411     
   3.7680262287155979        3.3848896327233562     
   3.7686545472463160        2.2592689229188978     
   3.7692828657770336        1.1304376683506607     
   3.7699111843077517        7.0678992921411487E-013
   3.7705395028384694       -1.1304376683501307     
   3.7711678213691875       -2.2592689229174843     
   3.7717961398999051       -3.3848896327244167     
   3.7724244584306237       -4.5057002291435682     
   3.7730527769613418       -5.6201079789869333     
   3.7736810954920594       -6.7265292478690561     
   3.7743094140227775       -7.8233917506256363     
   3.7749377325534956       -8.9091367856149368     
   3.7755660510842133       -9.9822214497308952     
   3.7761943696149314       -11.041120830954277     
   3.7768226881456490       -12.084330175324832     
   3.7774510066763671       -13.110367025266100     
   3.7780793252070848       -14.117773326292001     
   3.7787076437378033       -15.105117498918634     
   3.7793359622685214       -16.070996473016695     
   3.7799642807992391       -17.014037681757998     
   3.7805925993299572       -17.932901011971015     
   3.7812209178606748       -18.826280708565935     
   3.7818492363913929       -19.692907230128839     
   3.7824775549221106       -20.531549052953071     
   3.7831058734528287       -21.341014421102884     
   3.7837341919835468       -22.120153039997309     
   3.7843625105142644       -22.867857711049883     
   3.7849908290449830       -23.583065904993266     
   3.7856191475757011       -24.264761271830452     
   3.7862474661064187       -24.911975085160506     
   3.7868757846371368       -25.523787618749669     
   3.7875041031678545       -26.099329453511043     
   3.7881324216985726       -26.637782712974268     
   3.7887607402292902       -27.138382225624966     
   3.7893890587600083       -27.600416612162448     
   3.7900173772907260       -28.023229296411252     
   3.7906456958214441       -28.406219438463925     
   3.7912740143521626       -28.748842788318207     
   3.7919023328828807       -29.050612459445816     
   3.7925306514135984       -29.311099620685958     
   3.7931589699443164       -29.529934105484937     
   3.7937872884750341       -29.706804938065893     
   3.7944156070057522       -29.841460775319785     
   3.7950439255364699       -29.933710263922077     
   3.7956722440671880       -29.983422312302142     
   3.7963005625979056       -29.990526276930343     
   3.7969288811286237       -29.955012062672530     
   3.7975571996593422       -29.876930137148147     
   3.7981855181900599       -29.756391459079726     
   3.7988138367207780       -29.593567320513564     
   3.7994421552514961       -29.388689103448492     
   3.8000704737822137       -29.142047951075089     
   3.8006987923129318       -28.853994353923170     
   3.8013271108436495       -28.524937651948232     
   3.8019554293743676       -28.155345452729801     
   3.8025837479050852       -27.745742966974436     
   3.8032120664358033       -27.296712262279677     
   3.8038403849665219       -26.808891435785618     
   3.8044687034972395       -26.282973707610051     
   3.8050970220279576       -25.719706435643261     
   3.8057253405586753       -25.119890053459606     
   3.8063536590893934       -24.484376932998110     
   3.8069819776201115       -23.814070173149336     
   3.8076102961508291       -23.109922316497734     
   3.8082386146815472       -22.372933995695888     
   3.8088669332122649       -21.604152511473423     
   3.8094952517429830       -20.804670344377836     
   3.8101235702737015       -19.975623602300178     
   3.8107518888044192       -19.118190406048523     
   3.8113802073351373       -18.233589215099130     
   3.8120085258658549       -17.323077096160809     
   3.8126368443965730       -16.387947936771887     
   3.8132651629272907       -15.429530606634179     
   3.8138934814580088       -14.449187069225252     
   3.8145217999887264       -13.448310446336853     
   3.8151501185194445       -12.428323038438631     
   3.8157784370501626       -11.390674303442726     
   3.8164067555808812       -10.336838796960983     
   3.8170350741115988       -9.2683140769329917     
   3.8176633926423169       -8.1866185754590557     
   3.8182917111730346       -7.0932894410202989     
   3.8189200297037527       -5.9898803541529082     
   3.8195483482344703       -4.8779593195444964     
   3.8201766667651884       -3.7591064378239967     
   3.8208049852959061       -2.6349116601620457     
   3.8214333038266242       -1.5069725288535847     
   3.8220616223573418      -0.37689190711930864     
   3.8226899408880608       0.75372429863735502     
   3.8233182594187785        1.8832694209221821     
   3.8239465779494966        3.0101383143093123     
   3.8245748964802142        4.1327296364425683     
   3.8252032150109323        5.2494481236203931     
   3.8258315335416500        6.3587068577737558     
   3.8264598520723681        7.4589295215428351     
   3.8270881706030857        8.5485526383131845     
   3.8277164891338038        9.6260277940201711     
   3.8283448076645215        10.689823837515805     
   3.8289731261952400        11.738429056395725     
   3.8296014447259581        12.770353325264665     
   3.8302297632566757        13.784130223287788     
   3.8308580817873938        14.778319118018191     
   3.8314864003181119        15.751507212624121     
   3.8321147188488296        16.702311553571096     
   3.8327430373795477        17.629380995875216     
   3.8333713559102653        18.531398123132572     
   3.8339996744409834        19.407081119626071     
   3.8346279929717011        20.255185591931891     
   3.8352563115024196        21.074506337179297     
   3.8358846300331377        21.863879055709738     
   3.8365129485638554        22.622182005760454     
   3.8371412670945735        23.348337597329774     
   3.8377695856252911        24.041313923562718     
   3.8383979041560092        24.700126227216064     
   3.8390262226867273        25.323838299929392     
   3.8396545412174450        25.911563812718388     
   3.8402828597481631        26.462467575488741     
   3.8409111782788807        26.975766723849553     
   3.8415394968095993        27.450731831613858     
   3.8421678153403174        27.886687947353288     
   3.8427961338710350        28.283015553592445     
   3.8434244524017531        28.639151447126846     
   3.8440527709324708        28.954589539365458     
   3.8446810894631889        29.228881575485730     
   3.8453094079939065        29.461637771528292     
   3.8459377265246246        29.652527368202328     
   3.8465660450553423        29.801279100912833     
   3.8471943635860604        29.907681585363648     
   3.8478226821167789        29.971583617746006     
   3.8484510006474970        29.992894389775369     
   3.8490793191782147        29.971583617734741     
   3.8497076377089328        29.907681585352382     
   3.8503359562396504        29.801279100912922     
   3.8509642747703685        29.652527368191503     
   3.8515925933010862        29.461637771528380     
   3.8522209118318043        29.228881575485953     
   3.8528492303625219        28.954589539365809     
   3.8534775488932400        28.639151447127336     
   3.8541058674239577        28.283015553613563     
   3.8547341859546767        27.886687947374494     
   3.8553625044853943        27.450731831593139     
   3.8559908230161124        26.975766723839438     
   3.8566191415468301        26.462467575498763     
   3.8572474600775482        25.911563812718807     
   3.8578757786082658        25.323838299920048     
   3.8585040971389839        24.700126227216284     
   3.8591324156697016        24.041313923563074     
   3.8597607342004197        23.348337597321780     
   3.8603890527311373        22.622182005769066     
   3.8610173712618558        21.863879055726684     
   3.8616456897925739        21.074506337163903     
   3.8622740083232916        20.255185591924349     
   3.8629023268540097        19.407081119634164     
   3.8635306453847278        18.531398123133147     
   3.8641589639154454        17.629380995875824     
   3.8647872824461635        16.702311553571668     
   3.8654156009768812        15.751507212624551     
   3.8660439195075993        14.778319118013535     
   3.8666722380383169        13.784130223293273     
   3.8673005565690355        12.770353325279265     
   3.8679288750997536        11.738429056387547     
   3.8685571936304712        10.689823837507452     
   3.8691855121611893        9.6260277940214021     
   3.8698138306919070        8.5485526383138097     
   3.8704421492226251        7.4589295215443885     
   3.8710704677533427        6.3587068577744290     
   3.8716987862840608        5.2494481236233623     
   3.8723271048147789        4.1327296364432700     
   3.8729554233454966        3.0101383143107521     
   3.8735837418762151        1.8832694209233745     
   3.8742120604069332       0.75372429863722634     
   3.8748403789376509      -0.37689190711923309     
   3.8754686974683690       -1.5069725288519700     
   3.8760970159990866       -2.6349116601628193     
   3.8767253345298047       -3.7591064378225596     
   3.8773536530605224       -4.8779593195425504     
   3.8779819715912405       -5.9898803541539527     
   3.8786102901219581       -7.0932894410196088     
   3.8792386086526762       -8.1866185754619192     
   3.8798669271833948       -9.2683140769400953     
   3.8804952457141129       -10.336838796957023     
   3.8811235642448305       -11.390674303434450     
   3.8817518827755486       -12.428323038432906     
   3.8823802013062663       -13.448310446336201     
   3.8830085198369844       -14.449187069223916     
   3.8836368383677020       -15.429530606633589     
   3.8842651568984201       -16.387947936770630     
   3.8848934754291378       -17.323077096167168     
   3.8855217939598559       -18.233589215112417     
   3.8861501124905744       -19.118190406056279     
   3.8867784310212925       -19.975623602292522     
   3.8874067495520102       -20.804670344362307     
   3.8880350680827283       -21.604152511472932     
   3.8886633866134459       -22.372933995695291     
   3.8892917051441640       -23.109922316497247     
   3.8899200236748817       -23.814070173149073     
   3.8905483422055998       -24.484376932988365     
   3.8911766607363174       -25.119890053459230     
   3.8918049792670355       -25.719706435662236     
   3.8924332977977540       -26.282973707619902     
   3.8930616163284717       -26.808891435775500     
   3.8936899348591898       -27.296712262269210     
   3.8943182533899074       -27.745742966974170     
   3.8949465719206255       -28.155345452729669     
   3.8955748904513436       -28.524937651958790     
   3.8962032089820613       -28.853994353922904     
   3.8968315275127794       -29.142047951064178     
   3.8974598460434970       -29.388689103448360     
   3.8980881645742151       -29.593567320524564     
   3.8987164831049337       -29.756391459090988     
   3.8993448016356513       -29.876930137136974     
   3.8999731201663694       -29.955012062649953     
   3.9006014386970871       -29.990526276930296     
   3.9012297572278052       -29.983422312302274     
   3.9018580757585228       -29.933710263922077     
   3.9024863942892409       -29.841460775330916     
   3.9031147128199586       -29.706804938066071     
   3.9037430313506767       -29.529934105485115     
   3.9043713498813948       -29.311099620696915     
   3.9049996684121133       -29.050612459456818     
   3.9056279869428310       -28.748842788307428     
   3.9062563054735491       -28.406219438453366     
   3.9068846240042667       -28.023229296411650     
   3.9075129425349848       -27.600416612152376     
   3.9081412610657025       -27.138382225625186     
   3.9087695795964206       -26.637782712975103     
   3.9093978981271382       -26.099329453511327     
   3.9100262166578563       -25.523787618750418     
   3.9106545351885740       -24.911975085179193     
   3.9112828537192930       -24.264761271849007     
   3.9119111722500106       -23.583065904975378     
   3.9125394907807287       -22.867857711041399     
   3.9131678093114464       -22.120153040005789     
   3.9137961278421645       -21.341014421095657     
   3.9144244463728821       -20.531549052945383     
   3.9150527649036002       -19.692907230137056     
   3.9156810834343179       -18.826280708566600     
   3.9163094019650360       -17.932901011965129     
   3.9169377204957536       -17.014037681764503     
   3.9175660390264722       -16.070996473029275     
   3.9181943575571903       -15.105117498913145     
   3.9188226760879084       -14.117773326286894     
   3.9194509946186260       -13.110367025266692     
   3.9200793131493441       -12.084330175325471     
   3.9207076316800618       -11.041120830954933     
   3.9213359502107799       -9.9822214497314423     
   3.9219642687414975       -8.9091367856154378     
   3.9225925872722156       -7.8233917506237161     
   3.9232209058029333       -6.7265292478718353     
   3.9238492243336518       -5.6201079789935005     
   3.9244775428643699       -4.5057002291407509     
   3.9251058613950875       -3.3848896327217100     
   3.9257341799258056       -2.2592689229190968     
   3.9263624984565233       -1.1304376683507860     
   3.9269908169872414       -3.8208242206112155E-013
   3.9276191355179595        1.1304376683500221     
   3.9282474540486771        2.2592689229183351     
   3.9288757725793952        3.3848896327226496     
   3.9295040911101129        4.5057002291399941     
   3.9301324096408310        5.6201079789910509     
   3.9307607281715495        6.7265292478740450     
   3.9313890467022672        7.8233917506229833     
   3.9320173652329853        8.9091367856117483     
   3.9326456837637029        9.9822214497348796     
   3.9332740022944210        11.041120830954229     
   3.9339023208251387        12.084330175320611     
   3.9345306393558568        13.110367025271328     
   3.9351589578865744        14.117773326286208     
   3.9357872764172925        15.105117498907145     
   3.9364155949480106        16.070996473028632     
   3.9370439134787292        17.014037681763885     
   3.9376722320094468        17.932901011971623     
   3.9383005505401649        18.826280708566003     
   3.9389288690708826        19.692907230129403     
   3.9395571876016007        20.531549052952858     
   3.9401855061323183        21.341014421095107     
   3.9408138246630364        22.120153039997263     
   3.9414421431937541        22.867857711049773     
   3.9420704617244722        23.583065904974916     
   3.9426987802551898        24.264761271839660     
   3.9433270987859088        24.911975085178728     
   3.9439554173166265        25.523787618750067     
   3.9445837358473446        26.099329453510954     
   3.9452120543780622        26.637782712974712     
   3.9458403729087803        27.138382225624923     
   3.9464686914394980        27.600416612162668     
   3.9470970099702161        28.023229296411341     
   3.9477253285009337        28.406219438442545     
   3.9483536470316518        28.748842788307165     
   3.9489819655623695        29.050612459456548     
   3.9496102840930880        29.311099620696783     
   3.9502386026238061        29.529934105496292     
   3.9508669211545242        29.706804938065979     
   3.9514952396852419        29.841460775319700     
   3.9521235582159600        29.933710263933385     
   3.9527518767466776        29.983422312302228     
   3.9533801952773957        29.990526276918988     
   3.9540085138081134        29.955012062649867     
   3.9546368323388315        29.876930137136974     
   3.9552651508695491        29.756391459091166     
   3.9558934694002676        29.593567320524738     
   3.9565217879309857        29.388689103448449     
   3.9571501064617034        29.142047951075131     
   3.9577784249924215        28.853994353923170     
   3.9584067435231391        28.524937651948278     
   3.9590350620538572        28.155345452740359     
   3.9596633805845753        27.745742966974436     
   3.9602916991152930        27.296712262259138     
   3.9609200176460111        26.808891435785750     
   3.9615483361767287        26.282973707620169     
   3.9621766547074473        25.719706435652867     
   3.9628049732381654        25.119890053468946     
   3.9634332917688830        24.484376932988631     
   3.9640616102996011        23.814070173140237     
   3.9646899288303188        23.109922316497777     
   3.9653182473610369        22.372933995695821     
   3.9659465658917545        21.604152511473465     
   3.9665748844224726        20.804670344362929     
   3.9672032029531903        19.975623602293055     
   3.9678315214839084        19.118190406063611     
   3.9684598400146269        18.233589215112946     
   3.9690881585453450        17.323077096160986     
   3.9697164770760627        16.387947936777167     
   3.9703447956067808        15.429530606634209     
   3.9709731141374984        14.449187069218793     
   3.9716014326682165        13.448310446341679     
   3.9722297511989342        12.428323038433613     
   3.9728580697296523        11.390674303430387     
   3.9734863882603699        10.336838796961176     
   3.9741147067910880        9.2683140769408912     
   3.9747430253218066        8.1866185754617415     
   3.9753713438525247        7.0932894410204037     
   3.9759996623832423        5.9898803541521852     
   3.9766279809139604        4.8779593195446713     
   3.9772562994446781        3.7591064378232661     
   3.9778846179753962        2.6349116601621128     
   3.9785129365061138        1.5069725288528535     
   3.9791412550368319       0.37689190711993986     
   3.9797695735675496      -0.75372429863669632     
   3.9803978920982677       -1.8832694209237277     
   3.9810262106289862       -3.0101383143098688     
   3.9816545291597039       -4.1327296364414146     
   3.9822828476904220       -5.2494481236227442     
   3.9829111662211401       -6.3587068577734565     
   3.9835394847518577       -7.4589295215434177     
   3.9841678032825758       -8.5485526383131027     
   3.9847961218132935       -9.6260277940209598     
   3.9854244403440116       -10.689823837511337     
   3.9860527588747292       -11.738429056386666     
   3.9866810774054473       -12.770353325274138     
   3.9873093959361658       -13.784130223298135     
   3.9879377144668835       -14.778319118012918     
   3.9885660329976016       -15.751507212618456     
   3.9891943515283192       -16.702311553577591     
   3.9898226700590373       -17.629380995875032     
   3.9904509885897550       -18.531398123125904     
   3.9910793071204731       -19.407081119641319     
   3.9917076256511912       -20.255185591923908     
   3.9923359441819088       -21.074506337155597     
   3.9929642627126269       -21.863879055726066     
   3.9935925812433455       -22.622182005768629     
   3.9942208997740631       -23.348337597330172     
   3.9948492183047812       -24.041313923562718     
   3.9954775368354989       -24.700126227206919     
   3.9961058553662170       -25.323838299929413     
   3.9967341738969346       -25.911563812718455     
   3.9973624924276527       -26.462467575488517     
   3.9979908109583704       -26.975766723849333     
   3.9986191294890885       -27.450731831592872     
   3.9992474480198061       -27.886687947363981     
   3.9998757665505251       -28.283015553613385     
   4.0005040850812428       -28.639151447127158     
   4.0011324036119609       -28.954589539376585     
   4.0017607221426790       -29.228881575485776     
   4.0023890406733962       -29.461637771517161     
   4.0030173592041143       -29.652527368202545     
   4.0036456777348324       -29.801279100924141     
   4.0042739962655505       -29.907681585329854     
   4.0049023147962677       -29.971583617723343     
   4.0055306333269858       -29.992894389786546     
   4.0061589518577039       -29.971583617757446     
   4.0067872703884229       -29.907681585363736     
   4.0074155889191401       -29.801279100901660     
   4.0080439074498582       -29.652527368202545     
   4.0086722259805763       -29.461637771550379     
   4.0093005445112944       -29.228881575474912     
   4.0099288630420116       -28.954589539343722     
   4.0105571815727297       -28.639151447138069     
   4.0111855001034478       -28.283015553603182     
   4.0118138186341659       -27.886687947343216     
   4.0124421371648831       -27.450731831603651     
   4.0130704556956021       -26.975766723870137     
   4.0136987742263202       -26.462467575489093     
   4.0143270927570374       -25.911563812708824     
   4.0149554112877555       -25.323838299929811     
   4.0155837298184736       -24.700126227225564     
   4.0162120483491917       -24.041313923571973     
   4.0168403668799098       -23.348337597312657     
   4.0174686854106270       -22.622182005760362     
   4.0180970039413451       -21.863879055718794     
   4.0187253224720632       -21.074506337163971     
   4.0193536410027813       -20.255185591939764     
   4.0199819595334993       -19.407081119634299     
   4.0206102780642174       -18.531398123132497     
   4.0212385965949355       -17.629380995869528     
   4.0218669151256528       -16.702311553565078     
   4.0224952336563708       -15.751507212631067     
   4.0231235521870889       -14.778319118018871     
   4.0237518707178070       -13.784130223293293     
   4.0243801892485251       -12.770353325265351     
   4.0250085077792424       -11.738429056391611     
   4.0256368263099613       -10.689823837520157     
   4.0262651448406794       -9.6260277940208905     
   4.0268934633713966       -8.5485526383102872     
   4.0275217819021147       -7.4589295215435758     
   4.0281501004328328       -6.3587068577764772     
   4.0287784189635509       -5.2494481236195867     
   4.0294067374942681       -4.1327296364413471     
   4.0300350560249862       -3.0101383143123401     
   4.0306633745557043       -1.8832694209232286     
   4.0312916930864224      -0.75372429863740886     
   4.0319200116171405       0.37689190711882881     
   4.0325483301478586        1.5069725288528213     
   4.0331766486785767        2.6349116601641192     
   4.0338049672092948        3.7591064378213983     
   4.0344332857400120        4.8779593195409054     
   4.0350616042707301        5.9898803541566741     
   4.0356899228014482        7.0932894410226437     
   4.0363182413321663        8.1866185754521528     
   4.0369465598628835        9.2683140769330770     
   4.0375748783936016        10.336838796968051     
   4.0382031969243206        11.390674303442808     
   4.0388315154550387        12.428323038428577     
   4.0394598339857559        13.448310446331480     
   4.0400881525164740        14.449187069229653     
   4.0407164710471921        15.429530606639696     
   4.0413447895779102        16.387947936764700     
   4.0419731081086274        17.323077096160887     
   4.0426014266393455        18.233589215105106     
   4.0432297451700636        19.118190406048612     
   4.0438580637007817        19.975623602307401     
   4.0444863822314998        20.804670344369733     
   4.0451147007622179        21.604152511473529     
   4.0457430192929360        22.372933995695377     
   4.0463713378236532        23.109922316488767     
   4.0469996563543713        23.814070173148874     
   4.0476279748850894        24.484376933007141     
   4.0482562934158075        25.119890053468882     
   4.0488846119465256        25.719706435623515     
   4.0495129304772428        26.282973707600089     
   4.0501412490079609        26.808891435805457     
   4.0507695675386799        27.296712262279193     
   4.0513978860693971        27.745742966963878     
   4.0520262046001152        28.155345452729623     
   4.0526545231308333        28.524937651969744     
   4.0532828416615514        28.853994353911947     
   4.0539111601922686        29.142047951053129     
   4.0545394787229867        29.388689103470490     
   4.0551677972537048        29.593567320513475     
   4.0557961157844229        29.756391459079772     
   4.0564244343151410        29.876930137148062     
   4.0570527528458591        29.955012062661261     
   4.0576810713765772        29.990526276941605     
   4.0583093899072953        29.983422312302228     
   4.0589377084380125        29.933710263910854     
   4.0595660269687306        29.841460775330916     
   4.0601943454994487        29.706804938077202     
   4.0608226640301668        29.529934105462853     
   4.0614509825608840        29.311099620674828     
   4.0620793010916021        29.050612459457124     
   4.0627076196223202        28.748842788329256     
   4.0633359381530392        28.406219438464102     
   4.0639642566837564        28.023229296400828     
   4.0645925752144745        27.600416612162714     
   4.0652208937451926        27.138382225645376     
   4.0658492122759107        26.637782712964903     
   4.0664775308066279        26.099329453491254     
   4.0671058493373460        25.523787618759833     
   4.0677341678680641        24.911975085170138     
   4.0683624863987822        24.264761271821971     
   4.0689908049294994        23.583065904984608     
   4.0696191234602184        22.867857711067550     
   4.0702474419909365        22.120153039997838     
   4.0708757605216537        21.341014421087330     
   4.0715040790523718        20.531549052953601     
   4.0721323975830899        19.692907230144389     
   4.0727607161138080        18.826280708573446     
   4.0733890346445261        17.932901011958116     
   4.0740173531752433        17.014037681757820     
   4.0746456717059614        16.070996473023676     
   4.0752739902366795        15.105117498907770     
   4.0759023087673976        14.117773326297655     
   4.0765306272981157        13.110367025272110     
   4.0771589458288338        12.084330175324654     
   4.0777872643595519        11.041120830951273     
   4.0784155828902691        9.9822214497275397     
   4.0790439014209872        8.9091367856193546     
   4.0796722199517053        7.8233917506263433     
   4.0803005384824234        6.7265292478719729     
   4.0809288570131415        5.6201079789876403     
   4.0815571755438587        4.5057002291421551     
   4.0821854940745776        3.3848896327261833     
   4.0828138126052957        2.2592689229183680     
   4.0834421311360130        1.1304376683499540     
   4.0840704496667311        0.0000000000000000     
   4.0846987681974491       -1.1304376683506607     
   4.0853270867281672       -2.2592689229167777     
   4.0859554052588845       -3.3848896327217664     
   4.0865837237896026       -4.5057002291433914     
   4.0872120423203206       -5.6201079789883472     
   4.0878403608510387       -6.7265292478718832     
   4.0884686793817568       -7.8233917506255484     
   4.0890969979124749       -8.9091367856152921     
   4.0897253164431930       -9.9822214497387591     
   4.0903536349739111       -11.041120830950389     
   4.0909819535046283       -12.084330175316349     
   4.0916102720353464       -13.110367025276439     
   4.0922385905660645       -14.117773326291912     
   4.0928669090967826       -15.105117498895842     
   4.0934952276274998       -16.070996473016340     
   4.0941235461582179       -17.014037681762947     
   4.0947518646889360       -17.932901011985063     
   4.0953801832196550       -18.826280708572739     
   4.0960085017503722       -19.692907230122213     
   4.0966368202810903       -20.531549052960845     
   4.0972651388118084       -21.341014421103413     
   4.0978934573425265       -22.120153039989091     
   4.0985217758732437       -22.867857711041399     
   4.0991500944039618       -23.583065904983989     
   4.0997784129346799       -24.264761271830189     
   4.1004067314653980       -24.911975085159888     
   4.1010350499961152       -25.523787618759297     
   4.1016633685268342       -26.099329453530565     
   4.1022916870575523       -26.637782712974619     
   4.1029200055882695       -27.138382225614805     
   4.1035483241189876       -27.600416612162800     
   4.1041766426497057       -28.023229296432721     
   4.1048049611804238       -28.406219438453235     
   4.1054332797111419       -28.748842788285700     
   4.1060615982418591       -29.050612459434685     
   4.1066899167725772       -29.311099620685699     
   4.1073182353032953       -29.529934105496071     
   4.1079465538340134       -29.706804938077024     
   4.1085748723647315       -29.841460775330916     
   4.1092031908954496       -29.933710263944693     
   4.1098315094261677       -29.983422312290788     
   4.1104598279568849       -29.990526276907634     
   4.1110881464876030       -29.955012062672616     
   4.1117164650183211       -29.876930137148282     
   4.1123447835490392       -29.756391459079904     
   4.1129731020797573       -29.593567320502387     
   4.1136014206104745       -29.388689103459448     
   4.1142297391411935       -29.142047951097215     
   4.1148580576719116       -28.853994353922950     
   4.1154863762026288       -28.524937651937368     
   4.1161146947333469       -28.155345452729623     
   4.1167430132640650       -27.745742966984857     
   4.1173713317947831       -27.296712262249066     
   4.1179996503255003       -26.808891435775461     
   4.1186279688562184       -26.282973707620723     
   4.1192562873869365       -25.719706435643353     
   4.1198846059176546       -25.119890053478645     
   4.1205129244483727       -24.484376932998241     
   4.1211412429790908       -23.814070173148963     
   4.1217695615098089       -23.109922316514719     
   4.1223978800405270       -22.372933995687319     
   4.1230261985712442       -21.604152511456768     
   4.1236545171019623       -20.804670344370482     
   4.1242828356326804       -19.975623602300310     
   4.1249111541633985       -19.118190406042483     
   4.1255394726941157       -18.233589215099354     
   4.1261677912248338       -17.323077096180942     
   4.1267961097555528       -16.387947936789526     
   4.1274244282862709       -15.429530606628191     
   4.1280527468169881       -14.449187069213076     
   4.1286810653477062       -13.448310446346445     
   4.1293093838784243       -12.428323038438075     
   4.1299377024091424       -11.390674303425774     
   4.1305660209398596       -10.336838796956904     
   4.1311943394705777       -9.2683140769379229     
   4.1318226580012958       -8.1866185754592866     
   4.1324509765320139       -7.0932894410258722     
   4.1330792950627320       -5.9898803541549785     
   4.1337076135934501       -4.8779593195438871     
   4.1343359321241682       -3.7591064378223895     
   4.1349642506548854       -2.6349116601608631     
   4.1355925691856035       -1.5069725288539613     
   4.1362208877163216      -0.37689190711982790     
   4.1368492062470397       0.75372429863726198     
   4.1374775247777578        1.8832694209210961     
   4.1381058433084750        3.0101383143075187     
   4.1387341618391931        4.1327296364454496     
   4.1393624803699121        5.2494481236241199     
   4.1399907989006293        6.3587068577715460     
   4.1406191174313474        7.4589295215434319     
   4.1412474359620655        8.5485526383165844     
   4.1418757544927836        9.6260277940167249     
   4.1425040730235008        10.689823837507541     
   4.1431323915542189        11.738429056395505     
   4.1437607100849370        12.770353325268871     
   4.1443890286156551        13.784130223293147     
   4.1450173471463732        14.778319118017992     
   4.1456456656770913        15.751507212624663     
   4.1462739842078093        16.702311553584195     
   4.1469023027385274        17.629380995868701     
   4.1475306212692447        18.531398123119068     
   4.1481589397999628        19.407081119641177     
   4.1487872583306808        20.255185591931724     
   4.1494155768613989        21.074506337147383     
   4.1500438953921162        21.863879055709610     
   4.1506722139228343        22.622182005767939     
   4.1513005324535523        23.348337597347712     
   4.1519288509842713        24.041313923571423     
   4.1525571695149885        24.700126227197821     
   4.1531854880457066        25.323838299939041     
   4.1538138065764247        25.911563812728325     
   4.1544421251071428        26.462467575478819     
   4.1550704436378600        26.975766723839349     
   4.1556987621685781        27.450731831603253     
   4.1563270806992962        27.886687947353245     
   4.1569553992300143        28.283015553592048     
   4.1575837177607315        28.639151447137756     
   4.1582120362914505        28.954589539387324     
   4.1588403548221686        29.228881575496910     
   4.1594686733528867        29.461637771517250     
   4.1600969918836039        29.652527368191414     
   4.1607253104143220        29.801279100935318     
   4.1613536289450401        29.907681585352382     
   4.1619819474757582        29.971583617712124     
   4.1626102660064754        29.992894389764103     
   4.1632385845371935        29.971583617734829     
   4.1638669030679116        29.907681585363605     
   4.1644952215986297        29.801279100924141     
   4.1651235401293478        29.652527368202637     
   4.1657518586600659        29.461637771550556     
   4.1663801771907840        29.228881575474819     
   4.1670084957215012        28.954589539343722     
   4.1676368142522193        28.639151447148805     
   4.1682651327829374        28.283015553603050     
   4.1688934513136555        27.886687947353288     
   4.1695217698443736        27.450731831593668     
   4.1701500883750908        26.975766723829540     
   4.1707784069058089        26.462467575518822     
   4.1714067254365279        25.911563812738422     
   4.1720350439672451        25.323838299910332     
   4.1726633624979632        24.700126227216018     
   4.1732916810286813        24.041313923572083     
   4.1739199995593994        23.348337597312771     
   4.1745483180901166        22.622182005760408     
   4.1751766366208347        21.863879055718908     
   4.1758049551515528        21.074506337164081     
   4.1764332736822709        20.255185591939895     
   4.1770615922129890        19.407081119634515     
   4.1776899107437071        18.531398123132441     
   4.1783182292744252        17.629380995888368     
   4.1789465478051433        16.702311553565220     
   4.1795748663358605        15.751507212612273     
   4.1802031848665786        14.778319118018926     
   4.1808315033972967        13.784130223293452     
   4.1814598219280148        12.770353325265569     
   4.1820881404587320        11.738429056387636     
   4.1827164589894501        10.689823837513018     
   4.1833447775201682        9.6260277940315611     
   4.1839730960508872        8.5485526383176076     
   4.1846014145816044        7.4589295215371445     
   4.1852297331123225        6.3587068577785812     
   4.1858580516430406        5.2494481236229200     
   4.1864863701737587        4.1327296364394703     
   4.1871146887044759        3.0101383143093385     
   4.1877430072351940        1.8832694209233745     
   4.1883713257659121       0.75372429863740309     
   4.1889996442966302      -0.37689190711817289     
   4.1896279628273474       -1.5069725288526767     
   4.1902562813580664       -2.6349116601645863     
   4.1908845998887845       -3.7591064378250332     
   4.1915129184195026       -4.8779593195407838     
   4.1921412369502198       -5.9898803541528922     
   4.1927695554809379       -7.0932894410225238     
   4.1933978740116560       -8.1866185754589154     
   4.1940261925423741       -9.2683140769330272     
   4.1946545110730913       -10.336838796952341     
   4.1952828296038094       -11.390674303433215     
   4.1959111481345275       -12.428323038442095     
   4.1965394666652456       -13.448310446340708     
   4.1971677851959637       -14.449187069224623     
   4.1977961037266818       -15.429530606639597     
   4.1984244222573999       -16.387947936764444     
   4.1990527407881171       -17.323077096160898     
   4.1996810593188352       -18.233589215112239     
   4.2003093778495533       -19.118190406048502     
   4.2009376963802714       -19.975623602300121     
   4.2015660149109895       -20.804670344353383     
   4.2021943334417067       -21.604152511473465     
   4.2028226519724257       -22.372933995728950     
   4.2034509705031438       -23.109922316488767     
   4.2040792890338610       -23.814070173131402     
   4.2047076075645791       -24.484376933007006     
   4.2053359260952972       -25.119890053468861     
   4.2059642446260153       -25.719706435623539     
   4.2065925631567325       -26.282973707610012     
   4.2072208816874506       -26.808891435784869     
   4.2078492002181687       -27.296712262269210     
   4.2084775187488868       -27.745742966984242     
   4.2091058372796049       -28.155345452729492     
   4.2097341558103230       -28.524937651969744     
   4.2103624743410411       -28.853994353933860     
   4.2109907928717591       -29.142047951053129     
   4.2116191114024764       -29.388689103448538     
   4.2122474299331945       -29.593567320513344     
   4.2128757484639126       -29.756391459079772     
   4.2135040669946306       -29.876930137136885     
   4.2141323855253479       -29.955012062638644     
   4.2147607040560660       -29.990526276952870     
   4.2153890225867849       -29.983422312336025     
   4.2160173411175030       -29.933710263910807     
   4.2166456596482202       -29.841460775319700     
   4.2172739781789383       -29.706804938088332     
   4.2179022967096564       -29.529934105485072     
   4.2185306152403745       -29.311099620663786     
   4.2191589337710917       -29.050612459434905     
   4.2197872523018098       -28.748842788307787     
   4.2204155708325279       -28.406219438464280     
   4.2210438893632460       -28.023229296422340     
   4.2216722078939641       -27.600416612162761     
   4.2223005264246822       -27.138382225645376     
   4.2229288449554003       -26.637782712984649     
   4.2235571634861184       -26.099329453491428     
   4.2241854820168356       -25.523787618749648     
   4.2248138005475537       -24.911975085170159     
   4.2254421190782718       -24.264761271830345     
   4.2260704376089899       -23.583065904976017     
   4.2266987561397071       -22.867857711033185     
   4.2273270746704252       -22.120153040022622     
   4.2279553932011442       -21.341014421111893     
   4.2285837117318614       -20.531549052937528     
   4.2292120302625795       -19.692907230136612     
   4.2298403487932976       -18.826280708573535     
   4.2304686673240157       -17.932901011958204     
   4.2310969858547329       -17.014037681757955     
   4.2317253043854510       -16.070996473023786     
   4.2323536229161691       -15.105117498908006     
   4.2329819414468872       -14.117773326297739     
   4.2336102599776053       -13.110367025272236     
   4.2342385785083234       -12.084330175324908     
   4.2348668970390415       -11.041120830962672     
   4.2354952155697596       -9.9822214497274970     
   4.2361235341004768       -8.9091367856081334     
   4.2367518526311949       -7.8233917506264845     
   4.2373801711619130       -6.7265292478720662     
   4.2380084896926311       -5.6201079789877966     
   4.2386368082233483       -4.5057002291409827     
   4.2392651267540664       -3.3848896327244891     
   4.2398934452847845       -2.2592689229206102     
   4.2405217638155035       -1.1304376683518729     
   4.2411500823462207        6.6153708279409494E-013
   4.2417784008769388        1.1304376683514912     
   4.2424067194076569        2.2592689229193770     
   4.2430350379383750        3.3848896327207130     
   4.2436633564690922        4.5057002291406034     
   4.2442916749998103        5.6201079789882842     
   4.2449199935305284        6.7265292478716976     
   4.2455483120612465        7.8233917506219326     
   4.2461766305919637        8.9091367856077675     
   4.2468049491226818        9.9822214497421751     
   4.2474332676534008        11.041120830966873     
   4.2480615861841189        12.084330175316232     
   4.2486899047148361        13.110367025267333     
   4.2493182232455542        14.117773326291708     
   4.2499465417762723        15.105117498907680     
   4.2505748603069904        16.070996473016322     
   4.2512031788377076        17.014037681750874     
   4.2518314973684257        17.932901011970749     
   4.2524598158991438        18.826280708580015     
   4.2530881344298619        19.692907230136292     
   4.2537164529605800        20.531549052953302     
   4.2543447714912981        21.341014421103303     
   4.2549730900220162        22.120153040006318     
   4.2556014085527343        22.867857711041292     
   4.2562297270834515        23.583065904975776     
   4.2568580456141696        24.264761271830121     
   4.2574863641448877        24.911975085169939     
   4.2581146826756058        25.523787618739622     
   4.2587430012063230        26.099329453491229     
   4.2593713197370411        26.637782713014776     
   4.2599996382677601        27.138382225634771     
   4.2606279567984773        27.600416612142126     
   4.2612562753291954        28.023229296432678     
   4.2618845938599135        28.406219438453281     
   4.2625129123906316        28.748842788285700     
   4.2631412309213488        29.050612459445730     
   4.2637695494520669        29.311099620685606     
   4.2643978679827850        29.529934105484898     
   4.2650261865135031        29.706804938076981     
   4.2656545050442212        29.841460775330962     
   4.2662828235749393        29.933710263944736     
   4.2669111421056574        29.983422312324890     
   4.2675394606363755        29.990526276918988     
   4.2681677791670927        29.955012062627247     
   4.2687960976978108        29.876930137136885     
   4.2694244162285289        29.756391459091166     
   4.2700527347592470        29.593567320502473     
   4.2706810532899642        29.388689103448623     
   4.2713093718206823        29.142047951086440     
   4.2719376903514004        28.853994353944724     
   4.2725660088821193        28.524937651948100     
   4.2731943274128366        28.155345452718890     
   4.2738226459435547        27.745742966995195     
   4.2744509644742728        27.296712262279371     
   4.2750792830049908        26.808891435755449     
   4.2757076015357081        26.282973707590482     
   4.2763359200664262        25.719706435653311     
   4.2769642385971443        25.119890053478752     
   4.2775925571278623        24.484376932989338     
   4.2782208756585796        23.814070173157731     
   4.2788491941892985        23.109922316515362     
   4.2794775127200166        22.372933995695025     
   4.2801058312507347        21.604152511465248     
   4.2807341497814519        20.804670344361689     
   4.2813624683121700        19.975623602307632     
   4.2819907868428881        19.118190406041965     
   4.2826191053736062        18.233589215085733     
   4.2832474239043234        17.323077096161779     
   4.2838757424350415        16.387947936784411     
   4.2845040609657596        15.429530606646047     
   4.2851323794964777        14.449187069229922     
   4.2857606980271958        13.448310446336466     
   4.2863890165579139        12.428323038433172     
   4.2870173350886320        11.390674303438249     
   4.2876456536193501        10.336838796956934     
   4.2882739721500673        9.2683140769333807     
   4.2889022906807854        8.1866185754567056     
   4.2895306092115035        7.0932894410205796     
   4.2901589277422216        5.9898803541541294     
   4.2907872462729388        4.8779593195462612     
   4.2914155648036578        3.7591064378291854     
   4.2920438833343759        2.6349116601615830     
   4.2926722018650931        1.5069725288509099     
   4.2933005203958112       0.37689190711940979     
   4.2939288389265293      -0.75372429863687296     
   4.2945571574572474       -1.8832694209209007     
   4.2951854759879646       -3.0101383143089850     
   4.2958137945186827       -4.1327296364433579     
   4.2964421130494008       -5.2494481236200929     
   4.2970704315801189       -6.3587068577734565     
   4.2976987501108370       -7.4589295215457145     
   4.2983270686415551       -8.5485526383200821     
   4.2989553871722732       -9.6260277940288237     
   4.2995837057029913       -10.689823837508158     
   4.3002120242337085       -11.738429056378449     
   4.3008403427644266       -12.770353325264511     
   4.3014686612951447       -13.784130223297781     
   4.3020969798258628       -14.778319118011769     
   4.3027252983565800       -15.751507212618192     
   4.3033536168872981       -16.702311553583421     
   4.3039819354180171       -17.629380995889079     
   4.3046102539487352       -18.531398123125637     
   4.3052385724794524       -19.407081119627009     
   4.3058668910101705       -20.255185591939721     
   4.3064952095408886       -21.074506337172032     
   4.3071235280716067       -21.863879055692934     
   4.3077518466023239       -22.622182005743184     
   4.3083801651330420       -23.348337597338034     
   4.3090084836637601       -24.041313923580656     
   4.3096368021944782       -24.700126227225471     
   4.3102651207251963       -25.323838299919871     
   4.3108934392559144       -25.911563812718718     
   4.3115217577866325       -26.462467575508747     
   4.3121500763173506       -26.975766723839349     
   4.3127783948480678       -27.450731831593494     
   4.3134067133787859       -27.886687947363804     
   4.3140350319095040       -28.283015553592271     
   4.3146633504402221       -28.639151447105249     
   4.3152916689709393       -28.954589539354412     
   4.3159199875016574       -29.228881575529776     
   4.3165483060323764       -29.461637771550379     
   4.3171766245630936       -29.652527368168979     
   4.3178049430938117       -29.801279100913010     
   4.3184332616245298       -29.907681585363690     
   4.3190615801552479       -29.971583617723343     
   4.3196898986859651       -29.992894389775326     
   4.3203182172166832       -29.971583617746095     
   4.3209465357474013       -29.907681585341162     
   4.3215748542781194       -29.801279100912968     
   4.3222031728088375       -29.652527368191549     
   4.3228314913395547       -29.461637771550510     
   4.3234598098702737       -29.228881575529996     
   4.3240881284009918       -28.954589539354586     
   4.3247164469317090       -28.639151447105380     
   4.3253447654624271       -28.283015553592314     
   4.3259730839931452       -27.886687947364020     
   4.3266014025238633       -27.450731831593714     
   4.3272297210545805       -26.975766723839570     
   4.3278580395852986       -26.462467575509059     
   4.3284863581160167       -25.911563812718917     
   4.3291146766467348       -25.323838299920180     
   4.3297429951774529       -24.700126227225695     
   4.3303713137081710       -24.041313923580940     
   4.3309996322388891       -23.348337597338393     
   4.3316279507696072       -22.622182005743490     
   4.3322562693003244       -21.863879055693374     
   4.3328845878310425       -21.074506337172384     
   4.3335129063617606       -20.255185591939942     
   4.3341412248924787       -19.407081119627470     
   4.3347695434231959       -18.531398123126035     
   4.3353978619539140       -17.629380995889331     
   4.3360261804846330       -16.702311553583797     
   4.3366544990153510       -15.751507212618666     
   4.3372828175460683       -14.778319118012382     
   4.3379111360767864       -13.784130223298295     
   4.3385394546075045       -12.770353325264791     
   4.3391677731382226       -11.738429056378962     
   4.3397960916689398       -10.689823837508692     
   4.3404244101996579       -9.6260277940291736     
   4.3410527287303760       -8.5485526383205883     
   4.3416810472610941       -7.4589295215462004     
   4.3423093657918121       -6.3587068577738961     
   4.3429376843225302       -5.2494481236205379     
   4.3435660028532483       -4.1327296364438499     
   4.3441943213839664       -3.0101383143094589     
   4.3448226399146836       -1.8832694209214778     
   4.3454509584454017      -0.75372429863778589     
   4.3460792769761198       0.37689190711887782     
   4.3467075955068379        1.5069725288507414     
   4.3473359140375551        2.6349116601610505     
   4.3479642325682732        3.7591064378286689     
   4.3485925510989922        4.8779593195457682     
   4.3492208696297094        5.9898803541482524     
   4.3498491881604275        7.0932894410201532     
   4.3504775066911456        8.1866185754615888     
   4.3511058252218637        9.2683140769328567     
   4.3517341437525809        10.336838796956549     
   4.3523624622832990        11.390674303437898     
   4.3529907808140171        12.428323038432646     
   4.3536190993447352        13.448310446335958     
   4.3542474178754533        14.449187069229458     
   4.3548757364061714        15.429530606645688     
   4.3555040549368895        16.387947936784105     
   4.3561323734676076        17.323077096161391     
   4.3567606919983248        18.233589215085292     
   4.3573890105290429        19.118190406041521     
   4.3580173290597610        19.975623602307270     
   4.3586456475904791        20.804670344361448     
   4.3592739661211963        21.604152511464918     
   4.3599022846519144        22.372933995694648     
   4.3605306031826325        23.109922316515025     
   4.3611589217133515        23.814070173157422     
   4.3617872402440687        24.484376932989029     
   4.3624155587747868        25.119890053478489     
   4.3630438773055049        25.719706435653070     
   4.3636721958362230        26.282973707590262     
   4.3643005143669402        26.808891435755097     
   4.3649288328976583        27.296712262279105     
   4.3655571514283764        27.745742966994975     
   4.3661854699590945        28.155345452718759     
   4.3668137884898117        28.524937651948100     
   4.3674421070205307        28.853994353944550     
   4.3680704255512488        29.142047951086219     
   4.3686987440819669        29.388689103448538     
   4.3693270626126841        29.593567320502387     
   4.3699553811434022        29.756391459090988     
   4.3705836996741203        29.876930137136974     
   4.3712120182048384        29.955012062627294     
   4.3718403367355556        29.990526276918942     
   4.3724686552662737        29.983422312324983     
   4.3730969737969918        29.933710263944693     
   4.3737252923277099        29.841460775319785     
   4.3743536108584280        29.706804938065979     
   4.3749819293891461        29.529934105496160     
   4.3756102479198642        29.311099620696915     
   4.3762385664505823        29.050612459445816     
   4.3768668849812995        28.748842788296386     
   4.3774952035120176        28.406219438442811     
   4.3781235220427357        28.023229296411781     
   4.3787518405734538        27.600416612152994     
   4.3793801591041710        27.138382225645465     
   4.3800084776348900        26.637782713014996     
   4.3806367961656081        26.099329453501060     
   4.3812651146963253        25.523787618730498     
   4.3818934332270434        24.911975085160684     
   4.3825217517577615        24.264761271839731     
   4.3831500702884796        23.583065904976042     
   4.3837783888191968        22.867857711041669     
   4.3844067073499149        22.120153040014713     
   4.3850350258806330        21.341014421095814     
   4.3856633444113511        20.531549052945557     
   4.3862916629420692        19.692907230144563     
   4.3869199814727873        18.826280708580512     
   4.3875483000035054        17.932901011977552     
   4.3881766185342235        17.014037681745098     
   4.3888049370649407        16.070996473004591     
   4.3894332555956588        15.105117498914305     
   4.3900615741263769        14.117773326297831     
   4.3906898926570950        13.110367025267781     
   4.3913182111878122        12.084330175320854     
   4.3919465297185303        11.041120830963555     
   4.3925748482492493        9.9822214497384945     
   4.3932031667799674        8.9091367856120218     
   4.3938314853106846        7.8233917506223678     
   4.3944598038414027        6.7265292478742689     
   4.3950881223721208        5.6201079789871100     
   4.3957164409028389        4.5057002291377373     
   4.3963447594335561        3.3848896327230027     
   4.3969730779642742        2.2592689229210183     
   4.3976013964949923        1.1304376683518977     
   4.3982297150257104        7.0678992921411487E-013
   4.3988580335564276       -1.1304376683504842     
   4.3994863520871466       -2.2592689229196048     
   4.4001146706178647       -3.3848896327249469     
   4.4007429891485828       -4.5057002291405643     
   4.4013713076793000       -5.6201079789872868     
   4.4019996262100181       -6.7265292478685268     
   4.4026279447407362       -7.8233917506225445     
   4.4032562632714543       -8.9091367856106078     
   4.4038845818021715       -9.9822214497304547     
   4.4045129003328896       -11.041120830962230     
   4.4051412188636077       -12.084330175329336     
   4.4057695373943258       -13.110367025266456     
   4.4063978559250438       -14.117773326286789     
   4.4070261744557619       -15.105117498912893     
   4.4076544929864800       -16.070996473028977     
   4.4082828115171981       -17.014037681757468     
   4.4089111300479153       -17.932901011964919     
   4.4095394485786334       -18.826280708565758     
   4.4101677671093515       -19.692907230129101     
   4.4107960856400696       -20.531549052944591     
   4.4114244041707869       -21.341014421111542     
   4.4120527227015058       -22.120153040031056     
   4.4126810412322239       -22.867857711041754     
   4.4133093597629411       -23.583065904957838     
   4.4139376782936592       -24.264761271821175     
   4.4145659968243773       -24.911975085179062     
   4.4151943153550954       -25.523787618749406     
   4.4158226338858126       -26.099329453501152     
   4.4164509524165307       -26.637782712974175     
   4.4170792709472488       -27.138382225624788     
   4.4177075894779669       -27.600416612172875     
   4.4183359080086850       -28.023229296432543     
   4.4189642265394031       -28.406219438464014     
   4.4195925450701212       -28.748842788318562     
   4.4202208636008393       -29.050612459423817     
   4.4208491821315565       -29.311099620652655     
   4.4214775006622746       -29.529934105495983     
   4.4221058191929927       -29.706804938088332     
   4.4227341377237108       -29.841460775319522     
   4.4233624562544280       -29.933710263899460     
   4.4239907747851461       -29.983422312324805     
   4.4246190933158651       -29.990526276964225     
   4.4252474118465832       -29.955012062649999     
   4.4258757303773004       -29.876930137136839     
   4.4265040489080185       -29.756391459090988     
   4.4271323674387366       -29.593567320502434     
   4.4277606859694547       -29.388689103426451     
   4.4283890045001719       -29.142047951064399     
   4.4290173230308900       -28.853994353944948     
   4.4296456415616081       -28.524937651969790     
   4.4302739600923262       -28.155345452719335     
   4.4309022786230443       -27.745742966974298     
   4.4315305971537624       -27.296712262279815     
   4.4321589156844805       -26.808891435795427     
   4.4327872342151986       -26.282973707610271     
   4.4334155527459158       -25.719706435633100     
   4.4340438712766339       -25.119890053459873     
   4.4346721898073520       -24.484376932988940     
   4.4353005083380701       -23.814070173140923     
   4.4359288268687873       -23.109922316498000     
   4.4365571453995054       -22.372933995729326     
   4.4371854639302244       -21.604152511481612     
   4.4378137824609416       -20.804670344346206     
   4.4384421009916597       -19.975623602292657     
   4.4390704195223778       -19.118190406056410     
   4.4396987380530959       -18.233589215112602     
   4.4403270565838140       -17.323077096161207     
   4.4409553751145312       -16.387947936770818     
   4.4415836936452493       -15.429530606634584     
   4.4422120121759674       -14.449187069219111     
   4.4428403307066855       -13.448310446346643     
   4.4434686492374036       -12.428323038442585     
   4.4440969677681217       -11.390674303437683     
   4.4447252862988398       -10.336838796949328     
   4.4453536048295570       -9.2683140769264547     
   4.4459819233602751       -8.1866185754630045     
   4.4466102418909932       -7.0932894410261031     
   4.4472385604217113       -5.9898803541533692     
   4.4478668789524285       -4.8779593195427031     
   4.4484951974831466       -3.7591064378244643     
   4.4491235160138647       -2.6349116601636497     
   4.4497518345445837       -1.5069725288541960     
   4.4503801530753009      -0.37689190711864240     
   4.4510084716060190       0.75372429863773727     
   4.4516367901367371        1.8832694209217122     
   4.4522651086674552        3.0101383143065759     
   4.4528934271981724        4.1327296364401240     
   4.4535217457288905        5.2494481236238864     
   4.4541500642596086        6.3587068577780830     
   4.4547783827903267        7.4589295215399787     
   4.4554067013210439        8.5485526383135522     
   4.4560350198517629        9.6260277940277881     
   4.4566633383824810        10.689823837516171     
   4.4572916569131991        11.738429056387238     
   4.4579199754439163        12.770353325265006     
   4.4585482939746344        13.784130223287354     
   4.4591766125053525        14.778319118012581     
   4.4598049310360706        15.751507212617430     
   4.4604332495667878        16.702311553570720     
   4.4610615680975059        17.629380995888138     
   4.4616898866282240        18.531398123139486     
   4.4623182051589421        19.407081119626344     
   4.4629465236896602        20.255185591924239     
   4.4635748422203783        21.074506337171350     
   4.4642031607510964        21.863879055726503     
   4.4648314792818145        22.622182005760102     
   4.4654597978125317        23.348337597321446     
   4.4660881163432498        24.041313923562452     
   4.4667164348739679        24.700126227206741     
   4.4673447534046860        25.323838299919387     
   4.4679730719354032        25.911563812738109     
   4.4686013904661221        26.462467575528713     
   4.4692297089968402        26.975766723839701     
   4.4698580275275575        27.450731831572728     
   4.4704863460582756        27.886687947342775     
   4.4711146645889936        28.283015553613563     
   4.4717429831197117        28.639151447148581     
   4.4723713016504298        28.954589539354586     
   4.4729996201811471        29.228881575463689     
   4.4736279387118651        29.461637771528206     
   4.4742562572425832        29.652527368213594     
   4.4748845757733013        29.801279100935318     
   4.4755128943040194        29.907681585363648     
   4.4761412128347375        29.971583617746095     
   4.4767695313654556        29.992894389752752     
   4.4773978498961728        29.971583617700812     
   4.4780261684268909        29.907681585363779     
   4.4786544869576090        29.801279100935449     
   4.4792828054883271        29.652527368191503     
   4.4799111240190443        29.461637771506293     
   4.4805394425497624        29.228881575486128     
   4.4811677610804805        28.954589539398498     
   4.4817960796111995        28.639151447148805     
   4.4824243981419167        28.283015553592008     
   4.4830527166726348        27.886687947363626     
   4.4836810352033529        27.450731831593405     
   4.4843093537340710        26.975766723819380     
   4.4849376722647882        26.462467575489310     
   4.4855659907955063        25.911563812738507     
   4.4861943093262244        25.323838299939219     
   4.4868226278569425        24.700126227207186     
   4.4874509463876597        24.041313923562985     
   4.4880792649183787        23.348337597339007     
   4.4887075834490968        22.622182005777109     
   4.4893359019798149        21.863879055709898     
   4.4899642205105321        21.074506337155338     
   4.4905925390412502        20.255185591924789     
   4.4912208575719683        19.407081119626920     
   4.4918491761026864        18.531398123126699     
   4.4924774946334036        17.629380995876001     
   4.4931058131641217        16.702311553584572     
   4.4937341316948398        15.751507212630736     
   4.4943624502255579        14.778319118013272     
   4.4949907687562760        13.784130223287974     
   4.4956190872869941        12.770353325274582     
   4.4962474058177122        11.738429056396029     
   4.4968757243484303        10.689823837507982     
   4.4975040428791475        9.6260277940203416     
   4.4981323614098656        8.5485526383141632     
   4.4987606799405837        7.4589295215406786     
   4.4993889984713018        6.3587068577749584     
   4.5000173170020190        5.2494481236246875     
   4.5006456355327380        4.1327296364471566     
   4.5012739540634561        3.0101383143073952     
   4.5019022725941733        1.8832694209200171     
   4.5025305911248914       0.75372429863828661     
   4.5031589096556095      -0.37689190711887965     
   4.5037872281863276       -1.5069725288533837     
   4.5044155467170457       -2.6349116601619360     
   4.5050438652477629       -3.7591064378200856     
   4.5056721837784810       -4.8779593195420210     
   4.5063005023091991       -5.9898803541562495     
   4.5069288208399172       -7.0932894410253509     
   4.5075571393706353       -8.1866185754622727     
   4.5081854579013534       -9.2683140769335584     
   4.5088137764320715       -10.336838796948630     
   4.5094420949627887       -11.390674303429240     
   4.5100704134935068       -12.428323038441917     
   4.5106987320242249       -13.448310446345833     
   4.5113270505549430       -14.449187069218524     
   4.5119553690856602       -15.429530606621576     
   4.5125836876163783       -16.387947936783263     
   4.5132120061470973       -17.323077096186871     
   4.5138403246778154       -18.233589215098899     
   4.5144686432085326       -19.118190406042054     
   4.5150969617392507       -19.975623602292082     
   4.5157252802699688       -20.804670344361867     
   4.5163535988006869       -21.604152511464367     
   4.5169819173314041       -22.372933995695117     
   4.5176102358621222       -23.109922316514474     
   4.5182385543928403       -23.814070173158086     
   4.5188668729235584       -24.484376932988365     
   4.5194951914542765       -25.119890053459322     
   4.5201235099849946       -25.719706435652608     
   4.5207518285157127       -26.282973707630152     
   4.5213801470464308       -26.808891435775326     
   4.5220084655771480       -27.296712262259312     
   4.5226367841078661       -27.745742966973900     
   4.5232651026385842       -28.155345452718979     
   4.5238934211693023       -28.524937651947837     
   4.5245217397000195       -28.853994353922818     
   4.5251500582307376       -29.142047951108172     
   4.5257783767614566       -29.388689103470625     
   4.5264066952921738       -29.593567320480123     
   4.5270350138228919       -29.756391459068723     
   4.5276633323536100       -29.876930137159416     
   4.5282916508843281       -29.955012062672392     
   4.5289199694150462       -29.990526276918899     
   4.5295482879457634       -29.983422312279611     
   4.5301766064764815       -29.933710263922208     
   4.5308049250071996       -29.841460775342316     
   4.5314332435379177       -29.706804938088332     
   4.5320615620686358       -29.529934105496114     
   4.5326898805993538       -29.311099620696741     
   4.5333181991300719       -29.050612459423949     
   4.5339465176607892       -28.748842788274921     
   4.5345748361915073       -28.406219438464234     
   4.5352031547222253       -28.023229296432810     
   4.5358314732529434       -27.600416612173142     
   4.5364597917836615       -27.138382225605000     
   4.5370881103143788       -26.637782712954831     
   4.5377164288450968       -26.099329453540861     
   4.5383447473758158       -25.523787618769457     
   4.5389730659065330       -24.911975085160201     
   4.5396013844372511       -24.264761271839422     
   4.5402297029679692       -23.583065904975644     
   4.5408580214986873       -22.867857711024413     
   4.5414863400294045       -22.120153039998105     
   4.5421146585601226       -21.341014421112071     
   4.5427429770908407       -20.531549052961211     
   4.5433712956215588       -19.692907230129702     
   4.5439996141522760       -18.826280708566287     
   4.5446279326829950       -17.932901011978323     
   4.5452562512137131       -17.014037681770244     
   4.5458845697444312       -16.070996473016852     
   4.5465128882751484       -15.105117498901430     
   4.5471412068058665       -14.117773326287308     
   4.5477695253365846       -13.110367025267118     
   4.5483978438673027       -12.084330175321737     
   4.5490261623980199       -11.041120830955371     
   4.5496544809287380       -9.9822214497393968     
   4.5502827994594561       -8.9091367856188359     
   4.5509111179901742       -7.8233917506233528     
   4.5515394365208923       -6.7265292478693421     
   4.5521677550516104       -5.6201079789914266     
   4.5527960735823285       -4.5057002291437662     
   4.5534243921130466       -3.3848896327221780     
   4.5540527106437638       -2.2592689229178662     
   4.5546810291744819       -1.1304376683512560     
   4.5553093477052000        8.6278067531019881E-017
   4.5559376662359181        1.1304376683495523     
   4.5565659847666353        2.2592689229178662     
   4.5571943032973534        3.3848896327272788     
   4.5578226218280724        4.5057002291395296     
   4.5584509403587896        5.6201079789829551     
   4.5590792588895077        6.7265292478735841     
   4.5597075774202258        7.8233917506284261     
   4.5603358959509439        8.9091367856188306     
   4.5609642144816620        9.9822214497310693     
   4.5615925330123792        11.041120830946255     
   4.5622208515430973        12.084330175320181     
   4.5628491700738154        13.110367025276233     
   4.5634774886045335        14.117773326297192     
   4.5641058071352516        15.105117498913533     
   4.5647341256659697        16.070996473016852     
   4.5653624441966878        17.014037681744622     
   4.5659907627274050        17.932901011964123     
   4.5666190812581231        18.826280708579826     
   4.5672473997888412        19.692907230143902     
   4.5678757183195593        20.531549052961186     
   4.5685040368502774        21.341014421078718     
   4.5691323553809946        22.120153039980853     
   4.5697606739117127        22.867857711075569     
   4.5703889924424317        23.583065904992893     
   4.5710173109731489        24.264761271821619     
   4.5716456295038670        24.911975085160201     
   4.5722739480345851        25.523787618749804     
   4.5729022665653032        26.099329453500751     
   4.5735305850960204        26.637782712974488     
   4.5741589036267385        27.138382225645113     
   4.5747872221574566        27.600416612173142     
   4.5754155406881747        28.023229296411387     
   4.5760438592188919        28.406219438442591     
   4.5766721777496109        28.748842788318345     
   4.5773004962803290        29.050612459467771     
   4.5779288148110471        29.311099620674742     
   4.5785571333417643        29.529934105473941     
   4.5791854518724824        29.706804938065847     
   4.5798137704032005        29.841460775319700     
   4.5804420889339186        29.933710263922116     
   4.5810704074646358        29.983422312302228     
   4.5816987259953539        29.990526276941470     
   4.5823270445260720        29.955012062672569     
   4.5829553630567901        29.876930137137062     
   4.5835836815875082        29.756391459068549     
   4.5842120001182263        29.593567320524652     
   4.5848403186489444        29.388689103470625     
   4.5854686371796625        29.142047951064178     
   4.5860969557103797        28.853994353901168     
   4.5867252742410978        28.524937651948367     
   4.5873535927718159        28.155345452740626     
   4.5879819113025340        27.745742966974699     
   4.5886102298332512        27.296712262279456     
   4.5892385483639702        26.808891435815525     
   4.5898668668946883        26.282973707590482     
   4.5904951854254055        25.719706435613908     
   4.5911235039561236        25.119890053479018     
   4.5917518224868417        24.484376933007361     
   4.5923801410175598        23.814070173157909     
   4.5930084595482779        23.109922316480816     
   4.5936367780789951        22.372933995678860     
   4.5942650966097132        21.604152511482209     
   4.5948934151404313        20.804670344378124     
   4.5955217336711494        19.975623602307898     
   4.5961500522018675        19.118190406055923     
   4.5967783707325856        18.233589215098899     
   4.5974066892633036        17.323077096148264     
   4.5980350077940209        16.387947936771688     
   4.5986633263247390        15.429530606646312     
   4.5992916448554571        14.449187069230101     
   4.5999199633861751        13.448310446336555     
   4.6005482819168924        12.428323038424779     
   4.6011766004476105        11.390674303438514     
   4.6018049189783294        10.336838796972749     
   4.6024332375090475        9.2683140769335584     
   4.6030615560397647        8.1866185754552934     
   4.6036898745704828        7.0932894410209339     
   4.6043181931012009        5.9898803541525396     
   4.6049465116319190        4.8779593195436108     
   4.6055748301626362        3.7591064378237959     
   4.6062031486933543        2.6349116601647635     
   4.6068314672240724        1.5069725288533837     
   4.6074597857547905       0.37689190711958648     
   4.6080881042855086      -0.75372429863687296     
   4.6087164228162267       -1.8832694209230210     
   4.6093447413469448       -3.0101383143119893     
   4.6099730598776629       -4.1327296364408843     
   4.6106013784083801       -5.2494481236215069     
   4.6112296969390982       -6.3587068577731030     
   4.6118580154698163       -7.4589295215406786     
   4.6124863340005344       -8.5485526383128381     
   4.6131146525312516       -9.6260277940203416     
   4.6137429710619697       -10.689823837523972     
   4.6143712895926887       -11.738429056386400     
   4.6149996081234059       -12.770353325255233     
   4.6156279266541240       -13.784130223297606     
   4.6162562451848421       -14.778319118023784     
   4.6168845637155602       -15.751507212630736     
   4.6175128822462783       -16.702311553571317     
   4.6181412007769955       -17.629380995861954     
   4.6187695193077136       -18.531398123125285     
   4.6193978378384317       -19.407081119640967     
   4.6200261563691498       -20.255185591939455     
   4.6206544748998679       -21.074506337171854     
   4.6212827934305860       -21.863879055710076     
   4.6219111119613041       -22.622182005743092     
   4.6225394304920213       -23.348337597320718     
   4.6231677490227394       -24.041313923580478     
   4.6237960675534575       -24.700126227225297     
   4.6244243860841756       -25.323838299939219     
   4.6250527046148937       -25.911563812698667     
   4.6256810231456109       -26.462467575468903     
   4.6263093416763290       -26.975766723879900     
   4.6269376602070480       -27.450731831613812     
   4.6275659787377652       -27.886687947342949     
   4.6281942972684833       -28.283015553592008     
   4.6288226157992014       -28.639151447127070     
   4.6294509343299195       -28.954589539354327     
   4.6300792528606367       -29.228881575485691     
   4.6307075713913548       -29.461637771550471     
   4.6313358899220729       -29.652527368213679     
   4.6319642084527910       -29.801279100912833     
   4.6325925269835082       -29.907681585341074     
   4.6332208455142272       -29.971583617746006     
   4.6338491640449453       -29.992894389797986     
   4.6344774825756634       -29.971583617723521     
   4.6351058011063806       -29.907681585341116     
   4.6357341196370987       -29.801279100912968     
   4.6363624381678168       -29.652527368191283     
   4.6369907566985349       -29.461637771528512     
   4.6376190752292521       -29.228881575485996     
   4.6382473937599702       -28.954589539376631     
   4.6388757122906883       -28.639151447148581     
   4.6395040308214064       -28.283015553592492     
   4.6401323493521245       -27.886687947342775     
   4.6407606678828426       -27.450731831614124     
   4.6413889864135607       -26.975766723859621     
   4.6420173049442788       -26.462467575488848     
   4.6426456234749960       -25.911563812699125     
   4.6432739420057141       -25.323838299920315     
   4.6439022605364322       -24.700126227225802     
   4.6445305790671503       -24.041313923563472     
   4.6451588975978675       -23.348337597321446     
   4.6457872161285856       -22.622182005794205     
   4.6464155346593046       -21.863879055710605     
   4.6470438531900218       -21.074506337139585     
   4.6476721717207399       -20.255185591940140     
   4.6483004902514580       -19.407081119641642     
   4.6489288087821761       -18.531398123139521     
   4.6495571273128942       -17.629380995862903     
   4.6501854458436114       -16.702311553558815     
   4.6508137643743295       -15.751507212631488     
   4.6514420829050476       -14.778319118024452     
   4.6520704014357657       -13.784130223298510     
   4.6526987199664838       -12.770353325273859     
   4.6533270384972019       -11.738429056387229     
   4.6539553570279200       -10.689823837500061     
   4.6545836755586372       -9.6260277940213363     
   4.6552119940893553       -8.5485526383208104     
   4.6558403126200734       -7.4589295215464313     
   4.6564686311507915       -6.3587068577741244     
   4.6570969496815096       -5.2494481236176531     
   4.6577252682122268       -4.1327296364418116     
   4.6583535867429449       -3.0101383143142288     
   4.6589819052736638       -1.8832694209239822     
   4.6596102238043811      -0.75372429863631674     
   4.6602385423350992       0.37689190711864262     
   4.6608668608658173        1.5069725288522096     
   4.6614951793965353        2.6349116601608160     
   4.6621234979272526        3.7591064378227728     
   4.6627518164579707        4.8779593195455364     
   4.6633801349886888        5.9898803541570471     
   4.6640084535194068        7.0932894410137539     
   4.6646367720501241        8.1866185754560181     
   4.6652650905808430        9.2683140769465968     
   4.6658934091115611        10.336838796964914     
   4.6665217276422792        11.390674303429888     
   4.6671500461729964        12.428323038433993     
   4.6677783647037145        13.448310446335759     
   4.6684066832344326        14.449187069219107     
   4.6690350017651507        15.429530606633099     
   4.6696633202958679        16.387947936770850     
   4.6702916388265860        17.323077096173574     
   4.6709199573573041        18.233589215098171     
   4.6715482758880222        19.118190406041347     
   4.6721765944187403        19.975623602307056     
   4.6728049129494584        20.804670344377570     
   4.6734332314801765        21.604152511481612     
   4.6740615500108946        22.372933995695622     
   4.6746898685416118        23.109922316480041     
   4.6753181870723299        23.814070173139882     
   4.6759465056030480        24.484376933006899     
   4.6765748241337661        25.119890053458946     
   4.6772031426644833        25.719706435652981     
   4.6778314611952023        26.282973707629640     
   4.6784597797259204        26.808891435755005     
   4.6790880982566376        27.296712262258961     
   4.6797164167873557        27.745742966994840     
   4.6803447353180738        28.155345452740182     
   4.6809730538487919        28.524937651969790     
   4.6816013723795100        28.853994353900951     
   4.6822296909102272        29.142047951042265     
   4.6828580094409453        29.388689103470451     
   4.6834863279716634        29.593567320524564     
   4.6841146465023815        29.756391459090988     
   4.6847429650330996        29.876930137136839     
   4.6853712835638177        29.955012062649999     
   4.6859996020945358        29.990526276918899     
   4.6866279206252530        29.983422312302274     
   4.6872562391559711        29.933710263944779     
   4.6878845576866892        29.841460775342050     
   4.6885128762174073        29.706804938065979     
   4.6891411947481254        29.529934105451897     
   4.6897695132788426        29.311099620696915     
   4.6903978318095616        29.050612459489638     
   4.6910261503402797        28.748842788296653     
   4.6916544688709969        28.406219438442278     
   4.6922827874017150        28.023229296411781     
   4.6929111059324331        27.600416612152376     
   4.6935394244631512        27.138382225625499     
   4.6941677429938684        26.637782712974971     
   4.6947960615245865        26.099329453521204     
   4.6954243800553046        25.523787618769106     
   4.6960526985860227        24.911975085160773     
   4.6966810171167408        24.264761271821175     
   4.6973093356474589        23.583065904993443     
   4.6979376541781770        22.867857711058363     
   4.6985659727088951        22.120153039997660     
   4.6991942912396123        21.341014421079379     
   4.6998226097703304        20.531549052945824     
   4.7004509283010485        19.692907230144652     
   4.7010792468317666        18.826280708566998     
   4.7017075653624838        17.932901011964919     
   4.7023358838932019        17.014037681783176     
   4.7029642024239209        16.070996473017754     
   4.7035925209546381        15.105117498890099     
   4.7042208394853562        14.117773326298007     
   4.7048491580160743        13.110367025277144     
   4.7054774765467924        12.084330175329336     
   4.7061057950775105        11.041120830947033     
   4.7067341136082277        9.9822214497236512     
   4.7073624321389458        8.9091367856198840     
   4.7079907506696639        7.8233917506293480     
   4.7086190692003820        6.7265292478744456     
   4.7092473877311001        5.6201079789906441     
   4.7098757062618182        4.5057002291405643     
   4.7105040247925363        3.3848896327198226     
   4.7111323433232535        2.2592689229187215     
   4.7117606618539716        1.1304376683522510     
   4.7123889803846897        1.7669748230352872E-013
   4.7130172989154078       -1.1304376683503075     
   4.7136456174461259       -2.2592689229158940     
   4.7142739359768431       -3.3848896327212361     
   4.7149022545075612       -4.5057002291428612     
   4.7155305730382793       -5.6201079789904673     
   4.7161588915689974       -6.7265292478742689     
   4.7167872100997155       -7.8233917506223678     
   4.7174155286304336       -8.9091367856120218     
   4.7180438471611517       -9.9822214497301012     
   4.7186721656918689       -11.041120830954542     
   4.7193004842225870       -12.084330175329248     
   4.7199288027533051       -13.110367025276791     
   4.7205571212840232       -14.117773326286345     
   4.7211854398147413       -15.105117498890010     
   4.7218137583454585       -16.070996473029062     
   4.7224420768761775       -17.014037681783002     
   4.7230703954068955       -17.932901011964564     
   4.7236987139376128       -18.826280708566905     
   4.7243270324683309       -19.692907230128927     
   4.7249553509990490       -20.531549052945557     
   4.7255836695297671       -21.341014421094840     
   4.7262119880604843       -22.120153039997398     
   4.7268403065912024       -22.867857711058274     
   4.7274686251219205       -23.583065904975154     
   4.7280969436526386       -24.264761271820998     
   4.7287252621833566       -24.911975085178881     
   4.7293535807140747       -25.523787618768928     
   4.7299818992447928       -26.099329453521118     
   4.7306102177755109       -26.637782712974886     
   4.7312385363062281       -27.138382225604470     
   4.7318668548369462       -27.600416612152287     
   4.7324951733676643       -28.023229296432721     
   4.7331234918983824       -28.406219438442278     
   4.7337518104290996       -28.748842788296386     
   4.7343801289598177       -29.050612459467462     
   4.7350084474905367       -29.311099620674565     
   4.7356367660212539       -29.529934105473806     
   4.7362650845519720       -29.706804938088332     
   4.7368934030826901       -29.841460775342139     
   4.7375217216134082       -29.933710263944693     
   4.7381500401441263       -29.983422312279657     
   4.7387783586748435       -29.990526276896418     
   4.7394066772055616       -29.955012062672616     
   4.7400349957362797       -29.876930137159501     
   4.7406633142669978       -29.756391459090988     
   4.7412916327977159       -29.593567320502387     
   4.7419199513284340       -29.388689103448538     
   4.7425482698591521       -29.142047951064352     
   4.7431765883898693       -28.853994353923035     
   4.7438049069205874       -28.524937651969967     
   4.7444332254513055       -28.155345452740271     
   4.7450615439820236       -27.745742966974344     
   4.7456898625127417       -27.296712262238774     
   4.7463181810434589       -26.808891435775724     
   4.7469464995741770       -26.282973707650008     
   4.7475748181048960       -25.719706435653070     
   4.7482031366356132       -25.119890053459077     
   4.7488314551663313       -24.484376932989029     
   4.7494597736970494       -23.814070173139996     
   4.7500880922277675       -23.109922316498174     
   4.7507164107584847       -22.372933995695799     
   4.7513447292892028       -21.604152511481768     
   4.7519730478199209       -20.804670344377726     
   4.7526013663506390       -19.975623602292846     
   4.7532296848813571       -19.118190406041521     
   4.7538580034120752       -18.233589215112779     
   4.7544863219427933       -17.323077096173762     
   4.7551146404735114       -16.387947936771038     
   4.7557429590042286       -15.429530606622420     
   4.7563712775349467       -14.449187069219310     
   4.7569995960656648       -13.448310446346859     
   4.7576279145963829       -12.428323038434215     
   4.7582562331271001       -11.390674303430105     
   4.7588845516578182       -10.336838796965129     
   4.7595128701885363       -9.2683140769406478     
   4.7601411887192553       -8.1866185754562419     
   4.7607695072499725       -7.0932894410201532     
   4.7613978257806906       -5.9898803541572780     
   4.7620261443114087       -4.8779593195457700     
   4.7626544628421268       -3.7591064378210182     
   4.7632827813728440       -2.6349116601599132     
   4.7639110999035621       -1.5069725288544311     
   4.7645394184342802      -0.37689190712001391     
   4.7651677369649983       0.75372429863608181     
   4.7657960554957155        1.8832694209237475     
   4.7664243740264345        3.0101383143108786     
   4.7670526925571526        4.1327296364376211     
   4.7676810110878698        5.2494481236205379     
   4.7683093296185879        6.3587068577778529     
   4.7689376481493060        7.4589295215462004     
   4.7695659666800241        8.5485526383133319     
   4.7701942852107422        9.6260277940130550     
   4.7708226037414594        10.689823837507102     
   4.7714509222721775        11.738429056395079     
   4.7720792408028956        12.770353325273637     
   4.7727075593336137        13.784130223298295     
   4.7733358778643318        14.778319118012382     
   4.7739641963950499        15.751507212618698     
   4.7745925149257680        16.702311553570500     
   4.7752208334564852        17.629380995875316     
   4.7758491519872033        18.531398123139333     
   4.7764774705179214        19.407081119641454     
   4.7771057890486395        20.255185591924061     
   4.7777341075793576        21.074506337139411     
   4.7783624261100748        21.863879055726308     
   4.7789907446407938        22.622182005794073     
   4.7796190631715119        23.348337597321340     
   4.7802473817022291        24.041313923563340     
   4.7808757002329472        24.700126227206589     
   4.7815040187636653        25.323838299920180     
   4.7821323372943834        25.911563812718057     
   4.7827606558251006        26.462467575488695     
   4.7833889743558187        26.975766723859536     
   4.7840172928865368        27.450731831593007     
   4.7846456114172549        27.886687947342686     
   4.7852739299479730        28.283015553613385     
   4.7859022484786911        28.639151447148539     
   4.7865305670094092        28.954589539376677     
   4.7871588855401273        29.228881575485868     
   4.7877872040708445        29.461637771506073     
   4.7884155226015626        29.652527368191372     
   4.7890438411322807        29.801279100935318     
   4.7896721596629988        29.907681585341074     
   4.7903004781937160        29.971583617723475     
   4.7909287967244341        29.992894389775369     
   4.7915571152551522        29.971583617745964     
   4.7921854337858711        29.907681585363605     
   4.7928137523165883        29.801279100913010     
   4.7934420708473064        29.652527368213768     
   4.7940703893780245        29.461637771550379     
   4.7946987079087426        29.228881575463955     
   4.7953270264394598        28.954589539332765     
   4.7959553449701779        28.639151447148890     
   4.7965836635008960        28.283015553613915     
   4.7972119820316141        27.886687947343127     
   4.7978403005623314        27.450731831593494     
   4.7984686190930503        26.975766723860112     
   4.7990969376237684        26.462467575489132     
   4.7997252561544856        25.911563812718633     
   4.8003535746852037        25.323838299939485     
   4.8009818932159218        24.700126227225471     
   4.8016102117466399        24.041313923563163     
   4.8022385302773580        23.348337597303932     
   4.8028668488080752        22.622182005760674     
   4.8034951673387933        21.863879055727036     
   4.8041234858695114        21.074506337172032     
   4.8047518044002295        20.255185591939721     
   4.8053801229309476        19.407081119627009     
   4.8060084414616657        18.531398123125637     
   4.8066367599923838        17.629380995876357     
   4.8072650785231010        16.702311553571494     
   4.8078933970538191        15.751507212630914     
   4.8085217155845372        14.778319118023695     
   4.8091500341152553        13.784130223288239     
   4.8097783526459734        12.770353325255675     
   4.8104066711766906        11.738429056396205     
   4.8110349897074096        10.689823837524239     
   4.8116633082381277        9.6260277940206080     
   4.8122916267688449        8.5485526383071839     
   4.8129199452995630        7.4589295215408544     
   4.8135482638302811        6.3587068577791106     
   4.8141765823609992        5.2494481236217725     
   4.8148049008917164        4.1327296364410611     
   4.8154332194224345        3.0101383143121656     
   4.8160615379531526        1.8832694209226677     
   4.8166898564838707       0.75372429863722634     
   4.8173181750145888      -0.37689190711887965     
   4.8179464935453069       -1.5069725288533837     
   4.8185748120760250       -2.6349116601644100     
   4.8192031306067431       -3.7591064378197325     
   4.8198314491374603       -4.8779593195388404     
   4.8204597676681784       -5.9898803541560737     
   4.8210880861988965       -7.0932894410251741     
   4.8217164047296146       -8.1866185754551157     
   4.8223447232603318       -9.2683140769333807     
   4.8229730417910499       -10.336838796963915     
   4.8236013603217689       -11.390674303438249     
   4.8242296788524870       -12.428323038433172     
   4.8248579973832042       -13.448310446336466     
   4.8254863159139223       -14.449187069229922     
   4.8261146344446404       -15.429530606633678     
   4.8267429529753585       -16.387947936758348     
   4.8273712715060757       -17.323077096160453     
   4.8279995900367938       -18.233589215111799     
   4.8286279085675119       -19.118190406055657     
   4.8292562270982300       -19.975623602307632     
   4.8298845456289481       -20.804670344361689     
   4.8305128641596662       -21.604152511465248     
   4.8311411826903843       -22.372933995695025     
   4.8317695012211015       -23.109922316497425     
   4.8323978197518196       -23.814070173157731     
   4.8330261382825377       -24.484376933007272     
   4.8336544568132558       -25.119890053459407     
   4.8342827753439739       -25.719706435613823     
   4.8349110938746911       -26.282973707609830     
   4.8355394124054092       -26.808891435815440     
   4.8361677309361282       -27.296712262279371     
   4.8367960494668454       -27.745742966974699     
   4.8374243679975635       -28.155345452718890     
   4.8380526865282816       -28.524937651948100     
   4.8386810050589997       -28.853994353922818     
   4.8393093235897169       -29.142047951064264     
   4.8399376421204350       -29.388689103470536     
   4.8405659606511531       -29.593567320502121     
   4.8411942791818712       -29.756391459068638     
   4.8418225977125893       -29.876930137159416     
   4.8424509162433074       -29.955012062672484     
   4.8430792347740255       -29.990526276941562     
   4.8437075533047436       -29.983422312302189     
   4.8443358718354608       -29.933710263899634     
   4.8449641903661789       -29.841460775319700     
   4.8455925088968970       -29.706804938088375     
   4.8462208274276151       -29.529934105474073     
   4.8468491459583323       -29.311099620674874     
   4.8474774644890504       -29.050612459446167     
   4.8481057830197685       -28.748842788318253     
   4.8487341015504875       -28.406219438464280     
   4.8493624200812047       -28.023229296411564     
   4.8499907386119228       -27.600416612173227     
   4.8506190571426409       -27.138382225645199     
   4.8512473756733590       -26.637782712954920     
   4.8518756942040762       -26.099329453481577     
   4.8525040127347943       -25.523787618769617     
   4.8531323312655124       -24.911975085179591     
   4.8537606497962305       -24.264761271821772     
   4.8543889683269477       -23.583065904975776     
   4.8550172868576666       -22.867857711059045     
   4.8556456053883847       -22.120153039998279     
   4.8562739239191020       -21.341014421095551     
   4.8569022424498201       -20.531549052961342     
   4.8575305609805381       -19.692907230144044     
   4.8581588795112562       -18.826280708566500     
   4.8587871980419743       -17.932901011951490     
   4.8594155165726916       -17.014037681758328     
   4.8600438351034096       -16.070996473029894     
   4.8606721536341277       -15.105117498913742     
   4.8613004721648458       -14.117773326297394     
   4.8619287906955639       -13.110367025267333     
   4.8625571092262820       -12.084330175320396     
   4.8631854277570001       -11.041120830955590     
   4.8638137462877173       -9.9822214497312967     
   4.8644420648184354       -8.9091367856190562     
   4.8650703833491535       -7.8233917506286499     
   4.8656987018798716       -6.7265292478695731     
   4.8663270204105897       -5.6201079789831860     
   4.8669553389413069       -4.5057002291439980     
   4.8675836574720259       -3.3848896327275129     
   4.8682119760027440       -2.2592689229181007     
   4.8688402945334612       -1.1304376683497870     
   4.8694686130641793       -2.3510773402202915E-013
   4.8700969315948974        1.1304376683510213     
   4.8707252501256155        2.2592689229176317     
   4.8713535686563327        3.3848896327219431     
   4.8719818871870508        4.5057002291435344     
   4.8726102057177689        5.6201079789861224     
   4.8732385242484870        6.7265292478691201     
   4.8738668427792051        7.8233917506281987     
   4.8744951613099232        8.9091367856186032     
   4.8751234798406413        9.9822214497391819     
   4.8757517983713594        11.041120830946040     
   4.8763801169020766        12.084330175311639     
   4.8770084354327947        13.110367025276018     
   4.8776367539635128        14.117773326296980     
   4.8782650724942309        15.105117498901231     
   4.8788933910249481        16.070996473016653     
   4.8795217095556662        17.014037681756530     
   4.8801500280863843        17.932901011978160     
   4.8807783466171033        18.826280708579628     
   4.8814066651478205        19.692907230129489     
   4.8820349836785386        20.531549052961044     
   4.8826633022092567        21.341014421095238     
   4.8832916207399748        22.120153039980675     
   4.8839199392706920        22.867857711040958     
   4.8845482578014101        23.583065904992736     
   4.8851765763321282        24.264761271839223     
   4.8858048948628463        24.911975085160062     
   4.8864332133935635        25.523787618749648     
   4.8870615319242825        26.099329453520696     
   4.8876898504550006        26.637782712974399     
   4.8883181689857178        27.138382225624923     
   4.8889464875164359        27.600416612173095     
   4.8895748060471540        28.023229296432767     
   4.8902031245778721        28.406219438442545     
   4.8908314431085902        28.748842788274874     
   4.8914597616393074        29.050612459445553     
   4.8920880801700255        29.311099620696695     
   4.8927163987007436        29.529934105496071     
   4.8933447172314617        29.706804938088332     
   4.8939730357621798        29.841460775319700     
   4.8946013542928979        29.933710263922162     
   4.8952296728236160        29.983422312302096     
   4.8958579913543332        29.990526276918899     
   4.8964863098850513        29.955012062672569     
   4.8971146284157694        29.876930137137062     
   4.8977429469464875        29.756391459068638     
   4.8983712654772056        29.593567320502565     
   4.8989995840079228        29.388689103470625     
   4.8996279025386418        29.142047951108086     
   4.9002562210693599        28.853994353922904     
   4.9008845396000771        28.524937651926724     
   4.9015128581307952        28.155345452719068     
   4.9021411766615133        27.745742966995284     
   4.9027694951922314        27.296712262259312     
   4.9033978137229486        26.808891435775415     
   4.9040261322536667        26.282973707610978     
   4.9046544507843848        25.719706435633789     
   4.9052827693151029        25.119890053478930     
   4.9059110878458210        24.484376933007628     
   4.9065394063765391        23.814070173158171     
   4.9071677249072572        23.109922316514563     
   4.9077960434379753        22.372933995678945     
   4.9084243619686925        21.604152511448639     
   4.9090526804994106        20.804670344378390     
   4.9096809990301287        19.975623602307984     
   4.9103093175608468        19.118190406042231     
   4.9109376360915640        18.233589215099077     
   4.9115659546222821        17.323077096174679     
   4.9121942731530011        16.387947936783618     
   4.9128225916837192        15.429530606634120     
   4.9134509102144364        14.449187069218613     
   4.9140792287451545        13.448310446346186     
   4.9147075472758726        12.428323038433437     
   4.9153358658065907        11.390674303421552     
   4.9159641843373079        10.336838796957467     
   4.9165925028680260        9.2683140769416852     
   4.9172208213987441        8.1866185754624485     
   4.9178491399294622        7.0932894410255276     
   4.9184774584601803        5.9898803541528922     
   4.9191057769908983        4.8779593195421969     
   4.9197340955216164        3.7591064378239731     
   4.9203624140523337        2.6349116601621128     
   4.9209907325830518        1.5069725288537370     
   4.9216190511137698       0.37689190711923309     
   4.9222473696444879      -0.75372429863669632     
   4.9228756881752060       -1.8832694209200171     
   4.9235040067059233       -3.0101383143084552     
   4.9241323252366413       -4.1327296364468040     
   4.9247606437673603       -5.2494481236245116     
   4.9253889622980775       -6.3587068577689507     
   4.9260172808287956       -7.4589295215405018     
   4.9266455993595137       -8.5485526383196397     
   4.9272739178902318       -9.6260277940200769     
   4.9279022364209490       -10.689823837507806     
   4.9285305549516671       -11.738429056395765     
   4.9291588734823852       -12.770353325263979     
   4.9297871920131033       -13.784130223287798     
   4.9304155105438214       -14.778319118023342     
   4.9310438290745395       -15.751507212630383     
   4.9316721476052576       -16.702311553584479     
   4.9323004661359757       -17.629380995862132     
   4.9329287846666929       -18.531398123111945     
   4.9335571031974110       -19.407081119640615     
   4.9341854217281291       -20.255185591939281     
   4.9348137402588472       -21.074506337155160     
   4.9354420587895644       -21.863879055709720     
   4.9360703773202825       -22.622182005759349     
   4.9366986958510006       -23.348337597338830     
   4.9373270143817196       -24.041313923580390     
   4.9379553329124368       -24.700126227207008     
   4.9385836514431549       -25.323838299939133     
   4.9392119699738730       -25.911563812718455     
   4.9398402885045911       -26.462467575468814     
   4.9404686070353083       -26.975766723839079     
   4.9410969255660264       -27.450731831613727     
   4.9417252440967445       -27.886687947363711     
   4.9423535626274626       -28.283015553592094     
   4.9429818811581798       -28.639151447126892     
   4.9436101996888988       -28.954589539376233     
   4.9442385182196169       -29.228881575507955     
   4.9448668367503350       -29.461637771528292     
   4.9454951552810522       -29.652527368191414     
   4.9461234738117703       -29.801279100935364     
   4.9467517923424884       -29.907681585341074     
   4.9473801108732065       -29.971583617700812     
   4.9480084294039237       -29.992894389775369     
   4.9486367479346418       -29.971583617746138     
   4.9492650664653599       -29.907681585363648     
   4.9498933849960780       -29.801279100935318     
   4.9505217035267961       -29.652527368191414     
   4.9511500220575142       -29.461637771528338     
   4.9517783405882323       -29.228881575486042     
   4.9524066591189495       -28.954589539354632     
   4.9530349776496676       -28.639151447148627     
   4.9536632961803857       -28.283015553592580     
   4.9542916147111038       -27.886687947342818     
   4.9549199332418219       -27.450731831593846     
   4.9555482517725391       -26.975766723839879     
   4.9561765703032572       -26.462467575528848     
   4.9568048888339762       -25.911563812738223     
   4.9574332073646934       -25.323838299900878     
   4.9580615258954115       -24.700126227206876     
   4.9586898444261296       -24.041313923581228     
   4.9593181629568477       -23.348337597321606     
   4.9599464814875649       -22.622182005760301     
   4.9605748000182830       -21.863879055710758     
   4.9612031185490011       -21.074506337156198     
   4.9618314370797192       -20.255185591940283     
   4.9624597556104373       -19.407081119641830     
   4.9630880741411554       -18.531398123139709     
   4.9637163926718735       -17.629380995888294     
   4.9643447112025916       -16.702311553559035     
   4.9649730297333088       -15.751507212606507     
   4.9656013482640269       -14.778319118024656     
   4.9662296667947450       -13.784130223298702     
   4.9668579853254631       -12.770353325265212     
   4.9674863038561803       -11.738429056387444     
   4.9681146223868984       -10.689823837509133     
   4.9687429409176165       -9.6260277940280119     
   4.9693712594483355       -8.5485526383210395     
   4.9699995779790527       -7.4589295215402105     
   4.9706278965097708       -6.3587068577783130     
   4.9712562150404889       -5.2494481236209998     
   4.9718845335712070       -4.1327296364380866     
   4.9725128521019242       -3.0101383143099252     
   4.9731411706326423       -1.8832694209242169     
   4.9737694891633604      -0.75372429863797208     
   4.9743978076940785       0.37689190711840764     
   4.9750261262247957        1.5069725288519746     
   4.9756544447555147        2.6349116601634166     
   4.9762827632862328        3.7591064378262167     
   4.9769110818169509        4.8779593195424704     
   4.9775394003476681        5.9898803541531409     
   4.9781677188783862        7.0932894410258722     
   4.9787960374091043        8.1866185754557872     
   4.9794243559398224        9.2683140769262327     
   4.9800526744705396        10.336838796956107     
   4.9806809930012577        11.390674303437462     
   4.9813093115319758        12.428323038442366     
   4.9819376300626939        13.448310446335544     
   4.9825659485934120        14.449187069218908     
   4.9831942671241301        15.429530606645262     
   4.9838225856548481        16.387947936770630     
   4.9844509041855654        17.323077096161018     
   4.9850792227162835        18.233589215112417     
   4.9857075412470016        19.118190406041169     
   4.9863358597777196        19.975623602292494     
   4.9869641783084377        20.804670344361092     
   4.9875924968391550        21.604152511481438     
   4.9882208153698739        22.372933995729174     
   4.9888491339005920        23.109922316479910     
   4.9894774524313092        23.814070173122325     
   4.9901057709620273        24.484376933006743     
   4.9907340894927454        25.119890053478223     
   4.9913624080234635        25.719706435633015     
   4.9919907265541807        26.282973707610143     
   4.9926190450848988        26.808891435774708     
   4.9932473636156169        27.296712262258783     
   4.9938756821463350        27.745742966994754     
   4.9945040006770531        28.155345452740136     
   4.9951323192077712        28.524937651969744     
   4.9957606377384893        28.853994353922950     
   4.9963889562692074        29.142047951042176     
   4.9970172747999246        29.388689103448360     
   4.9976455933306427        29.593567320524475     
   4.9982739118613608        29.756391459090988     
   4.9989022303920789        29.876930137136974     
   4.9995305489227961        29.955012062649867     
   5.0001588674535142        29.990526276941470     
   5.0007871859842332        29.983422312324937     
   5.0014155045149513        29.933710263922162     
   5.0020438230456685        29.841460775319522     
   5.0026721415763866        29.706804938088244     
   5.0033004601071047        29.529934105473895     
   5.0039287786378228        29.311099620652744     
   5.0045570971685400        29.050612459446082     
   5.0051854156992581        28.748842788318651     
   5.0058137342299762        28.406219438464014     
   5.0064420527606943        28.023229296432721     
   5.0070703712914124        27.600416612152465     
   5.0076986898221305        27.138382225624788     
   5.0083270083528486        26.637782712994763     
   5.0089553268835667        26.099329453501326     
   5.0095836454142839        25.523787618749491     
   5.0102119639450020        24.911975085160950     
   5.0108402824757201        24.264761271821264     
   5.0114686010064382        23.583065904976394     
   5.0120969195371554        22.867857711042021     
   5.0127252380678735        22.120153040030967     
   5.0133535565985925        21.341014421111716     
   5.0139818751293097        20.531549052929833     
   5.0146101936600278        19.692907230129190     
   5.0152385121907459        18.826280708580953     
   5.0158668307214640        17.932901011965271     
   5.0164951492521812        17.014037681757646     
   5.0171234677828993        16.070996473017754     
   5.0177517863136174        15.105117498902557     
   5.0183801048443355        14.117773326298275     
   5.0190084233750536        13.110367025277233     
   5.0196367419057717        12.084330175329690     
   5.0202650604364898        11.041120830962406     
   5.0208933789672079        9.9822214497238271     
   5.0215216974979251        8.9091367856050425     
   5.0221500160286432        7.8233917506295247     
   5.0227783345593613        6.7265292478746224     
   5.0234066530900794        5.6201079789876403     
   5.0240349716207966        4.5057002291407411     
   5.0246632901515147        3.3848896327233562     
   5.0252916086822328        2.2592689229199583     
   5.0259199272129518        1.1304376683524278     
   5.0265482457436690       -5.3009244691058615E-013
   5.0271765642743871       -1.1304376683517210     
   5.0278048828051052       -2.2592689229183680     
   5.0284332013358233       -3.3848896327192923     
   5.0290615198665405       -4.5057002291400341     
   5.0296898383972586       -5.6201079789902915     
   5.0303181569279767       -6.7265292478740930     
   5.0309464754586948       -7.8233917506221919     
   5.0315747939894120       -8.9091367856041597     
   5.0322031125201301       -9.9822214497383168     
   5.0328314310508491       -11.041120830970888     
   5.0334597495815672       -12.084330175320503     
   5.0340880681122844       -13.110367025267690     
   5.0347163866430025       -14.117773326297655     
   5.0353447051737206       -15.105117498901848     
   5.0359730237044387       -16.070996473004502     
   5.0366013422351559       -17.014037681757028     
   5.0372296607658740       -17.932901011977286     
   5.0378579792965921       -18.826280708580160     
   5.0384862978273102       -19.692907230128750     
   5.0391146163580283       -20.531549052945650     
   5.0397429348887464       -21.341014421111364     
   5.0403712534194645       -22.120153040014447     
   5.0409995719501826       -22.867857711041310     
   5.0416278904808998       -23.583065904975950     
   5.0422562090116179       -24.264761271820912     
   5.0428845275423360       -24.911975085160417     
   5.0435128460730541       -25.523787618749139     
   5.0441411646037713       -26.099329453500971     
   5.0447694831344894       -26.637782713014907     
   5.0453978016652083       -27.138382225624614     
   5.0460261201959256       -27.600416612131792     
   5.0466544387266437       -28.023229296432365     
   5.0472827572573618       -28.406219438463836     
   5.0479110757880798       -28.748842788296564     
   5.0485393943187971       -29.050612459445730     
   5.0491677128495152       -29.311099620674476     
   5.0497960313802333       -29.529934105473806     
   5.0504243499109513       -29.706804938088244     
   5.0510526684416694       -29.841460775342139     
   5.0516809869723875       -29.933710263944779     
   5.0523093055031056       -29.983422312302228     
   5.0529376240338237       -29.990526276896237     
   5.0535659425645409       -29.955012062650042     
   5.0541942610952590       -29.876930137159501     
   5.0548225796259771       -29.756391459090988     
   5.0554508981566952       -29.593567320502434     
   5.0560792166874124       -29.388689103448584     
   5.0567075352181305       -29.142047951064530     
   5.0573358537488486       -28.853994353944550     
   5.0579641722795676       -28.524937651970014     
   5.0585924908102848       -28.155345452718937     
   5.0592208093410029       -27.745742966995017     
   5.0598491278717210       -27.296712262259096     
   5.0604774464024391       -26.808891435755140     
   5.0611057649331563       -26.282973707610470     
   5.0617340834638744       -25.719706435653290     
   5.0623624019945925       -25.119890053478599     
   5.0629907205253106       -24.484376932989186     
   5.0636190390560278       -23.814070173140149     
   5.0642473575867468       -23.109922316515185     
   5.0648756761174649       -22.372933995712234     
   5.0655039946481830       -21.604152511465070     
   5.0661323131789002       -20.804670344361604     
   5.0667606317096183       -19.975623602293009     
   5.0673889502403364       -19.118190406041720     
   5.0680172687710545       -18.233589215099894     
   5.0686455873017717       -17.323077096161605     
   5.0692739058324898       -16.387947936784304     
   5.0699022243632079       -15.429530606645871     
   5.0705305428939260       -14.449187069219521     
   5.0711588614246441       -13.448310446336174     
   5.0717871799553622       -12.428323038443009     
   5.0724154984860803       -11.390674303438114     
   5.0730438170167984       -10.336838796956757     
   5.0736721355475156       -9.2683140769269059     
   5.0743004540782337       -8.1866185754564729     
   5.0749287726089518       -7.0932894410265543     
   5.0755570911396699       -5.9898803541538310     
   5.0761854096703871       -4.8779593195460018     
   5.0768137282011061       -3.7591064378289047     
   5.0774420467318242       -2.6349116601601472     
   5.0780703652625414       -1.5069725288506919     
   5.0786986837932595      -0.37689190712024923     
   5.0793270023239776       0.75372429863726687     
   5.0799553208546957        1.8832694209212431     
   5.0805836393854129        3.0101383143092244     
   5.0812119579161310        4.1327296364396586     
   5.0818402764468491        5.2494481236203070     
   5.0824685949775672        6.3587068577776256     
   5.0830969135082853        7.4589295215459730     
   5.0837252320390034        8.5485526383203609     
   5.0843535505697215        9.6260277940208905     
   5.0849818691004396        10.689823837499620     
   5.0856101876311568        11.738429056386808     
   5.0862385061618749        12.770353325273433     
   5.0868668246925930        13.784130223298096     
   5.0874951432233111        14.778319118012167     
   5.0881234617540283        15.751507212605878     
   5.0887517802847464        16.702311553583609     
   5.0893800988154654        17.629380995901712     
   5.0900084173461835        18.531398123125861     
   5.0906367358769007        19.407081119627307     
   5.0912650544076188        20.255185591939764     
   5.0918933729383369        21.074506337155711     
   5.0925216914690550        21.863879055693221     
   5.0931500099997722        22.622182005759811     
   5.0937783285304903        23.348337597338233     
   5.0944066470612084        24.041313923580788     
   5.0950349655919265        24.700126227206457     
   5.0956632841226446        25.323838299920048     
   5.0962916026533627        25.911563812737956     
   5.0969199211840808        26.462467575508967     
   5.0975482397147989        26.975766723839438     
   5.0981765582455161        27.450731831593536     
   5.0988048767762342        27.886687947342551     
   5.0994331953069523        28.283015553592403     
   5.1000615138376704        28.639151447126672     
   5.1006898323683876        28.954589539354501     
   5.1013181508991057        29.228881575529822     
   5.1019464694298247        29.461637771528071     
   5.1025747879605419        29.652527368169196     
   5.1032031064912600        29.801279100935275     
   5.1038314250219781        29.907681585363605     
   5.1044597435526962        29.971583617746138     
   5.1050880620834143        29.992894389775326     
   5.1057163806141315        29.971583617700812     
   5.1063446991448496        29.907681585341162     
   5.1069730176755677        29.801279100935542     
   5.1076013362062858        29.652527368191596     
   5.1082296547370030        29.461637771550471     
   5.1088579732677220        29.228881575507955     
   5.1094862917984400        28.954589539332858     
   5.1101146103291573        28.639151447127158     
   5.1107429288598754        28.283015553613915     
   5.1113712473905935        27.886687947363981     
   5.1119995659213116        27.450731831593494     
   5.1126278844520288        26.975766723839349     
   5.1132562029827469        26.462467575489491     
   5.1138845215134650        25.911563812718807     
   5.1145128400441831        25.323838299939577     
   5.1151411585749011        24.700126227225564     
   5.1157694771056192        24.041313923580741     
   5.1163977956363373        23.348337597321162     
   5.1170261141670554        22.622182005743269     
   5.1176544326977726        21.863879055710250     
   5.1182827512284907        21.074506337172210     
   5.1189110697592088        20.255185591939721     
   5.1195393882899269        19.407081119627271     
   5.1201677068206441        18.531398123112652     
   5.1207960253513622        17.629380995889079     
   5.1214243438820812        16.702311553596850     
   5.1220526624127993        15.751507212618456     
   5.1226809809435165        14.778319118012123     
   5.1233092994742346        13.784130223288503     
   5.1239376180049527        12.770353325264599     
   5.1245659365356708        11.738429056388345     
   5.1251942550663880        10.689823837508335     
   5.1258225735971061        9.6260277940289107     
   5.1264508921278242        8.5485526383204355     
   5.1270792106585423        7.4589295215412088     
   5.1277075291892604        6.3587068577734565     
   5.1283358477199785        5.2494481236249522     
   5.1289641662506966        4.1327296364437114     
   5.1295924847814147        3.0101383143091618     
   5.1302208033121319        1.8832694209205472     
   5.1308491218428500       0.75372429863757984     
   5.1314774403735681      -0.37689190711852627     
   5.1321057589042862       -1.5069725288510865     
   5.1327340774350034       -2.6349116601612295     
   5.1333623959657215       -3.7591064378288319     
   5.1339907144964405       -4.8779593195414908     
   5.1346190330271577       -5.9898803541485632     
   5.1352473515578758       -7.0932894410249974     
   5.1358756700885939       -8.1866185754617415     
   5.1365039886193120       -9.2683140769330272     
   5.1371323071500292       -10.336838796956847     
   5.1377606256807473       -11.390674303428884     
   5.1383889442114654       -12.428323038432906     
   5.1390172627421835       -13.448310446345566     
   5.1396455812729016       -14.449187069229746     
   5.1402738998036197       -15.429530606645782     
   5.1409022183343378       -16.387947936771248     
   5.1415305368650559       -17.323077096147998     
   5.1421588553957731       -18.233589215098455     
   5.1427871739264912       -19.118190406055483     
   5.1434154924572093       -19.975623602307543     
   5.1440438109879274       -20.804670344361604     
   5.1446721295186446       -21.604152511448198     
   5.1453004480493627       -22.372933995694758     
   5.1459287665800808       -23.109922316532149     
   5.1465570851107998       -23.814070173157642     
   5.1471854036415170       -24.484376932989075     
   5.1478137221722351       -25.119890053478667     
   5.1484420407029532       -25.719706435633437     
   5.1490703592336713       -26.282973707590305     
   5.1496986777643885       -26.808891435774971     
   5.1503269962951066       -27.296712262279279     
   5.1509553148258247       -27.745742966995106     
   5.1515836333565428       -28.155345452697333     
   5.1522119518872600       -28.524937651948278     
   5.1528402704179790       -28.853994353966193     
   5.1534685889486971       -29.142047951086173     
   5.1540969074794152       -29.388689103448449     
   5.1547252260101324       -29.593567320502473     
   5.1553535445408505       -29.756391459068638     
   5.1559818630715686       -29.876930137136974     
   5.1566101816022867       -29.955012062649867     
   5.1572385001330039       -29.990526276918853     
   5.1578668186637220       -29.983422312324759     
   5.1584951371944401       -29.933710263922208     
   5.1591234557251582       -29.841460775319700     
   5.1597517742558763       -29.706804938088510     
   5.1603800927865944       -29.529934105496292     
   5.1610084113173125       -29.311099620696783     
   5.1616367298480306       -29.050612459445684     
   5.1622650483787478       -28.748842788275049     
   5.1628933669094659       -28.406219438442768     
   5.1635216854401840       -28.023229296433119     
   5.1641500039709021       -27.600416612152863     
   5.1647783225016193       -27.138382225645291     
   5.1654066410323383       -26.637782712995161     
   5.1660349595630564       -26.099329453481690     
   5.1666632780937736       -25.523787618750067     
   5.1672915966244917       -24.911975085179677     
   5.1679199151552098       -24.264761271839660     
   5.1685482336859279       -23.583065904975950     
   5.1691765522166451       -22.867857711041424     
   5.1698048707473632       -22.120153039998389     
   5.1704331892780813       -21.341014421095725     
   5.1710615078087994       -20.531549052961552     
   5.1716898263395175       -19.692907230144222     
   5.1723181448702356       -18.826280708580203     
   5.1729464634009537       -17.932901011964532     
   5.1735747819316718       -17.014037681744988     
   5.1742031004623890       -16.070996473017249     
   5.1748314189931071       -15.105117498913954     
   5.1754597375238252       -14.117773326297606     
   5.1760880560545433       -13.110367025267536     
   5.1767163745852605       -12.084330175312274     
   5.1773446931159786       -11.041120830963342     
   5.1779730116466975       -9.9822214497465698     
   5.1786013301774156       -8.9091367856117536     
   5.1792296487081328       -7.8233917506221582     
   5.1798579672388509       -6.7265292478698022     
   5.1804862857695690       -5.6201079789868151     
   5.1811146043002871       -4.5057002291416790     
   5.1817429228310043       -3.3848896327226452     
   5.1823712413617224       -2.2592689229208873     
   5.1829995598924405       -1.1304376683517259     
   5.1836278784231586       -1.3225996362167693E-012
   5.1842561969538759        1.1304376683507860     
   5.1848845154845948        2.2592689229208021     
   5.1855128340153129        3.3848896327251081     
   5.1861411525460310        4.5057002291407500     
   5.1867694710767482        5.6201079789824941     
   5.1873977896074663        6.7265292478688901     
   5.1880261081381844        7.8233917506279669     
   5.1886544266689025        8.9091367856108565     
   5.1892827451996197        9.9822214497306376     
   5.1899110637303378        11.041120830962457     
   5.1905393822610559        12.084330175319744     
   5.1911677007917740        13.110367025266692     
   5.1917960193224921        14.117773326296781     
   5.1924243378532102        15.105117498913145     
   5.1930526563839283        16.070996473029275     
   5.1936809749146464        17.014037681757745     
   5.1943092934453636        17.932901011950925     
   5.1949376119760817        18.826280708565925     
   5.1955659305067998        19.692907230143526     
   5.1961942490375179        20.531549052944776     
   5.1968225675682351        21.341014421111762     
   5.1974508860989541        22.120153040013872     
   5.1980792046296722        22.867857711024129     
   5.1987075231603894        23.583065904975332     
   5.1993358416911075        24.264761271839109     
   5.1999641602218256        24.911975085179193     
   5.2005924787525437        25.523787618749559     
   5.2012207972832609        26.099329453481204     
   5.2018491158139790        26.637782712974314     
   5.2024774343446971        27.138382225644978     
   5.2031057528754152        27.600416612172829     
   5.2037340714061333        28.023229296432678     
   5.2043623899368514        28.406219438464234     
   5.2049907084675695        28.748842788296741     
   5.2056190269982876        29.050612459423775     
   5.2062473455290048        29.311099620674650     
   5.2068756640597229        29.529934105496071     
   5.2075039825904410        29.706804938088332     
   5.2081323011211591        29.841460775297037     
   5.2087606196518763        29.933710263899499     
   5.2093889381825944        29.983422312347376     
   5.2100172567133134        29.990526276964179     
   5.2106455752440315        29.955012062649953     
   5.2112738937747487        29.876930137136799     
   5.2119022123054668        29.756391459068638     
   5.2125305308361849        29.593567320502299     
   5.2131588493669030        29.388689103448716     
   5.2137871678976202        29.142047951064438     
   5.2144154864283383        28.853994353944902     
   5.2150438049590564        28.524937651948452     
   5.2156721234897745        28.155345452719242     
   5.2163004420204926        27.745742966995373     
   5.2169287605512107        27.296712262279637     
   5.2175570790819288        26.808891435795204     
   5.2181853976126469        26.282973707610186     
   5.2188137161433641        25.719706435614174     
   5.2194420346740822        25.119890053459759     
   5.2200703532048003        24.484376933007717     
   5.2206986717355184        23.814070173140770     
   5.2213269902662356        23.109922316497865     
   5.2219553087969537        22.372933995712785     
   5.2225836273276727        21.604152511465777     
   5.2232119458583899        20.804670344362307     
   5.2238402643891080        19.975623602308072     
   5.2244685829198261        19.118190406056279     
   5.2250969014505442        18.233589215112417     
   5.2257252199812623        17.323077096160898     
   5.2263535385119795        16.387947936758966     
   5.2269818570426976        15.429530606634385     
   5.2276101755734157        14.449187069230542     
   5.2282384941041338        13.448310446346538     
   5.2288668126348519        12.428323038442270     
   5.2294951311655700        11.390674303429591     
   5.2301234496962881        10.336838796949161     
   5.2307517682270053        9.2683140769339989     
   5.2313800867577234        8.1866185754626262     
   5.2320084052884415        7.0932894410257035     
   5.2326367238191596        5.9898803541532457     
   5.2332650423498768        4.8779593195397233     
   5.2338933608805949        3.7591064378241494     
   5.2345216794113130        2.6349116601661771     
   5.2351499979420320        1.5069725288539138     
   5.2357783164727492       0.37689190711834958     
   5.2364066350034673      -0.75372429863651957     
   5.2370349535341854       -1.8832694209219607     
   5.2376632720649035       -3.0101383143082781     
   5.2382915905956207       -4.1327296364403541     
   5.2389199091263388       -5.2494481236241572     
   5.2395482276570569       -6.3587068577784036     
   5.2401765461877750       -7.4589295215338760     
   5.2408048647184922       -8.5485526383138097     
   5.2414331832492111       -9.6260277940343002     
   5.2420615017799292       -10.689823837516286     
   5.2426898203106473       -11.738429056387547     
   5.2433181388413646       -12.770353325254968     
   5.2439464573720826       -13.784130223287619     
   5.2445747759028007       -14.778319118023077     
   5.2452030944335188       -15.751507212617749     
   5.2458314129642361       -16.702311553571050     
   5.2464597314949541       -17.629380995888280     
   5.2470880500256722       -18.531398123125022     
   5.2477163685563903       -19.407081119626568     
   5.2483446870871084       -20.255185591939014     
   5.2489730056178265       -21.074506337171503     
   5.2496013241485446       -21.863879055726684     
   5.2502296426792627       -22.622182005760322     
   5.2508579612099799       -23.348337597303580     
   5.2514862797406980       -24.041313923562630     
   5.2521145982714161       -24.700126227225031     
   5.2527429168021342       -25.323838299919430     
   5.2533712353328514       -25.911563812738244     
   5.2539995538635704       -26.462467575508569     
   5.2546278723942885       -26.975766723819028     
   5.2552561909250057       -27.450731831593139     
   5.2558845094557238       -27.886687947363537     
   5.2565128279864419       -28.283015553613563     
   5.2571411465171600       -28.639151447148713     
   5.2577694650478781       -28.954589539332677     
   5.2583977835785953       -29.228881575463777     
   5.2590261021093134       -29.461637771550294     
   5.2596544206400315       -29.652527368213679     
   5.2602827391707496       -29.801279100935364     
   5.2609110577014677       -29.907681585363690     
   5.2615393762321858       -29.971583617723521     
   5.2621676947629039       -29.992894389752752     
   5.2627960132936211       -29.971583617723521     
   5.2634243318243392       -29.907681585363648     
   5.2640526503550573       -29.801279100935318     
   5.2646809688857754       -29.652527368169284     
   5.2653092874164926       -29.461637771506251     
   5.2659376059472107       -29.228881575508261     
   5.2665659244779288       -28.954589539398413     
   5.2671942430086478       -28.639151447148670     
   5.2678225615393650       -28.283015553591962     
   5.2684508800700831       -27.886687947342995     
   5.2690791986008012       -27.450731831593316     
   5.2697075171315193       -26.975766723839833     
   5.2703358356622365       -26.462467575489093     
   5.2709641541929546       -25.911563812738400     
   5.2715924727236727       -25.323838299920535     
   5.2722207912543908       -24.700126227188896     
   5.2728491097851080       -24.041313923581338     
   5.2734774283158270       -23.348337597356942     
   5.2741057468465451       -22.622182005776949     
   5.2747340653772632       -21.863879055709738     
   5.2753623839079804       -21.074506337139876     
   5.2759907024386985       -20.255185591924580     
   5.2766190209694166       -19.407081119642015     
   5.2772473395001347       -18.531398123126589     
   5.2778756580308519       -17.629380995875902     
   5.2785039765615700       -16.702311553584391     
   5.2791322950922881       -15.751507212619272     
   5.2797606136230062       -14.778319118012988     
   5.2803889321537243       -13.784130223298929     
   5.2810172506844424       -12.770353325274284     
   5.2816455692151605       -11.738429056395725     
   5.2822738877458786       -10.689823837507760     
   5.2829022062765958       -9.6260277940137229     
   5.2835305248073139       -8.5485526383139998     
   5.2841588433380320       -7.4589295215468843     
   5.2847871618687501       -6.3587068577745915     
   5.2854154803994673       -5.2494481236243473     
   5.2860437989301863       -4.1327296364445480     
   5.2866721174609044       -3.0101383143070439     
   5.2873004359916216       -1.8832694209221814     
   5.2879287545223397      -0.75372429863820700     
   5.2885570730530578       0.37689190711930892     
   5.2891853915837759        1.5069725288537266     
   5.2898137101144940        2.6349116601592106     
   5.2904420286452112        3.7591064378203187     
   5.2910703471759293        4.8779593195450728     
   5.2916986657066474        5.9898803541565870     
   5.2923269842373655        7.0932894410256448     
   5.2929553027680836        8.1866185754555669     
   5.2935836212988017        9.2683140769338035     
   5.2942119398295198        10.336838796955881     
   5.2948402583602370        11.390674303429451     
   5.2954685768909551        12.428323038442155     
   5.2960968954216732        13.448310446346229     
   5.2967252139523913        14.449187069207051     
   5.2973535324831085        15.429530606621812     
   5.2979818510138266        16.387947936795157     
   5.2986101695445456        17.323077096186925     
   5.2992384880752637        18.233589215099130     
   5.2998668066059809        19.118190406027242     
   5.3004951251366990        19.975623602292316     
   5.3011234436674171        20.804670344377218     
   5.3017517621981352        21.604152511464410     
   5.3023800807288524        22.372933995695316     
   5.3030083992595705        23.109922316514609     
   5.3036367177902886        23.814070173139598     
   5.3042650363210067        24.484376932988631     
   5.3048933548517248        25.119890053478070     
   5.3055216733824428        25.719706435652739     
   5.3061499919131609        26.282973707630283     
   5.3067783104438790        26.808891435775369     
   5.3074066289745963        27.296712262238465     
   5.3080349475053143        27.745742966974078     
   5.3086632660360324        28.155345452740097     
   5.3092915845667505        28.524937651947969     
   5.3099199030974678        28.853994353922818     
   5.3105482216281858        29.142047951085953     
   5.3111765401589048        29.388689103448318     
   5.3118048586896220        29.593567320502345     
   5.3124331772203401        29.756391459090946     
   5.3130614957510582        29.876930137159370     
   5.3136898142817763        29.955012062672530     
   5.3143181328124944        29.990526276896418     
   5.3149464513432116        29.983422312279611     
   5.3155747698739297        29.933710263944693     
   5.3162030884046478        29.841460775342316     
   5.3168314069353659        29.706804938088510     
   5.3174597254660840        29.529934105496071     
   5.3180880439968021        29.311099620674650     
   5.3187163625275202        29.050612459423906     
   5.3193446810582374        28.748842788296741     
   5.3199729995889555        28.406219438464102     
   5.3206013181196736        28.023229296432721     
   5.3212296366503917        27.600416612152554     
   5.3218579551811098        27.138382225604914     
   5.3224862737118270        26.637782712975241     
   5.3231145922425451        26.099329453540641     
   5.3237429107732641        25.523787618769195     
   5.3243712293039813        24.911975085160154     
   5.3249995478346994        24.264761271821531     
   5.3256278663654175        23.583065904975420     
   5.3262561848961356        22.867857711042021     
   5.3268845034268528        22.120153039998012     
   5.3275128219575709        21.341014421111979     
   5.3281411404882890        20.531549052946090     
   5.3287694590190071        19.692907230115232     
   5.3293977775497243        18.826280708580864     
   5.3300260960804433        17.932901011992307     
   5.3306544146111614        17.014037681770013     
   5.3312827331418795        16.070996473016695     
   5.3319110516725967        15.105117498890628     
   5.3325393702033148        14.117773326286965     
   5.3331676887340329        13.110367025277498     
   5.3337960072647510        12.084330175321561     
   5.3344243257954682        11.041120830955162     
   5.3350526443261863        9.9822214497392014     
   5.3356809628569044        8.9091367856127288     
   5.3363092813876225        7.8233917506229869     
   5.3369375999183406        6.7265292478749759     
   5.3375659184490587        5.6201079789911743     
   5.3381942369797768        4.5057002291435682     
   5.3388225555104949        3.3848896327219427     
   5.3394508740412121        2.2592689229166010     
   5.3400791925719302        1.1304376683510142     
   5.3407075111026483        5.3009244691058615E-013
   5.3413358296333664       -1.1304376683497774     
   5.3419641481640836       -2.2592689229180145     
   5.3425924666948017       -3.3848896327242399     
   5.3432207852255207       -4.5057002291398573     
   5.3438491037562379       -5.6201079789865798     
   5.3444774222869560       -6.7265292478738274     
   5.3451057408176741       -7.8233917506286410     
   5.3457340593483922       -8.9091367856190899     
   5.3463623778791103       -9.9822214497230330     
   5.3469906964098275       -11.041120830946415     
   5.3476190149405456       -12.084330175328716     
   5.3482473334712637       -13.110367025276439     
   5.3488756520019818       -14.117773326297478     
   5.3495039705326999       -15.105117498901761     
   5.3501322890634180       -16.070996473017139     
   5.3507606075941361       -17.014037681756939     
   5.3513889261248533       -17.932901011964301     
   5.3520172446555714       -18.826280708579983     
   5.3526455631862895       -19.692907230144122     
   5.3532738817170076       -20.531549052945294     
   5.3539022002477257       -21.341014421078764     
   5.3545305187784429       -22.120153039997220     
   5.3551588373091610       -22.867857711075857     
   5.3557871558398800       -23.583065904992914     
   5.3564154743705972       -24.264761271802978     
   5.3570437929013153       -24.911975085160329     
   5.3576721114320334       -25.523787618768750     
   5.3583004299627515       -26.099329453500882     
   5.3589287484934687       -26.637782712974445     
   5.3595570670241868       -27.138382225645291     
   5.3601853855549049       -27.600416612152202     
   5.3608137040856230       -28.023229296390049     
   5.3614420226163402       -28.406219438463836     
   5.3620703411470592       -28.748842788339768     
   5.3626986596777773       -29.050612459467814     
   5.3633269782084954       -29.311099620674742     
   5.3639552967392126       -29.529934105451545     
   5.3645836152699307       -29.706804938065979     
   5.3652119338006488       -29.841460775342227     
   5.3658402523313669       -29.933710263922162     
   5.3664685708620841       -29.983422312302142     
   5.3670968893928022       -29.990526276941516     
   5.3677252079235203       -29.955012062649999     
   5.3683535264542384       -29.876930137136974     
   5.3689818449849565       -29.756391459091034     
   5.3696101635156746       -29.593567320524606     
   5.3702384820463926       -29.388689103470536     
   5.3708668005771107       -29.142047951042397     
   5.3714951191078280       -28.853994353901303     
   5.3721234376385461       -28.524937651970056     
   5.3727517561692641       -28.155345452740359     
   5.3733800746999822       -27.745742966974568     
   5.3740083932306995       -27.296712262279371     
   5.3746367117614184       -26.808891435795648     
   5.3752650302921365       -26.282973707590504     
   5.3758933488228537       -25.719706435633590     
   5.3765216673535718       -25.119890053478692     
   5.3771499858842899       -24.484376933007272     
   5.3777783044150080       -23.814070173140305     
   5.3784066229457261       -23.109922316480485     
   5.3790349414764433       -22.372933995696105     
   5.3796632600071614       -21.604152511482123     
   5.3802915785378795       -20.804670344378053     
   5.3809198970685976       -19.975623602307589     
   5.3815482155993157       -19.118190406041897     
   5.3821765341300338       -18.233589215098753     
   5.3828048526607519       -17.323077096161789     
   5.3834331711914691       -16.387947936771425     
   5.3840614897221872       -15.429530606646081     
   5.3846898082529053       -14.449187069219713     
   5.3853181267836234       -13.448310446327008     
   5.3859464453143406       -12.428323038434645     
   5.3865747638450587       -11.390674303447708     
   5.3872030823757777       -10.336838796972557     
   5.3878314009064958       -9.2683140769333008     
   5.3884597194372130       -8.1866185754497067     
   5.3890880379679311       -7.0932894410206115     
   5.3897163564986492       -5.9898803541577390     
   5.3903446750293673       -4.8779593195433986     
   5.3909729935600845       -3.7591064378234713     
   5.3916013120908026       -2.6349116601643527     
   5.3922296306215207       -1.5069725288529137     
   5.3928579491522388      -0.37689190711934795     
   5.3934862676829569       0.75372429863703205     
   5.3941145862136750        1.8832694209232783     
   5.3947429047443931        3.0101383143121070     
   5.3953712232751112        4.1327296364411144     
   5.3959995418058284        5.2494481236169586     
   5.3966278603365465        6.3587068577734369     
   5.3972561788672646        7.4589295215457438     
   5.3978844973979827        8.5485526383128771     
   5.3985128159286999        9.6260277940206667     
   5.3991411344594180        10.689823837515512     
   5.3997694529901370        11.738429056386593     
   5.4003977715208542        12.770353325264374     
   5.4010260900515723        13.784130223297870     
   5.4016544085822904        14.778319118023845     
   5.4022827271130085        15.751507212630880     
   5.4029110456437266        16.702311553558228     
   5.4035393641744438        17.629380995862352     
   5.4041676827051619        18.531398123138946     
   5.4047960012358800        19.407081119641120     
   5.4054243197665981        20.255185591939643     
   5.4060526382973162        21.074506337155537     
   5.4066809568280343        21.863879055710097     
   5.4073092753587524        22.622182005759658     
   5.4079375938894696        23.348337597321031     
   5.4085659124201877        24.041313923580677     
   5.4091942309509058        24.700126227225404     
   5.4098225494816239        25.323838299919895     
   5.4104508680123420        25.911563812698752     
   5.4110791865430592        26.462467575488517     
   5.4117075050737773        26.975766723880078     
   5.4123358236044963        27.450731831613812     
   5.4129641421352135        27.886687947321704     
   5.4135924606659316        28.283015553592360     
   5.4142207791966497        28.639151447148407     
   5.4148490977273678        28.954589539354366     
   5.4154774162580850        29.228881575485822     
   5.4161057347888031        29.461637771550471     
   5.4167340533195212        29.652527368191237     
   5.4173623718502393        29.801279100890216     
   5.4179906903809565        29.907681585363605     
   5.4186190089116755        29.971583617768665     
   5.4192473274423936        29.992894389798032     
   5.4198756459731117        29.971583617723432     
   5.4205039645038289        29.907681585318457     
   5.4211322830345470        29.801279100913010     
   5.4217606015652651        29.652527368213853     
   5.4223889200959832        29.461637771528380     
   5.4230172386267004        29.228881575485868     
   5.4236455571574185        28.954589539376677     
   5.4242738756881366        28.639151447127244     
   5.4249021942188547        28.283015553592360     
   5.4255305127495728        27.886687947363889     
   5.4261588312802909        27.450731831613989     
   5.4267871498110090        26.975766723859582     
   5.4274154683417271        26.462467575469166     
   5.4280437868724443        25.911563812698926     
   5.4286721054031624        25.323838299939663     
   5.4293004239338805        24.700126227225738     
   5.4299287424645986        24.041313923563340     
   5.4305570609953158        23.348337597321340     
   5.4311853795260339        22.622182005777638     
   5.4318136980567528        21.863879055710427     
   5.4324420165874701        21.074506337155690     
   5.4330703351181882        20.255185591939810     
   5.4336986536489063        19.407081119641497     
   5.4343269721796243        18.531398123126081     
   5.4349552907103424        17.629380995862661     
   5.4355836092410597        16.702311553571850     
   5.4362119277717778        15.751507212631354     
   5.4368402463024958        14.778319118024315     
   5.4374685648332139        13.784130223298222     
   5.4380968833639320        12.770353325264775     
   5.4387252018946501        11.738429056387018     
   5.4393535204253682        10.689823837508689     
   5.4399818389560854        9.6260277940211374     
   5.4406101574868035        8.5485526383204355     
   5.4412384760175216        7.4589295215413856     
   5.4418667945482397        6.3587068577738100     
   5.4424951130789578        5.2494481236221251     
   5.4431234316096750        4.1327296364415913     
   5.4437517501403931        3.0101383143139326     
   5.4443800686711121        1.8832694209237277     
   5.4450083872018293       0.75372429863634294     
   5.4456367057325474      -0.37689190711887965     
   5.4462650242632655       -1.5069725288526767     
   5.4468933427939836       -2.6349116601610523     
   5.4475216613247008       -3.7591064378230894     
   5.4481499798554189       -4.8779593195459086     
   5.4487782983861370       -5.9898803541520094     
   5.4494066169168551       -7.0932894410139538     
   5.4500349354475723       -8.1866185754615657     
   5.4506632539782913       -9.2683140769468100     
   5.4512915725090094       -10.336838796965152     
   5.4519198910397275       -11.390674303430032     
   5.4525482095704447       -12.428323038424159     
   5.4531765281011628       -13.448310446336025     
   5.4538048466318809       -14.449187069229392     
   5.4544331651625990       -15.429530606633325     
   5.4550614836933162       -16.387947936771070     
   5.4556898022240343       -17.323077096160013     
   5.4563181207547524       -18.233589215098370     
   5.4569464392854705       -19.118190406055394     
   5.4575747578161886       -19.975623602307191     
   5.4582030763469067       -20.804670344377769     
   5.4588313948776248       -21.604152511481949     
   5.4594597134083429       -22.372933995678331     
   5.4600880319390601       -23.109922316480194     
   5.4607163504697782       -23.814070173157557     
   5.4613446690004963       -24.484376933007098     
   5.4619729875312144       -25.119890053458963     
   5.4626013060619316       -25.719706435633171     
   5.4632296245926506       -26.282973707629978     
   5.4638579431233687       -26.808891435774886     
   5.4644862616540859       -27.296712262258875     
   5.4651145801848040       -27.745742966995017     
   5.4657428987155221       -28.155345452740271     
   5.4663712172462402       -28.524937651948189     
   5.4669995357769583       -28.853994353901168     
   5.4676278543076755       -29.142047951064001     
   5.4682561728383936       -29.388689103470359     
   5.4688844913691117       -29.593567320524564     
   5.4695128098998298       -29.756391459068549     
   5.4701411284305479       -29.876930137136974     
   5.4707694469612660       -29.955012062672569     
   5.4713977654919841       -29.990526276918899     
   5.4720260840227013       -29.983422312302096     
   5.4726544025534194       -29.933710263944693     
   5.4732827210841375       -29.841460775319831     
   5.4739110396148556       -29.706804938066025     
   5.4745393581455737       -29.529934105474119     
   5.4751676766762909       -29.311099620696830     
   5.4757959952070099       -29.050612459489550     
   5.4764243137377280       -28.748842788296564     
   5.4770526322684452       -28.406219438421164     
   5.4776809507991633       -28.023229296411696     
   5.4783092693298814       -27.600416612173358     
   5.4789375878605995       -27.138382225625321     
   5.4795659063913167       -26.637782712974929     
   5.4801942249220348       -26.099329453521158     
   5.4808225434527529       -25.523787618750109     
   5.4814508619834710       -24.911975085160574     
   5.4820791805141891       -24.264761271839820     
   5.4827074990449072       -23.583065904993358     
   5.4833358175756253       -22.867857711058253     
   5.4839641361063434       -22.120153039981293     
   5.4845924546370606       -21.341014421079201     
   5.4852207731677787       -20.531549052961715     
   5.4858490916984968       -19.692907230144421     
   5.4864774102292149       -18.826280708566852     
   5.4871057287599321       -17.932901011964688     
   5.4877340472906502       -17.014037681770830     
   5.4883623658213692       -16.070996473017470     
   5.4889906843520864       -15.105117498902036     
   5.4896190028828045       -14.117773326297804     
   5.4902473214135226       -13.110367025276863     
   5.4908756399442407       -12.084330175320828     
   5.4915039584749588       -11.041120830946916     
   5.4921322770056760       -9.9822214497317425     
   5.4927605955363941       -8.9091367856195127     
   5.4933889140671122       -7.8233917506291011     
   5.4940172325978303       -6.7265292478742680     
   5.4946455511285484       -5.6201079789870478     
   5.4952738696592665       -4.5057002291402259     
   5.4959021881899845       -3.3848896327228783     
   5.4965305067207018       -2.2592689229185696     
   5.4971588252514199       -1.1304376683519606     
   5.4977871437821380       -7.0532320206608754E-013
   5.4984154623128561        1.1304376683505510     
   5.4990437808435741        2.2592689229171627     
   5.4996720993742914        3.3848896327214768     
   5.5003004179050095        4.5057002291430690     
   5.5009287364357276        5.6201079789907320     
   5.5015570549664456        6.7265292478686600     
   5.5021853734971637        7.8233917506226733     
   5.5028136920278818        8.9091367856181591     
   5.5034420105585999        9.9822214497304049     
   5.5040703290893171        11.041120830954716     
   5.5046986476200352        12.084330175329418     
   5.5053269661507533        13.110367025266475     
   5.5059552846814714        14.117773326286672     
   5.5065836032121895        15.105117498900810     
   5.5072119217429067        16.070996473029108     
   5.5078402402736257        17.014037681783211     
   5.5084685588043438        17.932901011964919     
   5.5090968773350610        18.826280708552208     
   5.5097251958657791        19.692907230129169     
   5.5103535143964972        20.531549052960703     
   5.5109818329272153        21.341014421094862     
   5.5116101514579325        22.120153039997597     
   5.5122384699886506        22.867857711040671     
   5.5128667885193687        23.583065904975221     
   5.5134951070500868        24.264761271839003     
   5.5141234255808049        24.911975085179041     
   5.5147517441115230        25.523787618769148     
   5.5153800626422411        26.099329453521335     
   5.5160083811729592        26.637782712954476     
   5.5166366997036764        27.138382225604602     
   5.5172650182343945        27.600416612172744     
   5.5178933367651126        28.023229296432635     
   5.5185216552958307        28.406219438442413     
   5.5191499738265479        28.748842788274789     
   5.5197782923572660        29.050612459467597     
   5.5204066108879850        29.311099620696517     
   5.5210349294187022        29.529934105473849     
   5.5216632479494203        29.706804938088290     
   5.5222915664801384        29.841460775342270     
   5.5229198850108565        29.933710263922077     
   5.5235482035415746        29.983422312279657     
   5.5241765220722918        29.990526276918899     
   5.5248048406030099        29.955012062672484     
   5.5254331591337280        29.876930137159501     
   5.5260614776644461        29.756391459068723     
   5.5266897961951642        29.593567320502387     
   5.5273181147258823        29.388689103470625     
   5.5279464332566004        29.142047951064352     
   5.5285747517873176        28.853994353923081     
   5.5292030703180357        28.524937651969836     
   5.5298313888487538        28.155345452719242     
   5.5304597073794719        27.745742966974259     
   5.5310880259101900        27.296712262259490     
   5.5317163444409072        26.808891435775593     
   5.5323446629716253        26.282973707650029     
   5.5329729815023443        25.719706435652867     
   5.5336013000330615        25.119890053440411     
   5.5342296185637796        24.484376932988894     
   5.5348579370944977        23.814070173158349     
   5.5354862556252158        23.109922316498047     
   5.5361145741559330        22.372933995695554     
   5.5367428926866511        21.604152511481590     
   5.5373712112173692        20.804670344362574     
   5.5379995297480873        19.975623602292703     
   5.5386278482788054        19.118190406056364     
   5.5392561668095235        18.233589215112502     
   5.5398844853402416        17.323077096173442     
   5.5405128038709597        16.387947936759144     
   5.5411411224016769        15.429530606622192     
   5.5417694409323950        14.449187069230719     
   5.5423977594631131        13.448310446346627     
   5.5430260779938312        12.428323038434142     
   5.5436543965245484        11.390674303429945     
   5.5442827150552665        10.336838796957732     
   5.5449110335859846        9.2683140769402712     
   5.5455393521167036        8.1866185754630667     
   5.5461676706474208        7.0932894410199614     
   5.5467959891781389        5.9898803541570445     
   5.5474243077088570        4.8779593195427280     
   5.5480526262395751        3.7591064378206154     
   5.5486809447702923        2.6349116601624658     
   5.5493092633010104        1.5069725288542670     
   5.5499375818317285       0.37689190711976317     
   5.5505659003624466      -0.75372429863634294     
   5.5511942188931638       -1.8832694209217842     
   5.5518225374238828       -3.0101383143111056     
   5.5524508559546009       -4.1327296364401773     
   5.5530791744853181       -5.2494481236207999     
   5.5537074930160362       -6.3587068577780510     
   5.5543358115467543       -7.4589295215401483     
   5.5549641300774724       -8.5485526383136321     
   5.5555924486081905       -9.6260277940197234     
   5.5562207671389077       -10.689823837507276     
   5.5568490856696258       -11.738429056395324     
   5.5574774042003439       -12.770353325273962     
   5.5581057227310620       -13.784130223287267     
   5.5587340412617801       -14.778319118012654     
   5.5593623597924982       -15.751507212630118     
   5.5599906783232163       -16.702311553570699     
   5.5606189968539335       -17.629380995875472     
   5.5612473153846516       -18.531398123139510     
   5.5618756339153697       -19.407081119626479     
   5.5625039524460878       -20.255185591924260     
   5.5631322709768058       -21.074506337154801     
   5.5637605895075231       -21.863879055726503     
   5.5643889080382420       -22.622182005794333     
   5.5650172265689601       -23.348337597321514     
   5.5656455450996773       -24.041313923544784     
   5.5662738636303954       -24.700126227206741     
   5.5669021821611135       -25.323838299938867     
   5.5675305006918316       -25.911563812718189     
   5.5681588192225488       -26.462467575489047     
   5.5687871377532669       -26.975766723838994     
   5.5694154562839850       -27.450731831592964     
   5.5700437748147031       -27.886687947363360     
   5.5706720933454212       -28.283015553613478     
   5.5713004118761393       -28.639151447148627     
   5.5719287304068574       -28.954589539376677     
   5.5725570489375755       -29.228881575463777     
   5.5731853674682927       -29.461637771506208     
   5.5738136859990108       -29.652527368213594     
   5.5744420045297289       -29.801279100935364     
   5.5750703230604470       -29.907681585341074     
   5.5756986415911642       -29.971583617700905     
   5.5763269601218823       -29.992894389775284     
   5.5769552786526004       -29.971583617768580     
   5.5775835971833194       -29.907681585363779     
   5.5782119157140366       -29.801279100912879     
   5.5788402342447547       -29.652527368213679     
   5.5794685527754728       -29.461637771528292     
   5.5800968713061909       -29.228881575463909     
   5.5807251898369081       -28.954589539354810     
   5.5813535083676262       -28.639151447148805     
   5.5819818268983443       -28.283015553613737     
   5.5826101454290624       -27.886687947342949     
   5.5832384639597796       -27.450731831593362     
   5.5838667824904986       -26.975766723859934     
   5.5844951010212167       -26.462467575489224     
   5.5851234195519339       -25.911563812718633     
   5.5857517380826520       -25.323838299939265     
   5.5863800566133701       -24.700126227207075     
   5.5870083751440882       -24.041313923562875     
   5.5876366936748063       -23.348337597321958     
   5.5882650122055235       -22.622182005760607     
   5.5888933307362416       -21.863879055726947     
   5.5895216492669597       -21.074506337171833     
   5.5901499677976778       -20.255185591924757     
   5.5907782863283959       -19.407081119626884     
   5.5914066048591140       -18.531398123140061     
   5.5920349233898321       -17.629380995876101     
   5.5926632419205493       -16.702311553571281     
   5.5932915604512674       -15.751507212630626     
   5.5939198789819855       -14.778319118013206     
   5.5945481975127036       -13.784130223287990     
   5.5951765160434217       -12.770353325265646     
   5.5958048345741389       -11.738429056395953     
   5.5964331531048579       -10.689823837524083     
   5.5970614716355760       -9.6260277940139396     
   5.5976897901662932       -8.5485526383069708     
   5.5983181086970113       -7.4589295215471116     
   5.5989464272277294       -6.3587068577787749     
   5.5995747457584475       -5.2494481236214634     
   5.6002030642891647       -4.1327296364408230     
   5.6008313828198828       -3.0101383143103946     
   5.6014597013506009       -1.8832694209224168     
   5.6020880198813190      -0.75372429863844204     
   5.6027163384120371       0.37689190711907361     
   5.6033446569427552        1.5069725288534919     
   5.6039729754734733        2.6349116601618112     
   5.6046012940041914        3.7591064378200847     
   5.6052296125349086        4.8779593195420068     
   5.6058579310656267        5.9898803541563579     
   5.6064862495963448        7.0932894410254139     
   5.6071145681270629        8.1866185754553360     
   5.6077428866577801        9.2683140769257886     
   5.6083712051884982        10.336838796964248     
   5.6089995237192172        11.390674303446396     
   5.6096278422499353        12.428323038433353     
   5.6102561607806525        13.448310446336647     
   5.6108844793113706        14.449187069218471     
   5.6115127978420887        15.429530606633971     
   5.6121411163728068        16.387947936770274     
   5.6127694349035240        17.323077096160642     
   5.6133977534342421        18.233589215112030     
   5.6140260719649602        19.118190406055856     
   5.6146543904956783        19.975623602292139     
   5.6152827090263964        20.804670344361977     
   5.6159110275571145        21.604152511481107     
   5.6165393460878326        22.372933995695156     
   5.6171676646185498        23.109922316497556     
   5.6177959831492679        23.814070173157909     
   5.6184243016799860        24.484376932988521     
   5.6190526202107041        25.119890053459496     
   5.6196809387414222        25.719706435632769     
   5.6203092572721394        26.282973707609944     
   5.6209375758028575        26.808891435815656     
   5.6215658943335765        27.296712262279502     
   5.6221942128642937        27.745742966953404     
   5.6228225313950118        28.155345452719068     
   5.6234508499257299        28.524937651969658     
   5.6240791684564480        28.853994353922772     
   5.6247074869871652        29.142047951064221     
   5.6253358055178833        29.388689103448272     
   5.6259641240486014        29.593567320502213     
   5.6265924425793195        29.756391459090946     
   5.6272207611100376        29.876930137159455     
   5.6278490796407556        29.955012062672484     
   5.6284773981714737        29.990526276941605     
   5.6291057167021918        29.983422312279657     
   5.6297340352329091        29.933710263899545     
   5.6303623537636271        29.841460775342316     
   5.6309906722943452        29.706804938088332     
   5.6316189908250633        29.529934105473981     
   5.6322473093557806        29.311099620652829     
   5.6328756278864986        29.050612459446082     
   5.6335039464172167        28.748842788340120     
   5.6341322649479357        28.406219438464191     
   5.6347605834786529        28.023229296411518     
   5.6353889020093710        27.600416612173049     
   5.6360172205400891        27.138382225625055     
   5.6366455390708072        26.637782712954920     
   5.6372738576015244        26.099329453501589     
   5.6379021761322425        25.523787618769457     
   5.6385304946629606        24.911975085179325     
   5.6391588131936787        24.264761271821619     
   5.6397871317243959        23.583065904975598     
   5.6404154502551149        22.867857711058807     
   5.6410437687858330        22.120153039998105     
   5.6416720873165502        21.341014421095458     
   5.6423004058472683        20.531549052961111     
   5.6429287243779864        19.692907230129631     
   5.6435570429087045        18.826280708566287     
   5.6441853614394226        17.932901011965537     
   5.6448136799701398        17.014037681758172     
   5.6454419985008579        16.070996473029595     
   5.6460703170315760        15.105117498913600     
   5.6466986355622941        14.117773326287230     
   5.6473269540930122        13.110367025266983     
   5.6479552726237303        12.084330175330042     
   5.6485835911544484        11.041120830955427     
   5.6492119096851656        9.9822214497311617     
   5.6498402282158837        8.9091367856187365     
   5.6504685467466018        7.8233917506232515     
   5.6510968652773199        6.7265292478694096     
   5.6517251838080380        5.6201079789879049     
   5.6523535023387552        4.5057002291437449     
   5.6529818208694742        3.3848896327274205     
   5.6536101394001923        2.2592689229167777     
   5.6542384579309095        1.1304376683494239     
   5.6548667764616276        8.8348741151764358E-013
   5.6554950949923457       -1.1304376683511910     
   5.6561234135230638       -2.2592689229178378     
   5.6567517320537810       -3.3848896327222961     
   5.6573800505844991       -4.5057002291395039     
   5.6580083691152172       -5.6201079789864030     
   5.6586366876459353       -6.7265292478736507     
   5.6592650061766534       -7.8233917506284634     
   5.6598933247073715       -8.9091367856189141     
   5.6605216432380896       -9.9822214497309858     
   5.6611499617688077       -11.041120830946239     
   5.6617782802995249       -12.084330175320234     
   5.6624065988302430       -13.110367025276350     
   5.6630349173609611       -14.117773326297302     
   5.6636632358916792       -15.105117498901407     
   5.6642915544223964       -16.070996473004062     
   5.6649198729531145       -17.014037681756761     
   5.6655481914838326       -17.932901011991159     
   5.6661765100145516       -18.826280708579805     
   5.6668048285452688       -19.692907230129808     
   5.6674331470759869       -20.531549052945206     
   5.6680614656067050       -21.341014421095284     
   5.6686897841374231       -22.120153039996953     
   5.6693181026681403       -22.867857711041047     
   5.6699464211988584       -23.583065904992829     
   5.6705747397295765       -24.264761271839461     
   5.6712030582602946       -24.911975085160240     
   5.6718313767910118       -25.523787618749935     
   5.6724596953217308       -26.099329453520848     
   5.6730880138524489       -26.637782712974353     
   5.6737163323831661       -27.138382225624966     
   5.6743446509138842       -27.600416612173227     
   5.6749729694446023       -28.023229296411518     
   5.6756012879753204       -28.406219438442630     
   5.6762296065060385       -28.748842788296386     
   5.6768579250367557       -29.050612459445638     
   5.6774862435674738       -29.311099620696652     
   5.6781145620981919       -29.529934105496071     
   5.6787428806289100       -29.706804938065893     
   5.6793711991596281       -29.841460775319785     
   5.6799995176903462       -29.933710263944604     
   5.6806278362210643       -29.983422312302096     
   5.6812561547517815       -29.990526276919034     
   5.6818844732824996       -29.955012062650042     
   5.6825127918132177       -29.876930137136885     
   5.6831411103439358       -29.756391459091166     
   5.6837694288746539       -29.593567320502611     
   5.6843977474053711       -29.388689103470536     
   5.6850260659360901       -29.142047951108040     
   5.6856543844668082       -28.853994353901260     
   5.6862827029975254       -28.524937651926631     
   5.6869110215282435       -28.155345452740534     
   5.6875393400589616       -27.745742966995284     
   5.6881676585896797       -27.296712262259273     
   5.6887959771203969       -26.808891435755356     
   5.6894242956511150       -26.282973707610740     
   5.6900526141818331       -25.719706435653467     
   5.6906809327125512       -25.119890053478866     
   5.6913092512432693       -24.484376933007383     
   5.6919375697739873       -23.814070173157887     
   5.6925658883047054       -23.109922316497535     
   5.6931942068354235       -22.372933995678789     
   5.6938225253661408       -21.604152511465401     
   5.6944508438968588       -20.804670344378234     
   5.6950791624275769       -19.975623602307785     
   5.6957074809582950       -19.118190406042075     
   5.6963357994890123       -18.233589215085832     
   5.6969641180197303       -17.323077096174348     
   5.6975924365504493       -16.387947936796351     
   5.6982207550811674       -15.429530606633914     
   5.6988490736118846       -14.449187069218421     
   5.6994773921426027       -13.448310446336597     
   5.7001057106733208       -12.428323038433303     
   5.7007340292040389       -11.390674303430757     
   5.7013623477347561       -10.336838796957197     
   5.7019906662654742       -9.2683140769413157     
   5.7026189847961923       -8.1866185754622744     
   5.7032473033269104       -7.0932894410208425     
   5.7038756218576285       -5.9898803541526187     
   5.7045039403883466       -4.8779593195464654     
   5.7051322589190647       -3.7591064378237058     
   5.7057605774497819       -2.6349116601617517     
   5.7063888959805000       -1.5069725288534328     
   5.7070172145112181      -0.37689190711958298     
   5.7076455330419362       0.75372429863708112     
   5.7082738515726543        1.8832694209207737     
   5.7089021701033715        3.0101383143087572     
   5.7095304886340896        4.1327296364471087     
   5.7101588071648086        5.2494481236198425     
   5.7107871256955258        6.3587068577692492     
   5.7114154442262439        7.4589295215455209     
   5.7120437627569620        8.5485526383199080     
   5.7126720812876801        9.6260277940204411     
   5.7133003998183973        10.689823837508033     
   5.7139287183491154        11.738429056386371     
   5.7145570368798335        12.770353325264152     
   5.7151853554105516        13.784130223297664     
   5.7158136739412697        14.778319118023653     
   5.7164419924719878        15.751507212630692     
   5.7170703110027059        16.702311553571338     
   5.7176986295334240        17.629380995862164     
   5.7183269480641412        18.531398123125463     
   5.7189552665948593        19.407081119640910     
   5.7195835851255774        20.255185591939423     
   5.7202119036562955        21.074506337155377     
   5.7208402221870127        21.863879055692912     
   5.7214685407177308        22.622182005759527     
   5.7220968592484489        23.348337597356082     
   5.7227251777791679        24.041313923580500     
   5.7233534963098851        24.700126227207139     
   5.7239818148406032        25.323838299919803     
   5.7246101333713213        25.911563812718565     
   5.7252384519020394        26.462467575488450     
   5.7258667704327566        26.975766723839349     
   5.7264950889634747        27.450731831613680     
   5.7271234074941928        27.886687947363711     
   5.7277517260249109        28.283015553592183     
   5.7283800445556281        28.639151447126938     
   5.7290083630863471        28.954589539376453     
   5.7296366816170652        29.228881575507994     
   5.7302650001477833        29.461637771528292     
   5.7308933186785005        29.652527368191503     
   5.7315216372092186        29.801279100912794     
   5.7321499557399367        29.907681585341116     
   5.7327782742706548        29.971583617723521     
   5.7334065928013720        29.992894389775369     
   5.7340349113320901        29.971583617746049     
   5.7346632298628082        29.907681585363605     
   5.7352915483935263        29.801279100913010     
   5.7359198669242444        29.652527368191414     
   5.7365481854549625        29.461637771550556     
   5.7371765039856806        29.228881575485776     
   5.7378048225163978        28.954589539354586     
   5.7384331410471159        28.639151447127336     
   5.7390614595778340        28.283015553592445     
   5.7396897781085521        27.886687947364067     
   5.7403180966392702        27.450731831593668     
   5.7409464151699874        26.975766723839701     
   5.7415747337007055        26.462467575528805     
   5.7422030522314245        25.911563812719070     
   5.7428313707621417        25.323838299900785     
   5.7434596892928598        24.700126227225738     
   5.7440880078235779        24.041313923580919     
   5.7447163263542960        23.348337597321514     
   5.7453446448850132        22.622182005743714     
   5.7459729634157313        21.863879055710512     
   5.7466012819464494        21.074506337172561     
   5.7472296004771675        20.255185591940162     
   5.7478579190078856        19.407081119641497     
   5.7484862375386037        18.531398123139510     
   5.7491145560693218        17.629380995875646     
   5.7497428746000399        16.702311553558772     
   5.7503711931307571        15.751507212618808     
   5.7509995116614752        14.778319118024402     
   5.7516278301921933        13.784130223298400     
   5.7522561487229114        12.770353325264953     
   5.7528844672536286        11.738429056379154     
   5.7535127857843467        10.689823837508953     
   5.7541411043150648        9.6260277940358900     
   5.7547694228457837        8.5485526383207890     
   5.7553977413765010        7.4589295215397948     
   5.7560260599072191        6.3587068577740746     
   5.7566543784379371        5.2494481236207999     
   5.7572826969686552        4.1327296364418560     
   5.7579110154993725        3.0101383143096920     
   5.7585393340300906        1.8832694209239045     
   5.7591676525608086       0.75372429863775647     
   5.7597959710915267      -0.37689190711746612     
   5.7604242896222440       -1.5069725288523235     
   5.7610526081529629       -2.6349116601649398     
   5.7616809266836810       -3.7591064378264467     
   5.7623092452143991       -4.8779593195427280     
   5.7629375637451163       -5.9898803541533345     
   5.7635658822758344       -7.0932894410199614     
   5.7641942008065525       -8.1866185754560874     
   5.7648225193372706       -9.2683140769325849     
   5.7654508378679878       -10.336838796956405     
   5.7660791563987059       -11.390674303437809     
   5.7667074749294240       -12.428323038432463     
   5.7673357934601421       -13.448310446335670     
   5.7679641119908602       -14.449187069229305     
   5.7685924305215783       -15.429530606645518     
   5.7692207490522964       -16.387947936770718     
   5.7698490675830136       -17.323077096161249     
   5.7704773861137317       -18.233589215098192     
   5.7711057046444498       -19.118190406041347     
   5.7717340231751679       -19.975623602307103     
   5.7723623417058860       -20.804670344361337     
   5.7729906602366032       -21.604152511481590     
   5.7736189787673222       -22.372933995711904     
   5.7742472972980403       -23.109922316480194     
   5.7748756158287575       -23.814070173139974     
   5.7755039343594756       -24.484376933006921     
   5.7761322528901937       -25.119890053478315     
   5.7767605714209118       -25.719706435633078     
   5.7773888899516290       -26.282973707590131     
   5.7780172084823471       -26.808891435774797     
   5.7786455270130652       -27.296712262279019     
   5.7792738455437833       -27.745742966994932     
   5.7799021640745014       -28.155345452740271     
   5.7805304826052195       -28.524937651948189     
   5.7811588011359376       -28.853994353922996     
   5.7817871196666557       -29.142047951063908     
   5.7824154381973729       -29.388689103448360     
   5.7830437567280910       -29.593567320524564     
   5.7836720752588091       -29.756391459091081     
   5.7843003937895272       -29.876930137136799     
   5.7849287123202444       -29.955012062627336     
   5.7855570308509625       -29.990526276941562     
   5.7861853493816815       -29.983422312347376     
   5.7868136679123996       -29.933710263922162     
   5.7874419864431168       -29.841460775319607     
   5.7880703049738349       -29.706804938066025     
   5.7886986235045530       -29.529934105473941     
   5.7893269420352711       -29.311099620674963     
   5.7899552605659883       -29.050612459445862     
   5.7905835790967064       -28.748842788318520     
   5.7912118976274245       -28.406219438464014     
   5.7918402161581426       -28.023229296411827     
   5.7924685346888607       -27.600416612152376     
   5.7930968532195788       -27.138382225645508     
   5.7937251717502969       -26.637782712994586     
   5.7943534902810150       -26.099329453501127     
   5.7949818088117322       -25.523787618730609     
   5.7956101273424503       -24.911975085160730     
   5.7962384458731684       -24.264761271839930     
   5.7968667644038865       -23.583065904976241     
   5.7974950829346037       -22.867857711041754     
   5.7981234014653218       -22.120153040030903     
   5.7987517199960408       -21.341014421096055     
   5.7993800385267580       -20.531549052929698     
   5.8000083570574761       -19.692907230144577     
   5.8006366755881942       -18.826280708580558     
   5.8012649941189123       -17.932901011964898     
   5.8018933126496295       -17.014037681745375     
   5.8025216311803476       -16.070996473017637     
   5.8031499497110657       -15.105117498914368     
   5.8037782682417838       -14.117773326298030     
   5.8044065867725019       -13.110367025277071     
   5.8050349053032200       -12.084330175329370     
   5.8056632238339381       -11.041120830954656     
   5.8062915423646562       -9.9822214497236352     
   5.8069198608953734       -8.9091367856122101     
   5.8075481794260915       -7.8233917506293320     
   5.8081764979568096       -6.7265292478744980     
   5.8088048164875277       -5.6201079789872761     
   5.8094331350182449       -4.5057002291379051     
   5.8100614535489630       -3.3848896327231115     
   5.8106897720796811       -2.2592689229222089     
   5.8113180906104001       -1.1304376683521957     
   5.8119464091411173        7.6442367832483610E-013
   5.8125747276718354        1.1304376683503161     
   5.8132030462025535        2.2592689229186287     
   5.8138313647332716        3.3848896327212428     
   5.8144596832639888        4.5057002291402846     
   5.8150880017947069        5.6201079789905011     
   5.8157163203254250        6.7265292478743302     
   5.8163446388561431        7.8233917506157278     
   5.8169729573868603        8.9091367856045061     
   5.8176012759175784        9.9822214497452286     
   5.8182295944482973        11.041120830971130     
   5.8188579129790154        12.084330175320883     
   5.8194862315097327        13.110367025267811     
   5.8201145500404508        14.117773326286461     
   5.8207428685711688        15.105117498902075     
   5.8213711871018869        16.070996473016077     
   5.8219995056326042        17.014037681757369     
   5.8226278241633223        17.932901011977574     
   5.8232561426940403        18.826280708565559     
   5.8238844612247584        19.692907230128970     
   5.8245127797554765        20.531549052960536     
   5.8251410982861946        21.341014421111385     
   5.8257694168169127        22.120153040014692     
   5.8263977353476308        22.867857711041644     
   5.8270260538783480        23.583065904957838     
   5.8276543724090661        24.264761271821019     
   5.8282826909397842        24.911975085178881     
   5.8289110094705023        25.523787618749338     
   5.8295393280012195        26.099329453501106     
   5.8301676465319376        26.637782712994543     
   5.8307959650626566        27.138382225624657     
   5.8314242835933738        27.600416612152241     
   5.8320526021240919        28.023229296432458     
   5.8326809206548100        28.406219438464014     
   5.8333092391855281        28.748842788296653     
   5.8339375577162453        29.050612459423686     
   5.8345658762469634        29.311099620674476     
   5.8351941947776815        29.529934105495983     
   5.8358225133083996        29.706804938088290     
   5.8364508318391177        29.841460775342185     
   5.8370791503698358        29.933710263922162     
   5.8377074689005539        29.983422312302228     
   5.8383357874312720        29.990526276918988     
   5.8389641059619892        29.955012062649867     
   5.8395924244927073        29.876930137159501     
   5.8402207430234254        29.756391459091081     
   5.8408490615541435        29.593567320502387     
   5.8414773800848607        29.388689103426451     
   5.8421056986155788        29.142047951064352     
   5.8427340171462969        28.853994353966545     
   5.8433623356770159        28.524937651969921     
   5.8439906542077331        28.155345452718798     
   5.8446189727384512        27.745742966974436     
   5.8452472912691693        27.296712262258961     
   5.8458756097998874        26.808891435775593     
   5.8465039283306046        26.282973707610363     
   5.8471322468613227        25.719706435653137     
   5.8477605653920408        25.119890053478400     
   5.8483888839227589        24.484376932971141     
   5.8490172024534761        23.814070173139974     
   5.8496455209841951        23.109922316532764     
   5.8502738395149132        22.372933995712255     
   5.8509021580456313        21.604152511464985     
   5.8515304765763485        20.804670344346228     
   5.8521587951070666        19.975623602292792     
   5.8527871136377847        19.118190406056542     
   5.8534154321685028        18.233589215099695     
   5.8540437506992200        17.323077096161427     
   5.8546720692299381        16.387947936784059     
   5.8553003877606562        15.429530606634739     
   5.8559287062913743        14.449187069219233     
   5.8565570248220924        13.448310446346978     
   5.8571853433528105        12.428323038442800     
   5.8578136618835286        11.390674303437720     
   5.8584419804142467        10.336838796949602     
   5.8590702989449639        9.2683140769266661     
   5.8596986174756820        8.1866185754632443     
   5.8603269360064001        7.0932894410262337     
   5.8609552545371182        5.9898803541535104     
   5.8615835730678354        4.8779593195457309     
   5.8622118915985544        3.7591064378266235     
   5.8628402101292725        2.6349116601599922     
   5.8634685286599897        1.5069725288525002     
   5.8640968471907078       0.37689190711993986     
   5.8647251657214259      -0.75372429863757984     
   5.8653534842521440       -1.8832694209214307     
   5.8659818027828612       -3.0101383143063347     
   5.8666101213135793       -4.1327296364400006     
   5.8672384398442974       -5.2494481236238046     
   5.8678667583750155       -6.3587068577778743     
   5.8684950769057336       -7.4589295215460680     
   5.8691233954364517       -8.5485526383132786     
   5.8697517139671698       -9.6260277940213133     
   5.8703800324978879       -10.689823837507186     
   5.8710083510286051       -11.738429056387018     
   5.8716366695593232       -12.770353325273611     
   5.8722649880900413       -13.784130223298222     
   5.8728933066207594       -14.778319118000550     
   5.8735216251514766       -15.751507212606175     
   5.8741499436821947       -16.702311553595699     
   5.8747782622129137       -17.629380995901975     
   5.8754065807436318       -18.531398123126081     
   5.8760348992743490       -19.407081119627449     
   5.8766632178050671       -20.255185591924171     
   5.8772915363357852       -21.074506337155867     
   5.8779198548665033       -21.863879055709187     
   5.8785481733972205       -22.622182005759971     
   5.8791764919279386       -23.348337597338478     
   5.8798048104586567       -24.041313923562367     
   5.8804331289893748       -24.700126227206564     
   5.8810614475200929       -25.323838299938867     
   5.8816897660508110       -25.911563812737977     
   5.8823180845815290       -26.462467575509098     
   5.8829464031122471       -26.975766723839616     
   5.8835747216429644       -27.450731831572554     
   5.8842030401736825       -27.886687947342775     
   5.8848313587044006       -28.283015553613478     
   5.8854596772351186       -28.639151447126626     
   5.8860879957658359       -28.954589539354586     
   5.8867163142965540       -29.228881575507689     
   5.8873446328272729       -29.461637771528114     
   5.8879729513579901       -29.652527368191329     
   5.8886012698887082       -29.801279100935364     
   5.8892295884194263       -29.907681585363690     
   5.8898579069501444       -29.971583617723521     
   5.8904862254808616       -29.992894389752795     
   5.8911145440115797       -29.971583617723475     
   5.8917428625422978       -29.907681585363648     
   5.8923711810730159       -29.801279100935364     
   5.8929994996037340       -29.652527368191596     
   5.8936278181344512       -29.461637771528427     
   5.8942561366651702       -29.228881575507994     
   5.8948844551958883       -28.954589539354764     
   5.8955127737266055       -28.639151447127023     
   5.8961410922573236       -28.283015553613875     
   5.8967694107880417       -27.886687947363757     
   5.8973977293187598       -27.450731831593405     
   5.8980260478494770       -26.975766723819472     
   5.8986543663801951       -26.462467575489331     
   5.8992826849109132       -25.911563812738599     
   5.8999110034416313       -25.323838299939439     
   5.9005393219723494       -24.700126227225386     
   5.9011676405030675       -24.041313923563006     
   5.9017959590337856       -23.348337597320985     
   5.9024242775645037       -22.622182005760738     
   5.9030525960952209       -21.863879055710076     
   5.9036809146259390       -21.074506337172011     
   5.9043092331566571       -20.255185591939554     
   5.9049375516873752       -19.407081119613103     
   5.9055658702180924       -18.531398123112329     
   5.9061941887488105       -17.629380995902849     
   5.9068225072795295       -16.702311553596651     
   5.9074508258102476       -15.751507212618234     
   5.9080791443409648       -14.778319118001527     
   5.9087074628716829       -13.784130223288182     
   5.9093357814024010       -12.770353325274709     
   5.9099640999331191       -11.738429056388107     
   5.9105924184638363       -10.689823837508197     
   5.9112207369945544       -9.6260277940286763     
   5.9118490555252725       -8.5485526383144492     
   5.9124773740559906       -7.4589295215408900     
   5.9131056925867087       -6.3587068577790067     
   5.9137340111174268       -5.2494481236248109     
   5.9143623296481449       -4.1327296364433250     
   5.9149906481788630       -3.0101383143075120     
   5.9156189667095802       -1.8832694209203813     
   5.9162472852402983      -0.75372429863867718     
   5.9168756037710164       0.37689190711883869     
   5.9175039223017345        1.5069725288512699     
   5.9181322408324517        2.6349116601615767     
   5.9187605593631698        3.7591064378255177     
   5.9193888778938888        4.8779593195417741     
   5.9200171964246060        5.9898803541524464     
   5.9206455149553241        7.0932894410251848     
   5.9212738334860422        8.1866185754621004     
   5.9219021520167603        9.2683140769333594     
   5.9225304705474775        10.336838796948454     
   5.9231587890781956        11.390674303429018     
   5.9237871076089137        12.428323038441730     
   5.9244154261396318        13.448310446345802     
   5.9250437446703499        14.449187069229913     
   5.9256720632010680        15.429530606633765     
   5.9263003817317861        16.387947936771468     
   5.9269287002625042        17.323077096160453     
   5.9275570187932214        18.233589215098810     
   5.9281853373239395        19.118190406055657     
   5.9288136558546576        19.975623602307611     
   5.9294419743853757        20.804670344345546     
   5.9300702929160929        21.604152511448415     
   5.9306986114468110        22.372933995711282     
   5.9313269299775291        23.109922316532234     
   5.9319552485082481        23.814070173157752     
   5.9325835670389653        24.484376932989360     
   5.9332118855696834        25.119890053459361     
   5.9338402041004015        25.719706435633544     
   5.9344685226311196        26.282973707609852     
   5.9350968411618368        26.808891435775148     
   5.9357251596925549        27.296712262279417     
   5.9363534782232730        27.745742966973900     
   5.9369817967539911        28.155345452697421     
   5.9376101152847083        28.524937651969612     
   5.9382384338154273        28.853994353966282     
   5.9388667523461454        29.142047951086305     
   5.9394950708768635        29.388689103448492     
   5.9401233894075807        29.593567320480034     
   5.9407517079382988        29.756391459068638     
   5.9413800264690169        29.876930137159324     
   5.9420083449997350        29.955012062649910     
   5.9426366635304522        29.990526276918988     
   5.9432649820611703        29.983422312302228     
   5.9438933005918884        29.933710263922254     
   5.9445216191226065        29.841460775342316     
   5.9451499376533246        29.706804938088332     
   5.9457782561840427        29.529934105496071     
   5.9464065747147608        29.311099620696741     
   5.9470348932454788        29.050612459423995     
   5.9476632117761961        28.748842788275095     
   5.9482915303069142        28.406219438464365     
   5.9489198488376323        28.023229296432810     
   5.9495481673683503        27.600416612152731     
   5.9501764858990676        27.138382225625143     
   5.9508048044297865        26.637782712995115     
   5.9514331229605046        26.099329453501589     
   5.9520614414912218        25.523787618749846     
   5.9526897600219399        24.911975085179677     
   5.9533180785526580        24.264761271839554     
   5.9539463970833761        23.583065904975776     
   5.9545747156140933        22.867857711024612     
   5.9552030341448114        22.120153039998105     
   5.9558313526755295        21.341014421112245     
   5.9564596712062476        20.531549052961463     
   5.9570879897369657        19.692907230143945     
   5.9577163082676838        18.826280708566376     
   5.9583446267984019        17.932901011964301     
   5.9589729453291200        17.014037681758264     
   5.9596012638598372        16.070996473016962     
   5.9602295823905553        15.105117498913865     
   5.9608579009212734        14.117773326297478     
   5.9614862194519915        13.110367025258062     
   5.9621145379827087        12.084330175312109     
   5.9627428565134268        11.041120830972300     
   5.9633711750441458        9.9822214497462696     
   5.9639994935748639        8.9091367856114037     
   5.9646278121055811        7.8233917506168025     
   5.9652561306362992        6.7265292478695864     
   5.9658844491670173        5.6201079789916166     
   5.9665127676977354        4.5057002291414481     
   5.9671410862284526        3.3848896327224729     
   5.9677694047591707        2.2592689229206648     
   5.9683977232898888        1.1304376683513677     
   5.9690260418206069        1.0601848938211723E-012
   5.9696543603513241       -1.1304376683510142     
   5.9702826788820431       -2.2592689229210183     
   5.9709109974127612       -3.3848896327254767     
   5.9715393159434793       -4.5057002291368535     
   5.9721676344741965       -5.6201079789826931     
   5.9727959530049146       -6.7265292478734739     
   5.9734242715356327       -7.8233917506281108     
   5.9740525900663508       -8.9091367856109613     
   5.9746809085970680       -9.9822214497309858     
   5.9753092271277861       -11.041120830953748     
   5.9759375456585042       -12.084330175319883     
   5.9765658641892223       -13.110367025275906     
   5.9771941827199404       -14.117773326297037     
   5.9778225012506585       -15.105117498913334     
   5.9784508197813766       -16.070996473016873     
   5.9790791383120947       -17.014037681744568     
   5.9797074568428119       -17.932901011963860     
   5.9803357753735300       -18.826280708579539     
   5.9809640939042481       -19.692907230143767     
   5.9815924124349662       -20.531549052945028     
   5.9822207309656834       -21.341014421095196     
   5.9828490494964024       -22.120153040014003     
   5.9834773680271205       -22.867857711040958     
   5.9841056865578377       -23.583065904975506     
   5.9847340050885558       -24.264761271839376     
   5.9853623236192739       -24.911975085179414     
   5.9859906421499920       -25.523787618729969     
   5.9866189606807092       -26.099329453481271     
   5.9872472792114273       -26.637782712993967     
   5.9878755977421454       -27.138382225645113     
   5.9885039162728635       -27.600416612173142     
   5.9891322348035816       -28.023229296432721     
   5.9897605533342997       -28.406219438442545     
   5.9903888718650178       -28.748842788296830     
   5.9910171903957359       -29.050612459445638     
   5.9916455089264531       -29.311099620674650     
   5.9922738274571712       -29.529934105495983     
   5.9929021459878893       -29.706804938065893     
   5.9935304645186074       -29.841460775297083     
   5.9941587830493246       -29.933710263922162     
   5.9947871015800427       -29.983422312347422     
   5.9954154201107617       -29.990526276964001     
   5.9960437386414798       -29.955012062649867     
   5.9966720571721970       -29.876930137114488     
   5.9973003757029151       -29.756391459068723     
   5.9979286942336332       -29.593567320524738     
   5.9985570127643513       -29.388689103448623     
   5.9991853312950685       -29.142047951064221     
   5.9998136498257866       -28.853994353923348     
   6.0004419683565047       -28.524937651948409     
   6.0010702868872228       -28.155345452740580     
   6.0016986054179409       -27.745742966995373     
   6.0023269239486590       -27.296712262279502     
   6.0029552424793771       -26.808891435795115     
   6.0035835610100952       -26.282973707590727     
   6.0042118795408124       -25.719706435613976     
   6.0048401980715305       -25.119890053478951     
   6.0054685166022486       -24.484376933007518     
   6.0060968351329667       -23.814070173140610     
   6.0067251536636839       -23.109922316497688     
   6.0073534721944020       -22.372933995712671     
   6.0079817907251210       -21.604152511465561     
   6.0086101092558382       -20.804670344362108     
   6.0092384277865563       -19.975623602307941     
   6.0098667463172744       -19.118190406056012     
   6.0104950648479925       -18.233589215099119     
   6.0111233833787105       -17.323077096148406     
   6.0117517019094278       -16.387947936771823     
   6.0123800204401459       -15.429530606646487     
   6.0130083389708640       -14.449187069230277     
   6.0136366575015821       -13.448310446346179     
   6.0142649760323001       -12.428323038433513     
   6.0148932945630182       -11.390674303429401     
   6.0155216130937363       -10.336838796957423     
   6.0161499316244536       -9.2683140769337484     
   6.0167782501551716       -8.1866185754624947     
   6.0174065686858897       -7.0932894410255871     
   6.0180348872166078       -5.9898803541491752     
   6.0186632057473251       -4.8779593195393449     
   6.0192915242780431       -3.7591064378276160     
   6.0199198428087612       -2.6349116601659577     
   6.0205481613394802       -1.5069725288536675     
   6.0211764798701974      -0.37689190711868176     
   6.0218047984009155       0.75372429863684587     
   6.0224331169316336        1.8832694209228087     
   6.0230614354623517        3.0101383143085232     
   6.0236897539930689        4.1327296364406481     
   6.0243180725237870        5.2494481236244059     
   6.0249463910545051        6.3587068577729804     
   6.0255747095852232        7.4589295215340519     
   6.0262030281159404        8.5485526383196824     
   6.0268313466466594        9.6260277940347230     
   6.0274596651773775        10.689823837516665     
   6.0280879837080956        11.738429056378097     
   6.0287163022388128        12.770353325255090     
   6.0293446207695309        13.784130223297472     
   6.0299729393002490        14.778319118023438     
   6.0306012578309671        15.751507212617870     
   6.0312295763616843        16.702311553571150     
   6.0318578948924024        17.629380995874577     
   6.0324862134231205        18.531398123125296     
   6.0331145319538386        19.407081119640747     
   6.0337428504845567        20.255185591939256     
   6.0343711690152748        21.074506337171680     
   6.0349994875459929        21.863879055709763     
   6.0356278060767110        22.622182005742893     
   6.0362561246074282        23.348337597320764     
   6.0368844431381463        24.041313923580390     
   6.0375127616688644        24.700126227225141     
   6.0381410801995825        25.323838299919650     
   6.0387693987302997        25.911563812718455     
   6.0393977172610187        26.462467575508683     
   6.0400260357917368        26.975766723839172     
   6.0406543543224540        27.450731831593270     
   6.0412826728531721        27.886687947363669     
   6.0419109913838902        28.283015553613698     
   6.0425393099146083        28.639151447126892     
   6.0431676284453264        28.954589539332723     
   6.0437959469760436        29.228881575485730     
   6.0444242655067617        29.461637771550294     
   6.0450525840374798        29.652527368213594     
   6.0456809025681979        29.801279100935364     
   6.0463092210989160        29.907681585341116     
   6.0469375396296341        29.971583617723567     
   6.0475658581603522        29.992894389775369     
   6.0481941766910694        29.971583617723432     
   6.0488224952217875        29.907681585363690     
   6.0494508137525056        29.801279100913010     
   6.0500791322832237        29.652527368169153     
   6.0507074508139409        29.461637771528469     
   6.0513357693446590        29.228881575508218     
   6.0519640878753771        28.954589539398413     
   6.0525924064060961        28.639151447148713     
   6.0532207249368133        28.283015553570891     
   6.0538490434675314        27.886687947342775     
   6.0544773619982495        27.450731831614078     
   6.0551056805289676        26.975766723839790     
   6.0557339990596848        26.462467575489132     
   6.0563623175904029        25.911563812719162     
   6.0569906361211210        25.323838299920315     
   6.0576189546518391        24.700126227207889     
   6.0582472731825563        24.041313923581185     
   6.0588755917132753        23.348337597356590     
   6.0595039102439934        22.622182005776750     
   6.0601322287747115        21.863879055693818     
   6.0607605473054287        21.074506337139784     
   6.0613888658361468        20.255185591940251     
   6.0620171843668649        19.407081119641759     
   6.0626455028975830        18.531398123126348     
   6.0632738214283002        17.629380995875557     
   6.0639021399590183        16.702311553572290     
   6.0645304584897364        15.751507212619163     
   6.0651587770204545        14.778319118024667     
   6.0657870955511726        13.784130223298751     
   6.0664154140818907        12.770353325274138     
   6.0670437326126088        11.738429056387371     
   6.0676720511433269        10.689823837500118     
   6.0683003696740441        9.6260277940215779     
   6.0689286882047622        8.5485526383209649     
   6.0695570067354803        7.4589295215465983     
   6.0701853252661984        6.3587068577744290     
   6.0708136437969156        5.2494481236209776     
   6.0714419623276346        4.1327296364443296     
   6.0720702808583527        3.0101383143098688     
   6.0726985993890699        1.8832694209217842     
   6.0733269179197880       0.75372429863793322     
   6.0739552364505061      -0.37689190711940979     
   6.0745835549812242       -1.5069725288519700     
   6.0752118735119423       -2.6349116601596387     
   6.0758401920426595       -3.7591064378225596     
   6.0764685105733776       -4.8779593195452016     
   6.0770968291040957       -5.9898803541569565     
   6.0777251476348138       -7.0932894410197846     
   6.0783534661655318       -8.1866185754558227     
   6.0789817846962499       -9.2683140769402712     
   6.0796101032269680       -10.336838796956053     
   6.0802384217576853       -11.390674303429591     
   6.0808667402884033       -12.428323038442270     
   6.0814950588191214       -13.448310446335670     
   6.0821233773498395       -14.449187069207396     
   6.0827516958805568       -15.429530606632884     
   6.0833800144112748       -16.387947936795278     
   6.0840083329419938       -17.323077096187134     
   6.0846366514727119       -18.233589215085029     
   6.0852649700034291       -19.118190406027473     
   6.0858932885341472       -19.975623602306925     
   6.0865216070648653       -20.804670344377325     
   6.0871499255955834       -21.604152511464541     
   6.0877782441263006       -22.372933995695554     
   6.0884065626570187       -23.109922316496807     
   6.0890348811877368       -23.814070173139708     
   6.0896631997184549       -24.484376933006832     
   6.0902915182491730       -25.119890053478315     
   6.0909198367798911       -25.719706435652782     
   6.0915481553106092       -26.282973707610271     
   6.0921764738413273       -26.808891435754919     
   6.0928047923720445       -27.296712262258698     
   6.0934331109027626       -27.745742966994932     
   6.0940614294334807       -28.155345452740097     
   6.0946897479641988       -28.524937651947923     
   6.0953180664949160       -28.853994353922904     
   6.0959463850256341       -29.142047951085999     
   6.0965747035563531       -29.388689103448449     
   6.0972030220870703       -29.593567320502387     
   6.0978313406177884       -29.756391459090988     
   6.0984596591485065       -29.876930137159501     
   6.0990879776792246       -29.955012062649953     
   6.0997162962099427       -29.990526276896372     
   6.1003446147406599       -29.983422312302189     
   6.1009729332713780       -29.933710263944736     
   6.1016012518020961       -29.841460775342270     
   6.1022295703328142       -29.706804938088290     
   6.1028578888635323       -29.529934105473806     
   6.1034862073942504       -29.311099620674611     
   6.1041145259249685       -29.050612459446036     
   6.1047428444556857       -28.748842788296695     
   6.1053711629864038       -28.406219438464102     
   6.1059994815171219       -28.023229296411870     
   6.1066278000478400       -27.600416612152422     
   6.1072561185785581       -27.138382225625584     
   6.1078844371092753       -26.637782712975064     
   6.1085127556399934       -26.099329453540619     
   6.1091410741707124       -25.523787618769173     
   6.1097693927014296       -24.911975085141577     
   6.1103977112321477       -24.264761271821289     
   6.1110260297628658       -23.583065904993664     
   6.1116543482935839       -22.867857711041907     
   6.1122826668243011       -22.120153039997682     
   6.1129109853550192       -21.341014421096187     
   6.1135393038857373       -20.531549052945991     
   6.1141676224164554       -19.692907230130572     
   6.1147959409471726       -18.826280708580736     
   6.1154242594778916       -17.932901011992087     
   6.1160525780086097       -17.014037681769814     
   6.1166808965393278       -16.070996473005025     
   6.1173092150700450       -15.105117498890325     
   6.1179375336007631       -14.117773326298240     
   6.1185658521314812       -13.110367025277288     
   6.1191941706621993       -12.084330175321252     
   6.1198224891929165       -11.041120830954874     
   6.1204508077236346       -9.9822214497321813     
   6.1210791262543527       -8.9091367856124304     
   6.1217074447850708       -7.8233917506295620     
   6.1223357633157889       -6.7265292478747272     
   6.1229640818465070       -5.6201079789909061     
   6.1235924003772251       -4.5057002291406905     
   6.1242207189079432       -3.3848896327199478     
   6.1248490374386604       -2.2592689229190381     
   6.1254773559693785       -1.1304376683524304     
   6.1261056745000966       -3.2315450193743498E-013
   6.1267339930308147        1.1304376683500812     
   6.1273623115615319        2.2592689229158411     
   6.1279906300922500        3.3848896327244069     
   6.1286189486229690        4.5057002291426045     
   6.1292472671536862        5.6201079789868738     
   6.1298755856844043        6.7265292478741010     
   6.1305039042151224        7.8233917506289359     
   6.1311322227458405        8.9091367856118087     
   6.1317605412765586        9.9822214497232498     
   6.1323888598072758        11.041120830954277     
   6.1330171783379939        12.084330175328988     
   6.1336454968687120        13.110367025276714     
   6.1342738153994301        14.117773326286269     
   6.1349021339301482        15.105117498901871     
   6.1355304524608663        16.070996473028689     
   6.1361587709915844        17.014037681757170     
   6.1367870895223016        17.932901011964557     
   6.1374154080530197        18.826280708580224     
   6.1380437265837378        19.692907230128817     
   6.1386720451144559        20.531549052945483     
   6.1393003636451740        21.341014421094531     
   6.1399286821758912        22.120153039997309     
   6.1405570007066093        22.867857711075946     
   6.1411853192373282        23.583065904974955     
   6.1418136377680455        24.264761271803131     
   6.1424419562987636        24.911975085178771     
   6.1430702748294816        25.523787618768907     
   6.1436985933601997        26.099329453500907     
   6.1443269118909170        26.637782712974666     
   6.1449552304216351        27.138382225624571     
   6.1455835489523531        27.600416612152202     
   6.1462118674830712        28.023229296411074     
   6.1468401860137885        28.406219438463967     
   6.1474685045445074        28.748842788339768     
   6.1480968230752255        29.050612459445730     
   6.1487251416059436        29.311099620652566     
   6.1493534601366608        29.529934105473764     
   6.1499817786673789        29.706804938088290     
   6.1506100971980970        29.841460775342185     
   6.1512384157288151        29.933710263922162     
   6.1518667342595323        29.983422312302274     
   6.1524950527902504        29.990526276918988     
   6.1531233713209685        29.955012062649867     
   6.1537516898516866        29.876930137159416     
   6.1543800083824047        29.756391459091166     
   6.1550083269131228        29.593567320524564     
   6.1556366454438409        29.388689103448449     
   6.1562649639745590        29.142047951042443     
   6.1568932825052762        28.853994353923081     
   6.1575216010359943        28.524937651969921     
   6.1581499195667124        28.155345452740359     
   6.1587782380974305        27.745742966974522     
   6.1594065566281477        27.296712262259138     
   6.1600348751588667        26.808891435795474     
   6.1606631936895848        26.282973707610541     
   6.1612915122203020        25.719706435633437     
   6.1619198307510201        25.119890053478489     
   6.1625481492817382        24.484376932989161     
   6.1631764678124563        23.814070173140060     
   6.1638047863431744        23.109922316498221     
   6.1644331048738916        22.372933995696084     
   6.1650614234046097        21.604152511482035     
   6.1656897419353278        20.804670344377854     
   6.1663180604660459        19.975623602292966     
   6.1669463789967640        19.118190406041609     
   6.1675746975274821        18.233589215112946     
   6.1682030160582002        17.323077096161516     
   6.1688313345889174        16.387947936771248     
   6.1694596531196355        15.429530606635092     
   6.1700879716503536        14.449187069219409     
   6.1707162901810717        13.448310446337615     
   6.1713446087117889        12.428323038434407     
   6.1719729272425070        11.390674303447438     
   6.1726012457732260        10.336838796972309     
   6.1732295643039441        9.2683140769268437     
   6.1738578828346613        8.1866185754495504     
   6.1744862013653794        7.0932894410265881     
   6.1751145198960975        5.9898803541573979     
   6.1757428384268156        4.8779593195430806     
   6.1763711569575328        3.7591064378230894     
   6.1769994754882509        2.6349116601629965     
   6.1776277940189690        1.5069725288526767     
   6.1782561125496871       0.37689190712029325     
   6.1788844310804052      -0.75372429863722634     
   6.1795127496111233       -1.8832694209235510     
   6.1801410681418414       -3.0101383143091618     
   6.1807693866725595       -4.1327296364375270     
   6.1813977052032767       -5.2494481236204473     
   6.1820260237339948       -6.3587068577775208     
   6.1826543422647129       -7.4589295215458913     
   6.1832826607954310       -8.5485526383131027     
   6.1839109793261482       -9.6260277940129200     
   6.1845392978568663       -10.689823837515846     
   6.1851676163875853       -11.738429056394880     
   6.1857959349183025       -12.770353325264599     
   6.1864242534490206       -13.784130223298046     
   6.1870525719797387       -14.778319118024051     
   6.1876808905104568       -15.751507212618543     
   6.1883092090411749       -16.702311553558506     
   6.1889375275718921       -17.629380995875206     
   6.1895658461026102       -18.531398123139244     
   6.1901941646333283       -19.407081119641319     
   6.1908224831640464       -20.255185591923819     
   6.1914508016947645       -21.074506337155775     
   6.1920791202254826       -21.863879055726152     
   6.1927074387562007       -22.622182005759790     
   6.1933357572869179       -23.348337597321255     
   6.1939640758176360       -24.041313923580919     
   6.1945923943483541       -24.700126227206479     
   6.1952207128790722       -25.323838299919963     
   6.1958490314097903       -25.911563812718011     
   6.1964773499405075       -26.462467575488695     
   6.1971056684712256       -26.975766723880078     
   6.1977339870019446       -27.450731831592787     
   6.1983623055326618       -27.886687947321835     
   6.1989906240633799       -28.283015553613478     
   6.1996189425940980       -28.639151447148539     
   6.2002472611248161       -28.954589539354501     
   6.2008755796555333       -29.228881575485868     
   6.2015038981862514       -29.461637771528029     
   6.2021322167169695       -29.652527368191329     
   6.2027605352476876       -29.801279100912748     
   6.2033888537784048       -29.907681585363690     
   6.2040171723091238       -29.971583617768665     
   6.2046454908398418       -29.992894389775284     
   6.2052738093705599       -29.971583617700905     
   6.2059021279012772       -29.907681585341116     
   6.2065304464319953       -29.801279100935364     
   6.2071587649627133       -29.652527368213814     
   6.2077870834934314       -29.461637771528469     
   6.2084154020241487       -29.228881575485822     
   6.2090437205548668       -28.954589539354899     
   6.2096720390855848       -28.639151447127070     
   6.2103003576163029       -28.283015553613915     
   6.2109286761470210       -27.886687947363935     
   6.2115569946777391       -27.450731831613858     
   6.2121853132084572       -26.975766723839438     
   6.2128136317391753       -26.462467575469102     
   6.2134419502698925       -25.911563812718786     
   6.2140702688006106       -25.323838299939531     
   6.2146985873313287       -24.700126227225518     
   6.2153269058620468       -24.041313923563184     
   6.2159552243927640       -23.348337597304067     
   6.2165835429234821       -22.622182005777372     
   6.2172118614542011       -21.863879055727278     
   6.2178401799849183       -21.074506337155690     
   6.2184684985156364       -20.255185591939753     
   6.2190968170463545       -19.407081119627271     
   6.2197251355770726       -18.531398123125804     
   6.2203534541077907       -17.629380995876456     
   6.2209817726385079       -16.702311553571661     
   6.2216100911692260       -15.751507212631045     
   6.2222384096999441       -14.778319118024017     
   6.2228667282306622       -13.784130223288388     
   6.2234950467613803       -12.770353325264519     
   6.2241233652920984       -11.738429056396388     
   6.2247516838228165       -10.689823837508419     
   6.2253800023535337       -9.6260277940208336     
   6.2260083208842518       -8.5485526383146784     
   6.2266366394149699       -7.4589295215411209     
   6.2272649579456880       -6.3587068577792349     
   6.2278932764764061       -5.2494481236219261     
   6.2285215950071233       -4.1327296364412875     
   6.2291499135378414       -3.0101383143137030     
   6.2297782320685604       -1.8832694209228860     
   6.2304065505992776      -0.75372429863607193     
   6.2310348691299957       0.37689190711860338     
   6.2316631876607138        1.5069725288530220     
   6.2322915061914319        2.6349116601613431     
   6.2329198247221491        3.7591064378232963     
   6.2335481432528672        4.8779593195415423     
   6.2341764617835853        5.9898803541522190     
   6.2348047803143034        7.0932894410187837     
   6.2354330988450206        8.1866185754618748     
   6.2360614173757396        9.2683140769471031     
   6.2366897359064577        10.336838796956819     
   6.2373180544371758        11.390674303421006     
   6.2379463729678930        12.428323038432916     
   6.2385746914986111        13.448310446345600     
   6.2392030100293292        14.449187069229707     
   6.2398313285600473        15.429530606633573     
   6.2404596470907645        16.387947936758227     
   6.2410879656214826        17.323077096160247     
   6.2417162841522007        18.233589215111653     
   6.2423446026829188        19.118190406055483     
   6.2429729212136369        19.975623602307479     
   6.2436012397443550        20.804670344377946     
   6.2442295582750731        21.604152511465095     
   6.2448578768057912        22.372933995678569     
   6.2454861953365084        23.109922316497290     
   6.2461145138672265        23.814070173157621     
   6.2467428323979446        24.484376933007166     
   6.2473711509286627        25.119890053439814     
   6.2479994694593799        25.719706435633455     
   6.2486277879900989        26.282973707649369     
   6.2492561065208170        26.808891435775063     
   6.2498844250515342        27.296712262259138     
   6.2505127435822523        27.745742966994975     
   6.2511410621129704        28.155345452718844     
   6.2517693806436885        28.524937651948321     
   6.2523976991744066        28.853994353922683     
   6.2530260177051238        29.142047951064040     
   6.2536543362358419        29.388689103470405     
   6.2542826547665600        29.593567320502167     
   6.2549109732972781        29.756391459068638     
   6.2555392918279962        29.876930137159455     
   6.2561676103587143        29.955012062672484     
   6.2567959288894324        29.990526276918899     
   6.2574242474201496        29.983422312302189     
   6.2580525659508677        29.933710263922162     
   6.2586808844815858        29.841460775319700     
   6.2593092030123039        29.706804938088510     
   6.2599375215430220        29.529934105474162     
   6.2605658400737392        29.311099620696741     
   6.2611941586044582        29.050612459467814     
   6.2618224771351763        28.748842788275095     
   6.2624507956658935        28.406219438442722     
   6.2630791141966116        28.023229296432987     
   6.2637074327273297        27.600416612173404     
   6.2643357512580478        27.138382225625232     
   6.2649640697887650        26.637782712974619     
   6.2655923883194831        26.099329453501767     
   6.2662207068502012        25.523787618750109     
   6.2668490253809193        24.911975085179677     
   6.2674773439116374        24.264761271839642     
   6.2681056624423555        23.583065904993092     
   6.2687339809730735        22.867857711041399     
   6.2693622995037916        22.120153039981226     
   6.2699906180345089        21.341014421095725     
   6.2706189365652270        20.531549052961552     
   6.2712472550959451        19.692907230144034     
   6.2718755736266631        18.826280708566554     
   6.2725038921573804        17.932901011951841     
   6.2731322106880985        17.014037681770720     
   6.2737605292188174        16.070996473029947     
   6.2743888477495346        15.105117498901672     
   6.2750171662802527        14.117773326297655     
   6.2756454848109708        13.110367025267601     
   6.2762738033416889        12.084330175320503     
   6.2769021218724070        11.041120830955778     
   6.2775304404031242        9.9822214497315152     
   6.2781587589338423        8.9091367856192658     
   6.2787870774645604        7.8233917506288178     
   6.2794153959952785        6.7265292478697631     
   6.2800437145259966        5.6201079789867574     
   6.2806720330567147        4.5057002291442751     
   6.2813003515874328        3.3848896327226496     
   6.2819286701181500        2.2592689229181913     
   6.2825569886488681        1.1304376683517210     
